event,repetition,event_median_balanced_norm_W1
GW230601_224134,0,0.026702016708891427
GW230601_224134,1,0.033478914391609146
GW230601_224134,2,0.029493808903055307
GW230601_224134,3,0.03250638495154566
GW230601_224134,4,0.03299422163678357
GW230601_224134,5,0.023984102381734984
GW230601_224134,6,0.03167634719650296
GW230601_224134,7,0.02510106641552424
GW230601_224134,8,0.029206312649848385
GW230601_224134,9,0.031793324415762436
GW230601_224134,10,0.02568691413767757
GW230601_224134,11,0.026607449418752645
GW230601_224134,12,0.03423211677063615
GW230601_224134,13,0.025684568046363616
GW230601_224134,14,0.02986276895369205
GW230601_224134,15,0.03018285683177797
GW230601_224134,16,0.030163104803616166
GW230601_224134,17,0.027536132954185395
GW230601_224134,18,0.0261696049092128
GW230601_224134,19,0.03082553787496384
GW230601_224134,20,0.027430094122885718
GW230601_224134,21,0.0331237551789397
GW230601_224134,22,0.030336183376702894
GW230601_224134,23,0.03213275625509031
GW230601_224134,24,0.02643985270248627
GW230601_224134,25,0.020540202793820583
GW230601_224134,26,0.032198920991668344
GW230601_224134,27,0.02952450257983607
GW230601_224134,28,0.028796673654390332
GW230601_224134,29,0.026948617415041575
GW230601_224134,30,0.03241773718505892
GW230601_224134,31,0.02382624784116379
GW230601_224134,32,0.031133024604003433
GW230601_224134,33,0.03497572122253259
GW230601_224134,34,0.03265045732387002
GW230601_224134,35,0.032439809667625774
GW230601_224134,36,0.03265069944235666
GW230601_224134,37,0.03001620240576942
GW230601_224134,38,0.023254276581401345
GW230601_224134,39,0.01952657866448703
GW230601_224134,40,0.028379407299687843
GW230601_224134,41,0.024331398060925217
GW230601_224134,42,0.02458532394755216
GW230601_224134,43,0.02885508172028241
GW230601_224134,44,0.03018269785427493
GW230601_224134,45,0.027998628741884576
GW230601_224134,46,0.026540339309006178
GW230601_224134,47,0.02925319900582197
GW230601_224134,48,0.02924712215418613
GW230601_224134,49,0.026957463457681224
GW230601_224134,50,0.030210779314942402
GW230601_224134,51,0.02699055587450412
GW230601_224134,52,0.032035058412214594
GW230601_224134,53,0.037055606603968574
GW230601_224134,54,0.02832981561097451
GW230601_224134,55,0.026014810444293043
GW230601_224134,56,0.029642711074162137
GW230601_224134,57,0.030589322034351822
GW230601_224134,58,0.024020795582647702
GW230601_224134,59,0.027538982658689145
GW230601_224134,60,0.02773347042841878
GW230601_224134,61,0.03218371075598861
GW230601_224134,62,0.03290384041989224
GW230601_224134,63,0.032990425927198405
GW230601_224134,64,0.03196873670045622
GW230601_224134,65,0.02932083520308173
GW230601_224134,66,0.02510672832496604
GW230601_224134,67,0.024118023119907267
GW230601_224134,68,0.03049540014088191
GW230601_224134,69,0.02651266155917505
GW230601_224134,70,0.03361196418784577
GW230601_224134,71,0.03123756361055965
GW230601_224134,72,0.02540411998656517
GW230601_224134,73,0.032893041147287645
GW230601_224134,74,0.029709813744129017
GW230601_224134,75,0.02564909866760934
GW230601_224134,76,0.028095676094149688
GW230601_224134,77,0.028763055222110076
GW230601_224134,78,0.03349727718530608
GW230601_224134,79,0.030590563488945535
GW230606_004305,0,0.045171007846727354
GW230606_004305,1,0.05899529107573663
GW230606_004305,2,0.03829049205308022
GW230606_004305,3,0.042748572736578686
GW230606_004305,4,0.04620349051687041
GW230606_004305,5,0.05194034873379161
GW230606_004305,6,0.036940838400100304
GW230606_004305,7,0.04547820599314217
GW230606_004305,8,0.05074120568450712
GW230606_004305,9,0.02839741045723943
GW230606_004305,10,0.04521566647910838
GW230606_004305,11,0.04424589992722991
GW230606_004305,12,0.05230620679146514
GW230606_004305,13,0.04074250482620937
GW230606_004305,14,0.03632410564838945
GW230606_004305,15,0.05012104913508131
GW230606_004305,16,0.04550006890184988
GW230606_004305,17,0.031830839550820084
GW230606_004305,18,0.04901699420158543
GW230606_004305,19,0.04510046766789093
GW230606_004305,20,0.039104864906893466
GW230606_004305,21,0.03522374593567019
GW230606_004305,22,0.03938533066981961
GW230606_004305,23,0.03958476230345124
GW230606_004305,24,0.039502898680151076
GW230606_004305,25,0.033996642736021015
GW230606_004305,26,0.03988384837144693
GW230606_004305,27,0.04540040475645993
GW230606_004305,28,0.04817160293528836
GW230606_004305,29,0.04900134407360325
GW230606_004305,30,0.039369814194723345
GW230606_004305,31,0.03477125219706952
GW230606_004305,32,0.04483002187641094
GW230606_004305,33,0.041172063195613576
GW230606_004305,34,0.03705462931803018
GW230606_004305,35,0.04224081994069355
GW230606_004305,36,0.053284100545633234
GW230606_004305,37,0.03959618601499123
GW230606_004305,38,0.04330794881811311
GW230606_004305,39,0.040630699363764684
GW230606_004305,40,0.050968183807126616
GW230606_004305,41,0.038765490248020264
GW230606_004305,42,0.03863484812486905
GW230606_004305,43,0.05122442986535101
GW230606_004305,44,0.044874637577440264
GW230606_004305,45,0.04477865021667038
GW230606_004305,46,0.04085663987493295
GW230606_004305,47,0.04728519222289646
GW230606_004305,48,0.03699368065985512
GW230606_004305,49,0.04349774891323966
GW230606_004305,50,0.04054407777238127
GW230606_004305,51,0.04604537203073493
GW230606_004305,52,0.04485257806272032
GW230606_004305,53,0.03926519391941393
GW230606_004305,54,0.04867946149622868
GW230606_004305,55,0.04096627468874803
GW230606_004305,56,0.040820448254628924
GW230606_004305,57,0.04400926266820239
GW230606_004305,58,0.04592459727845701
GW230606_004305,59,0.03929211580889265
GW230606_004305,60,0.04360083721617942
GW230606_004305,61,0.0406086588675864
GW230606_004305,62,0.03387976048733676
GW230606_004305,63,0.040591299382931254
GW230606_004305,64,0.039663792626652525
GW230606_004305,65,0.04578017933679792
GW230606_004305,66,0.04528503025394741
GW230606_004305,67,0.04903476266727748
GW230606_004305,68,0.04696304643933051
GW230606_004305,69,0.04201039746545294
GW230606_004305,70,0.05005985793588724
GW230606_004305,71,0.04160378415277377
GW230606_004305,72,0.03534884971876272
GW230606_004305,73,0.04962524296355788
GW230606_004305,74,0.03267895644390635
GW230606_004305,75,0.04229211105973613
GW230606_004305,76,0.05046755818925006
GW230606_004305,77,0.05315448126929391
GW230606_004305,78,0.03989516203666153
GW230606_004305,79,0.036553645931082186
GW230608_205047,0,0.038775305669403536
GW230608_205047,1,0.03297371785089643
GW230608_205047,2,0.03451204680754409
GW230608_205047,3,0.02655647854251626
GW230608_205047,4,0.03859925390954126
GW230608_205047,5,0.028808904311896394
GW230608_205047,6,0.025657790949700728
GW230608_205047,7,0.03217637231016202
GW230608_205047,8,0.023295089619388865
GW230608_205047,9,0.029686343874245468
GW230608_205047,10,0.030715019784441244
GW230608_205047,11,0.02424549947184056
GW230608_205047,12,0.034547448710396514
GW230608_205047,13,0.03658572164440275
GW230608_205047,14,0.03382717935077855
GW230608_205047,15,0.0280768320550196
GW230608_205047,16,0.02724645032180892
GW230608_205047,17,0.02400152831383535
GW230608_205047,18,0.028712053737262832
GW230608_205047,19,0.03621512215937234
GW230608_205047,20,0.04257272287136675
GW230608_205047,21,0.023806682099062376
GW230608_205047,22,0.038760239288329966
GW230608_205047,23,0.030898303962494635
GW230608_205047,24,0.0310743608560105
GW230608_205047,25,0.034091312287186044
GW230608_205047,26,0.03053093361014614
GW230608_205047,27,0.035673015052988644
GW230608_205047,28,0.033757812318604793
GW230608_205047,29,0.02975428700916857
GW230608_205047,30,0.023814648859710335
GW230608_205047,31,0.02999150119082273
GW230608_205047,32,0.028611768666783534
GW230608_205047,33,0.03259943824012947
GW230608_205047,34,0.03460059200959893
GW230608_205047,35,0.029893058289868706
GW230608_205047,36,0.024513770415072536
GW230608_205047,37,0.039709277055281156
GW230608_205047,38,0.025973301623958236
GW230608_205047,39,0.03266049022767798
GW230608_205047,40,0.030593511623906968
GW230608_205047,41,0.033309212441457584
GW230608_205047,42,0.02550647191901205
GW230608_205047,43,0.025676271769448582
GW230608_205047,44,0.037778737603373
GW230608_205047,45,0.032361249042597316
GW230608_205047,46,0.025983370082755437
GW230608_205047,47,0.02860224886647337
GW230608_205047,48,0.03862679569101897
GW230608_205047,49,0.030049483887476316
GW230608_205047,50,0.03552863165722536
GW230608_205047,51,0.025882888039521768
GW230608_205047,52,0.03140918235703319
GW230608_205047,53,0.02381591983963187
GW230608_205047,54,0.03153165736242705
GW230608_205047,55,0.02813004435685212
GW230608_205047,56,0.03619909676431792
GW230608_205047,57,0.025530672626620926
GW230608_205047,58,0.043083404620331105
GW230608_205047,59,0.03446737636006895
GW230608_205047,60,0.026905949368771245
GW230608_205047,61,0.025450403988422347
GW230608_205047,62,0.029732905978548066
GW230608_205047,63,0.03277697467593533
GW230608_205047,64,0.03497668511488406
GW230608_205047,65,0.03408539370843038
GW230608_205047,66,0.02686750743903583
GW230608_205047,67,0.03439200670620028
GW230608_205047,68,0.029167180186259287
GW230608_205047,69,0.034834277025303916
GW230608_205047,70,0.02138988414362287
GW230608_205047,71,0.018977364735100432
GW230608_205047,72,0.027802508885552888
GW230608_205047,73,0.03691513401615928
GW230608_205047,74,0.037710545522797706
GW230608_205047,75,0.032351268038744566
GW230608_205047,76,0.027351283335088787
GW230608_205047,77,0.029640008147100105
GW230608_205047,78,0.030160781569809857
GW230608_205047,79,0.025089901376430766
GW230609_064958,0,0.03465074948170266
GW230609_064958,1,0.03030312222447124
GW230609_064958,2,0.029136180624430467
GW230609_064958,3,0.032159413421815775
GW230609_064958,4,0.02840276578822862
GW230609_064958,5,0.026652150352007922
GW230609_064958,6,0.044651492002923426
GW230609_064958,7,0.03179470855564253
GW230609_064958,8,0.02325400742986904
GW230609_064958,9,0.02918900306504872
GW230609_064958,10,0.03123827407878076
GW230609_064958,11,0.033608454795401435
GW230609_064958,12,0.029724678704001587
GW230609_064958,13,0.03582920262136227
GW230609_064958,14,0.02973800434652926
GW230609_064958,15,0.03402727024816317
GW230609_064958,16,0.02427942191273815
GW230609_064958,17,0.03747096127530574
GW230609_064958,18,0.03079842193730851
GW230609_064958,19,0.030706800415661494
GW230609_064958,20,0.03192924764377163
GW230609_064958,21,0.03209116356121918
GW230609_064958,22,0.02772926910367307
GW230609_064958,23,0.03158592333039929
GW230609_064958,24,0.032596440393757566
GW230609_064958,25,0.027515305830237483
GW230609_064958,26,0.028358485325482054
GW230609_064958,27,0.034665683267041635
GW230609_064958,28,0.035057175768052166
GW230609_064958,29,0.033213154213101434
GW230609_064958,30,0.03308551169928932
GW230609_064958,31,0.03023858073459372
GW230609_064958,32,0.029300098682334404
GW230609_064958,33,0.03920676156297909
GW230609_064958,34,0.028840795469152688
GW230609_064958,35,0.028080954793009826
GW230609_064958,36,0.03450519172320209
GW230609_064958,37,0.023753441175994778
GW230609_064958,38,0.023698275396175462
GW230609_064958,39,0.03561290162171379
GW230609_064958,40,0.030285834856027566
GW230609_064958,41,0.03399738110394726
GW230609_064958,42,0.028045681981462546
GW230609_064958,43,0.035099615348906425
GW230609_064958,44,0.029707011095222852
GW230609_064958,45,0.029742138237828637
GW230609_064958,46,0.025042282257268157
GW230609_064958,47,0.029615159191463413
GW230609_064958,48,0.028415837654091773
GW230609_064958,49,0.025049402599947923
GW230609_064958,50,0.03178731422223136
GW230609_064958,51,0.031407554606716744
GW230609_064958,52,0.035161859241595116
GW230609_064958,53,0.028868565389778642
GW230609_064958,54,0.029908981095729394
GW230609_064958,55,0.029042430212084035
GW230609_064958,56,0.03220508980739604
GW230609_064958,57,0.03720708573162568
GW230609_064958,58,0.024786072594157067
GW230609_064958,59,0.02581616471156088
GW230609_064958,60,0.02890090871546885
GW230609_064958,61,0.03301578801479433
GW230609_064958,62,0.029852376683326746
GW230609_064958,63,0.026525485046475512
GW230609_064958,64,0.02692188006785506
GW230609_064958,65,0.028578783886582245
GW230609_064958,66,0.022916639802086133
GW230609_064958,67,0.02331887853258846
GW230609_064958,68,0.0333777325616621
GW230609_064958,69,0.032925063376559656
GW230609_064958,70,0.02988780450115198
GW230609_064958,71,0.032353172684310885
GW230609_064958,72,0.028957369211580805
GW230609_064958,73,0.02304372732266263
GW230609_064958,74,0.029166144024814572
GW230609_064958,75,0.027537353457896332
GW230609_064958,76,0.03640033867213174
GW230609_064958,77,0.03241036635245014
GW230609_064958,78,0.028820739016937793
GW230609_064958,79,0.029778473185435146
GW230628_231200,0,0.11472437476529221
GW230628_231200,1,0.11030433809768743
GW230628_231200,2,0.12706917024599432
GW230628_231200,3,0.10513160095731755
GW230628_231200,4,0.13200510112997227
GW230628_231200,5,0.13605607737481326
GW230628_231200,6,0.10166557028953126
GW230628_231200,7,0.12800226913459306
GW230628_231200,8,0.11051627924406632
GW230628_231200,9,0.13107972307823826
GW230628_231200,10,0.1210971080142905
GW230628_231200,11,0.12055159130483979
GW230628_231200,12,0.12995743542512556
GW230628_231200,13,0.12769146953836025
GW230628_231200,14,0.11224834799100263
GW230628_231200,15,0.11944092872793083
GW230628_231200,16,0.10671132142172643
GW230628_231200,17,0.11628748653658605
GW230628_231200,18,0.12443512183560185
GW230628_231200,19,0.12047903800996844
GW230628_231200,20,0.1219243305673343
GW230628_231200,21,0.11834174335712132
GW230628_231200,22,0.12948815631788405
GW230628_231200,23,0.12707312953424185
GW230628_231200,24,0.14009118692497932
GW230628_231200,25,0.12637450518643883
GW230628_231200,26,0.1278787003234
GW230628_231200,27,0.12106498459589488
GW230628_231200,28,0.1191507714794229
GW230628_231200,29,0.12058443195097057
GW230628_231200,30,0.1262649713745645
GW230628_231200,31,0.12486336202092631
GW230628_231200,32,0.1304756634740303
GW230628_231200,33,0.12814863654745123
GW230628_231200,34,0.13108841187435263
GW230628_231200,35,0.12937590568819934
GW230628_231200,36,0.11665195915007157
GW230628_231200,37,0.11389868991827351
GW230628_231200,38,0.1233356675320611
GW230628_231200,39,0.10618079911983352
GW230628_231200,40,0.12416985638540311
GW230628_231200,41,0.12936843651559687
GW230628_231200,42,0.12622407280228715
GW230628_231200,43,0.12093515420669715
GW230628_231200,44,0.11692248400937916
GW230628_231200,45,0.10801593818711622
GW230628_231200,46,0.10538336923265919
GW230628_231200,47,0.14151473464685077
GW230628_231200,48,0.12288753660252572
GW230628_231200,49,0.12214385781032658
GW230628_231200,50,0.13100843266600357
GW230628_231200,51,0.13430613078117476
GW230628_231200,52,0.11839802507480912
GW230628_231200,53,0.1120800837572163
GW230628_231200,54,0.1057499220316235
GW230628_231200,55,0.13925509437691772
GW230628_231200,56,0.11796998960441947
GW230628_231200,57,0.13278948949400748
GW230628_231200,58,0.11283202059518499
GW230628_231200,59,0.14057675437482306
GW230628_231200,60,0.12856245150313542
GW230628_231200,61,0.12284343779098678
GW230628_231200,62,0.13580263200321382
GW230628_231200,63,0.11701689952012372
GW230628_231200,64,0.11520441629507137
GW230628_231200,65,0.10703139536668212
GW230628_231200,66,0.11275273482202411
GW230628_231200,67,0.14162300411828893
GW230628_231200,68,0.11673105583172928
GW230628_231200,69,0.1300023757771669
GW230628_231200,70,0.1303652004315195
GW230628_231200,71,0.10899295842760882
GW230628_231200,72,0.1280860858206016
GW230628_231200,73,0.13134261501765918
GW230628_231200,74,0.1202213281863231
GW230628_231200,75,0.13430586562960425
GW230628_231200,76,0.14439636441209483
GW230628_231200,77,0.1245228311816033
GW230628_231200,78,0.09970590757399034
GW230628_231200,79,0.11592033341256835
GW230630_125806,0,0.09739522163363394
GW230630_125806,1,0.08231350859545794
GW230630_125806,2,0.08760807486075858
GW230630_125806,3,0.09615560143480589
GW230630_125806,4,0.09634740005747551
GW230630_125806,5,0.10418535571023636
GW230630_125806,6,0.10319357036937694
GW230630_125806,7,0.08657318986412241
GW230630_125806,8,0.09805869534392583
GW230630_125806,9,0.09743149052225085
GW230630_125806,10,0.096157632950724
GW230630_125806,11,0.0874198464079419
GW230630_125806,12,0.08762174995183011
GW230630_125806,13,0.08805126508516772
GW230630_125806,14,0.08484060873679929
GW230630_125806,15,0.09024803829937136
GW230630_125806,16,0.10526313651539056
GW230630_125806,17,0.0961795144182277
GW230630_125806,18,0.10537746659688191
GW230630_125806,19,0.09841978797459257
GW230630_125806,20,0.09113854634481873
GW230630_125806,21,0.08017227459750612
GW230630_125806,22,0.09753187438068495
GW230630_125806,23,0.1008795687426785
GW230630_125806,24,0.09886180344761172
GW230630_125806,25,0.08951047602821559
GW230630_125806,26,0.10895862467713766
GW230630_125806,27,0.09159597826783987
GW230630_125806,28,0.08770996519303087
GW230630_125806,29,0.0946785367195987
GW230630_125806,30,0.09441216185004285
GW230630_125806,31,0.09618822332531339
GW230630_125806,32,0.09388935977716609
GW230630_125806,33,0.09092181949221483
GW230630_125806,34,0.10044276246483279
GW230630_125806,35,0.09846933460697764
GW230630_125806,36,0.09459417578227418
GW230630_125806,37,0.09636038689538186
GW230630_125806,38,0.10527452508887986
GW230630_125806,39,0.09639201350932321
GW230630_125806,40,0.08570000266448308
GW230630_125806,41,0.09389565287851087
GW230630_125806,42,0.10374563078807825
GW230630_125806,43,0.08394663790498622
GW230630_125806,44,0.10126204512236953
GW230630_125806,45,0.08642214364171079
GW230630_125806,46,0.10363245216693
GW230630_125806,47,0.09448490695020376
GW230630_125806,48,0.09135401041036718
GW230630_125806,49,0.08741941213713621
GW230630_125806,50,0.08404011525448252
GW230630_125806,51,0.092652118359802
GW230630_125806,52,0.09214730223912417
GW230630_125806,53,0.10800949546024584
GW230630_125806,54,0.09626468878141835
GW230630_125806,55,0.10050562810911344
GW230630_125806,56,0.09904038753538283
GW230630_125806,57,0.10050199745413241
GW230630_125806,58,0.09122490618950392
GW230630_125806,59,0.10278684038331153
GW230630_125806,60,0.09607854727759273
GW230630_125806,61,0.09094314391240553
GW230630_125806,62,0.08722561197042293
GW230630_125806,63,0.0960707229804936
GW230630_125806,64,0.0993174880061592
GW230630_125806,65,0.0977676943281787
GW230630_125806,66,0.09988548059919602
GW230630_125806,67,0.09661770566223812
GW230630_125806,68,0.09452441147131346
GW230630_125806,69,0.11484249671667078
GW230630_125806,70,0.0939096778188393
GW230630_125806,71,0.09470660560820181
GW230630_125806,72,0.09586872974819487
GW230630_125806,73,0.10577649462761411
GW230630_125806,74,0.09707293429307831
GW230630_125806,75,0.09149300667658944
GW230630_125806,76,0.09195843080529337
GW230630_125806,77,0.10280381011154058
GW230630_125806,78,0.09832811717737731
GW230630_125806,79,0.0952011851783053
GW230702_185453,0,0.10203755157423379
GW230702_185453,1,0.09812228456442486
GW230702_185453,2,0.09904880216718932
GW230702_185453,3,0.09478989887707917
GW230702_185453,4,0.10815253349568846
GW230702_185453,5,0.1030215237894189
GW230702_185453,6,0.09773003368265243
GW230702_185453,7,0.11405576579171223
GW230702_185453,8,0.10405869566322264
GW230702_185453,9,0.10252682224644963
GW230702_185453,10,0.11151850112442666
GW230702_185453,11,0.09786208755753191
GW230702_185453,12,0.10229791004272613
GW230702_185453,13,0.10311764438858939
GW230702_185453,14,0.09331049597298544
GW230702_185453,15,0.10198141632956881
GW230702_185453,16,0.09721635058285998
GW230702_185453,17,0.09288608704031627
GW230702_185453,18,0.08515977086184665
GW230702_185453,19,0.08462166475205768
GW230702_185453,20,0.11515932744429674
GW230702_185453,21,0.0979527790827657
GW230702_185453,22,0.10779712703883987
GW230702_185453,23,0.09290153977919863
GW230702_185453,24,0.10858528930947148
GW230702_185453,25,0.10956271222411748
GW230702_185453,26,0.10480594847949783
GW230702_185453,27,0.11289590535858461
GW230702_185453,28,0.10621452052666351
GW230702_185453,29,0.08426550463282112
GW230702_185453,30,0.10133248410243464
GW230702_185453,31,0.10646148123252352
GW230702_185453,32,0.11199044479375957
GW230702_185453,33,0.09769512629774675
GW230702_185453,34,0.09925750593500828
GW230702_185453,35,0.1063674133305391
GW230702_185453,36,0.1231351615644389
GW230702_185453,37,0.1170122320531608
GW230702_185453,38,0.09029202027953827
GW230702_185453,39,0.10484442627781489
GW230702_185453,40,0.09557044024861305
GW230702_185453,41,0.0847131867160615
GW230702_185453,42,0.08622596212752699
GW230702_185453,43,0.10669555380602812
GW230702_185453,44,0.11053818683391776
GW230702_185453,45,0.09484416661873205
GW230702_185453,46,0.10956532617396504
GW230702_185453,47,0.0830790593989931
GW230702_185453,48,0.08621684695694945
GW230702_185453,49,0.09967769486500032
GW230702_185453,50,0.08895102596275756
GW230702_185453,51,0.1017564646783521
GW230702_185453,52,0.10255975269210835
GW230702_185453,53,0.10152720814017663
GW230702_185453,54,0.10017671339424679
GW230702_185453,55,0.10018287024964281
GW230702_185453,56,0.10665711792300686
GW230702_185453,57,0.10101050278194484
GW230702_185453,58,0.10908111449423281
GW230702_185453,59,0.10643833037962701
GW230702_185453,60,0.10885250322288312
GW230702_185453,61,0.10589367699309636
GW230702_185453,62,0.09937278943482576
GW230702_185453,63,0.10826736948668876
GW230702_185453,64,0.10377699497762463
GW230702_185453,65,0.08832109435183398
GW230702_185453,66,0.1159840654763286
GW230702_185453,67,0.10125473029549566
GW230702_185453,68,0.1031978287937308
GW230702_185453,69,0.0958331163589428
GW230702_185453,70,0.11447737198255736
GW230702_185453,71,0.09509128473411643
GW230702_185453,72,0.09646694970140257
GW230702_185453,73,0.11334975899775623
GW230702_185453,74,0.1177327195933031
GW230702_185453,75,0.11078021288088596
GW230702_185453,76,0.09724823919272019
GW230702_185453,77,0.0987165063267937
GW230702_185453,78,0.09754065554827589
GW230702_185453,79,0.09899782409482907
GW230704_021211,0,0.03659367466459122
GW230704_021211,1,0.03293038954050133
GW230704_021211,2,0.038193185942999995
GW230704_021211,3,0.03214487074861842
GW230704_021211,4,0.029451849658630104
GW230704_021211,5,0.03821968068060395
GW230704_021211,6,0.03896979349498448
GW230704_021211,7,0.03299406279703753
GW230704_021211,8,0.031568435477370996
GW230704_021211,9,0.03133455496011978
GW230704_021211,10,0.040136063639461136
GW230704_021211,11,0.03251486795430866
GW230704_021211,12,0.026311050430777118
GW230704_021211,13,0.03384132133629113
GW230704_021211,14,0.02425071061079697
GW230704_021211,15,0.02748504000312596
GW230704_021211,16,0.028581040408354026
GW230704_021211,17,0.03246296486973608
GW230704_021211,18,0.023122762093709538
GW230704_021211,19,0.03195142174821116
GW230704_021211,20,0.027771349584625203
GW230704_021211,21,0.022740212925915337
GW230704_021211,22,0.028691918830402428
GW230704_021211,23,0.02607068318785023
GW230704_021211,24,0.022061404789733598
GW230704_021211,25,0.03889153268376256
GW230704_021211,26,0.03356310786436501
GW230704_021211,27,0.03882049449607747
GW230704_021211,28,0.039351014924783434
GW230704_021211,29,0.027831752735345643
GW230704_021211,30,0.02694702268441845
GW230704_021211,31,0.02888535876224616
GW230704_021211,32,0.03170913604091409
GW230704_021211,33,0.03645215541982888
GW230704_021211,34,0.03469745205126206
GW230704_021211,35,0.03808163524391305
GW230704_021211,36,0.02806851504511838
GW230704_021211,37,0.027324482624861774
GW230704_021211,38,0.031495150855324554
GW230704_021211,39,0.02686336897315824
GW230704_021211,40,0.03033401809541958
GW230704_021211,41,0.02783599724791123
GW230704_021211,42,0.027711368777305498
GW230704_021211,43,0.0272022009777005
GW230704_021211,44,0.03452824519306229
GW230704_021211,45,0.036039486561393365
GW230704_021211,46,0.026596462629835758
GW230704_021211,47,0.023664570714928525
GW230704_021211,48,0.03605453368183437
GW230704_021211,49,0.03443374409822804
GW230704_021211,50,0.027963749984990398
GW230704_021211,51,0.03224203648613394
GW230704_021211,52,0.025160187784194387
GW230704_021211,53,0.028106643219791488
GW230704_021211,54,0.03208002228542309
GW230704_021211,55,0.03468951336746981
GW230704_021211,56,0.032201376155889555
GW230704_021211,57,0.030947008170049074
GW230704_021211,58,0.025776950610205428
GW230704_021211,59,0.022850948607462937
GW230704_021211,60,0.025128756653212136
GW230704_021211,61,0.03997585131820934
GW230704_021211,62,0.025698495107699774
GW230704_021211,63,0.02657064653234988
GW230704_021211,64,0.030761233125841142
GW230704_021211,65,0.027881350896610563
GW230704_021211,66,0.03403783503175407
GW230704_021211,67,0.02958307867778765
GW230704_021211,68,0.025004455253836846
GW230704_021211,69,0.0321791763363403
GW230704_021211,70,0.03269385721645105
GW230704_021211,71,0.035947625347117575
GW230704_021211,72,0.025421334632953863
GW230704_021211,73,0.03094473615609333
GW230704_021211,74,0.033833587536482336
GW230704_021211,75,0.029671379621041164
GW230704_021211,76,0.027993444759141756
GW230704_021211,77,0.025748377175438663
GW230704_021211,78,0.027125490825635035
GW230704_021211,79,0.03410003482542242
GW230707_124047,0,0.0814831168856603
GW230707_124047,1,0.07945951953825896
GW230707_124047,2,0.09604772335179715
GW230707_124047,3,0.07513852865334278
GW230707_124047,4,0.07766010058604374
GW230707_124047,5,0.07648573128999783
GW230707_124047,6,0.07274248122272078
GW230707_124047,7,0.07469709946423048
GW230707_124047,8,0.07920845265329869
GW230707_124047,9,0.07795058278232757
GW230707_124047,10,0.07364800680990956
GW230707_124047,11,0.07107398471459746
GW230707_124047,12,0.07482310200742719
GW230707_124047,13,0.08547383885398087
GW230707_124047,14,0.08647708805692404
GW230707_124047,15,0.08351420039585652
GW230707_124047,16,0.0748068710561945
GW230707_124047,17,0.08388831102026784
GW230707_124047,18,0.09050905597817963
GW230707_124047,19,0.07271232196665771
GW230707_124047,20,0.07472737452443186
GW230707_124047,21,0.07200806716065776
GW230707_124047,22,0.07552695473641431
GW230707_124047,23,0.08534848065341748
GW230707_124047,24,0.07847067251610361
GW230707_124047,25,0.07917614588856717
GW230707_124047,26,0.06922297160049903
GW230707_124047,27,0.07935505289852103
GW230707_124047,28,0.08176908239026168
GW230707_124047,29,0.07557523083371397
GW230707_124047,30,0.0741755826265032
GW230707_124047,31,0.08565918749877849
GW230707_124047,32,0.0769496431921619
GW230707_124047,33,0.07301799566932413
GW230707_124047,34,0.08371381858490802
GW230707_124047,35,0.08770083888523868
GW230707_124047,36,0.07966820035975054
GW230707_124047,37,0.0826949897579978
GW230707_124047,38,0.07594453585591084
GW230707_124047,39,0.06837016107856224
GW230707_124047,40,0.08001833192137049
GW230707_124047,41,0.07691743954981384
GW230707_124047,42,0.06780543027582328
GW230707_124047,43,0.08183406491715087
GW230707_124047,44,0.0698109284646154
GW230707_124047,45,0.06837813035477959
GW230707_124047,46,0.07065960383771483
GW230707_124047,47,0.0769172693473529
GW230707_124047,48,0.07891531694166168
GW230707_124047,49,0.07456296438979317
GW230707_124047,50,0.07968068385503266
GW230707_124047,51,0.0621805239410266
GW230707_124047,52,0.06990418577123199
GW230707_124047,53,0.09241826125130545
GW230707_124047,54,0.08289608025743407
GW230707_124047,55,0.08051162913678996
GW230707_124047,56,0.0861177547103769
GW230707_124047,57,0.07371077719904168
GW230707_124047,58,0.07695119657201507
GW230707_124047,59,0.07310801097226234
GW230707_124047,60,0.073437538749987
GW230707_124047,61,0.0807329450080104
GW230707_124047,62,0.07550629107367776
GW230707_124047,63,0.08019075355067924
GW230707_124047,64,0.07570894202747237
GW230707_124047,65,0.08344466357903124
GW230707_124047,66,0.07895383040954719
GW230707_124047,67,0.07402770098337426
GW230707_124047,68,0.0763426873906935
GW230707_124047,69,0.07142022215434544
GW230707_124047,70,0.06886278076530979
GW230707_124047,71,0.07563395317399603
GW230707_124047,72,0.09064426814835765
GW230707_124047,73,0.07389391498413168
GW230707_124047,74,0.07772343333484273
GW230707_124047,75,0.08285745235191845
GW230707_124047,76,0.08249101589669351
GW230707_124047,77,0.0848246734758065
GW230707_124047,78,0.0792027293219252
GW230707_124047,79,0.07626651025281905
GW230708_053705,0,0.06646438896981675
GW230708_053705,1,0.07238272645583269
GW230708_053705,2,0.06923558992856697
GW230708_053705,3,0.0586831578986687
GW230708_053705,4,0.053259402656199134
GW230708_053705,5,0.06968665038984707
GW230708_053705,6,0.06300137093576944
GW230708_053705,7,0.0659126292879882
GW230708_053705,8,0.06661500718171284
GW230708_053705,9,0.07677978935974841
GW230708_053705,10,0.07992886775751612
GW230708_053705,11,0.06431017291490389
GW230708_053705,12,0.07290282010480774
GW230708_053705,13,0.0718051863471275
GW230708_053705,14,0.06502309408590252
GW230708_053705,15,0.07573406012815014
GW230708_053705,16,0.060049587279951064
GW230708_053705,17,0.07121917127675331
GW230708_053705,18,0.07522061317439664
GW230708_053705,19,0.09249074212058045
GW230708_053705,20,0.08633232278924304
GW230708_053705,21,0.07248429301986505
GW230708_053705,22,0.07101386699721449
GW230708_053705,23,0.06641447044599323
GW230708_053705,24,0.07177890481351605
GW230708_053705,25,0.05834789166641516
GW230708_053705,26,0.07118847686857409
GW230708_053705,27,0.04625796454023392
GW230708_053705,28,0.07599832271120976
GW230708_053705,29,0.058958923981819254
GW230708_053705,30,0.07888201245672381
GW230708_053705,31,0.0638940398973597
GW230708_053705,32,0.06472744261027161
GW230708_053705,33,0.07451428518309318
GW230708_053705,34,0.06757622297922855
GW230708_053705,35,0.07055934146850573
GW230708_053705,36,0.07415842950444211
GW230708_053705,37,0.06721045843468769
GW230708_053705,38,0.06927601199748278
GW230708_053705,39,0.06413700368238673
GW230708_053705,40,0.0707410945361091
GW230708_053705,41,0.07724477101700367
GW230708_053705,42,0.07155870741342403
GW230708_053705,43,0.054025579498287485
GW230708_053705,44,0.06492809491495978
GW230708_053705,45,0.0724805334921371
GW230708_053705,46,0.07544580912150041
GW230708_053705,47,0.08007376853182918
GW230708_053705,48,0.07447817896104557
GW230708_053705,49,0.06909172349390752
GW230708_053705,50,0.07146757781841212
GW230708_053705,51,0.0745885437361386
GW230708_053705,52,0.07054873330717676
GW230708_053705,53,0.06267426196241933
GW230708_053705,54,0.0740400427844523
GW230708_053705,55,0.0654383028825087
GW230708_053705,56,0.06806308971003386
GW230708_053705,57,0.06347443881333442
GW230708_053705,58,0.06633071011568695
GW230708_053705,59,0.0823510725207709
GW230708_053705,60,0.08201213067814943
GW230708_053705,61,0.06691811971709107
GW230708_053705,62,0.07976743038021536
GW230708_053705,63,0.0642594634652125
GW230708_053705,64,0.07469999140628641
GW230708_053705,65,0.06746717884272276
GW230708_053705,66,0.05838273949036866
GW230708_053705,67,0.06529717173242647
GW230708_053705,68,0.0719649525217852
GW230708_053705,69,0.06829478576518709
GW230708_053705,70,0.07693331411827943
GW230708_053705,71,0.07209132602996624
GW230708_053705,72,0.05643309543669803
GW230708_053705,73,0.06526675766722825
GW230708_053705,74,0.06461823054414687
GW230708_053705,75,0.07855798325321692
GW230708_053705,76,0.06706754392988405
GW230708_053705,77,0.07651715488227998
GW230708_053705,78,0.07677738893103227
GW230708_053705,79,0.07215784203126369
GW230708_230935,0,0.08564522932425198
GW230708_230935,1,0.0780390542097071
GW230708_230935,2,0.060000386508658375
GW230708_230935,3,0.07799722549097249
GW230708_230935,4,0.07642156157047147
GW230708_230935,5,0.06013016207329407
GW230708_230935,6,0.05560720092523084
GW230708_230935,7,0.06153515077992838
GW230708_230935,8,0.07381531340241165
GW230708_230935,9,0.07682711119603645
GW230708_230935,10,0.08486490024476843
GW230708_230935,11,0.08012624385737104
GW230708_230935,12,0.07271872570083251
GW230708_230935,13,0.05986934391314177
GW230708_230935,14,0.06907663698404597
GW230708_230935,15,0.07230743595027463
GW230708_230935,16,0.0698422372165916
GW230708_230935,17,0.07632092244015828
GW230708_230935,18,0.06678616105701063
GW230708_230935,19,0.07100312739099437
GW230708_230935,20,0.06195491427472681
GW230708_230935,21,0.07184297206822271
GW230708_230935,22,0.0651226182404006
GW230708_230935,23,0.06459167356755784
GW230708_230935,24,0.074280679259632
GW230708_230935,25,0.060598272421428435
GW230708_230935,26,0.06507316718789175
GW230708_230935,27,0.07088898718458553
GW230708_230935,28,0.06645291544561813
GW230708_230935,29,0.06651692880973152
GW230708_230935,30,0.06350392139107836
GW230708_230935,31,0.0695597085874529
GW230708_230935,32,0.06444608357074266
GW230708_230935,33,0.07636433421858235
GW230708_230935,34,0.0759344460660637
GW230708_230935,35,0.08069043941944908
GW230708_230935,36,0.06423091845627979
GW230708_230935,37,0.06763484429866472
GW230708_230935,38,0.06137265366625593
GW230708_230935,39,0.0848052804406544
GW230708_230935,40,0.0753422905752589
GW230708_230935,41,0.06945041970702952
GW230708_230935,42,0.056045536904433715
GW230708_230935,43,0.06861947820293668
GW230708_230935,44,0.07918248139013184
GW230708_230935,45,0.06367206817317005
GW230708_230935,46,0.06699193498606512
GW230708_230935,47,0.07684931437955862
GW230708_230935,48,0.06938044937308002
GW230708_230935,49,0.0637052452819915
GW230708_230935,50,0.06940550650606989
GW230708_230935,51,0.07084088798311132
GW230708_230935,52,0.07422213300496952
GW230708_230935,53,0.06742499429908165
GW230708_230935,54,0.06209676078252947
GW230708_230935,55,0.070032669741461
GW230708_230935,56,0.0718351881065214
GW230708_230935,57,0.06377125054665099
GW230708_230935,58,0.05768111895642423
GW230708_230935,59,0.057841144811199875
GW230708_230935,60,0.06332231633370564
GW230708_230935,61,0.06543687372618869
GW230708_230935,62,0.0791061764465022
GW230708_230935,63,0.06636942448757936
GW230708_230935,64,0.07482392493435897
GW230708_230935,65,0.07026035204678452
GW230708_230935,66,0.06897536217231083
GW230708_230935,67,0.07296080893938103
GW230708_230935,68,0.06966931291193647
GW230708_230935,69,0.0618814648737016
GW230708_230935,70,0.07440812827584622
GW230708_230935,71,0.06074044422201048
GW230708_230935,72,0.07476062508708696
GW230708_230935,73,0.07121993741003259
GW230708_230935,74,0.06952296110376471
GW230708_230935,75,0.07066286009360719
GW230708_230935,76,0.0812983648406675
GW230708_230935,77,0.06973234586880717
GW230708_230935,78,0.07578920304418675
GW230708_230935,79,0.07042532425063466
GW230709_122727,0,0.04105808675098016
GW230709_122727,1,0.04164713985136373
GW230709_122727,2,0.04209546899908047
GW230709_122727,3,0.0435997743309372
GW230709_122727,4,0.039032120205290094
GW230709_122727,5,0.03678435779264074
GW230709_122727,6,0.0402671400605492
GW230709_122727,7,0.044317977355116445
GW230709_122727,8,0.03788448263276563
GW230709_122727,9,0.0456458651225238
GW230709_122727,10,0.038737226264704036
GW230709_122727,11,0.04154957917384963
GW230709_122727,12,0.043320581838012434
GW230709_122727,13,0.04075361761920606
GW230709_122727,14,0.049810400975972585
GW230709_122727,15,0.04054323356559221
GW230709_122727,16,0.032252968517091786
GW230709_122727,17,0.04148783469598767
GW230709_122727,18,0.03454751560135024
GW230709_122727,19,0.03411701473614781
GW230709_122727,20,0.033881649578594894
GW230709_122727,21,0.033076099975215247
GW230709_122727,22,0.04180584785247898
GW230709_122727,23,0.04203972029499106
GW230709_122727,24,0.051582838619385826
GW230709_122727,25,0.03545575381632521
GW230709_122727,26,0.036097010520504624
GW230709_122727,27,0.04863164725938875
GW230709_122727,28,0.04090323529422599
GW230709_122727,29,0.03706496628226809
GW230709_122727,30,0.044985119544442856
GW230709_122727,31,0.03446819382870321
GW230709_122727,32,0.03596264832145788
GW230709_122727,33,0.04935577272889176
GW230709_122727,34,0.05209299092699085
GW230709_122727,35,0.047335102696533043
GW230709_122727,36,0.04196153914655158
GW230709_122727,37,0.03856337409974075
GW230709_122727,38,0.03921470086840743
GW230709_122727,39,0.045627257095951064
GW230709_122727,40,0.03353180805234064
GW230709_122727,41,0.04141839502224928
GW230709_122727,42,0.03913739279753548
GW230709_122727,43,0.042426435571342846
GW230709_122727,44,0.04176843042189277
GW230709_122727,45,0.03623584354158525
GW230709_122727,46,0.037037506155928754
GW230709_122727,47,0.040243430091196485
GW230709_122727,48,0.04555236476905845
GW230709_122727,49,0.03516472926515555
GW230709_122727,50,0.03530263334694676
GW230709_122727,51,0.03781369507596659
GW230709_122727,52,0.032416242603218536
GW230709_122727,53,0.04577380543466316
GW230709_122727,54,0.04090825208695732
GW230709_122727,55,0.04760887927465578
GW230709_122727,56,0.038850010137060006
GW230709_122727,57,0.04403826485436508
GW230709_122727,58,0.05553322918234127
GW230709_122727,59,0.04396913536885859
GW230709_122727,60,0.03935448165019587
GW230709_122727,61,0.03300424912430815
GW230709_122727,62,0.039608176823840054
GW230709_122727,63,0.0321438620861037
GW230709_122727,64,0.042710777211627006
GW230709_122727,65,0.031141599309909517
GW230709_122727,66,0.03697691501929077
GW230709_122727,67,0.03969045082970685
GW230709_122727,68,0.039814408135612836
GW230709_122727,69,0.03923165370507337
GW230709_122727,70,0.034084339302092356
GW230709_122727,71,0.03578294868236279
GW230709_122727,72,0.03990785843444243
GW230709_122727,73,0.0318904967358994
GW230709_122727,74,0.02457907349754462
GW230709_122727,75,0.0357391474083881
GW230709_122727,76,0.04130007101698508
GW230709_122727,77,0.041796873721171274
GW230709_122727,78,0.037228862450101714
GW230709_122727,79,0.04236657679740879
GW230726_002940,0,0.04346146930740586
GW230726_002940,1,0.053621707891642424
GW230726_002940,2,0.03562325748336321
GW230726_002940,3,0.033153487953860174
GW230726_002940,4,0.04909464579752015
GW230726_002940,5,0.040075259543928654
GW230726_002940,6,0.04780209016655418
GW230726_002940,7,0.030626740939434145
GW230726_002940,8,0.03959856663728379
GW230726_002940,9,0.03489986738043443
GW230726_002940,10,0.036445698304315044
GW230726_002940,11,0.03551217907033991
GW230726_002940,12,0.04189002322055449
GW230726_002940,13,0.03740910925062583
GW230726_002940,14,0.03618513197174772
GW230726_002940,15,0.03457662740884186
GW230726_002940,16,0.046649509009454034
GW230726_002940,17,0.03064289702328418
GW230726_002940,18,0.048985611805925026
GW230726_002940,19,0.03449468418341432
GW230726_002940,20,0.03493935860984319
GW230726_002940,21,0.031090789162520255
GW230726_002940,22,0.03395015031918835
GW230726_002940,23,0.03814085299635809
GW230726_002940,24,0.036713042863647245
GW230726_002940,25,0.036365703304878344
GW230726_002940,26,0.04224816514459242
GW230726_002940,27,0.03376073378268646
GW230726_002940,28,0.03810626631953223
GW230726_002940,29,0.036980142223841994
GW230726_002940,30,0.03290623338226533
GW230726_002940,31,0.03427088519746664
GW230726_002940,32,0.03629815185828646
GW230726_002940,33,0.03456896218003352
GW230726_002940,34,0.03376370596097239
GW230726_002940,35,0.03275476089499455
GW230726_002940,36,0.03350994848544202
GW230726_002940,37,0.0425804066554443
GW230726_002940,38,0.032697201625446475
GW230726_002940,39,0.03309128953384986
GW230726_002940,40,0.03276123393385319
GW230726_002940,41,0.03782522398911344
GW230726_002940,42,0.03301636810885621
GW230726_002940,43,0.03370889934968378
GW230726_002940,44,0.04703090939294061
GW230726_002940,45,0.03972336099902381
GW230726_002940,46,0.035267790056609336
GW230726_002940,47,0.03957919362164484
GW230726_002940,48,0.03116394432305419
GW230726_002940,49,0.03685588977794861
GW230726_002940,50,0.032031435331000016
GW230726_002940,51,0.02714367448702153
GW230726_002940,52,0.034990503968751696
GW230726_002940,53,0.04624317639527194
GW230726_002940,54,0.042296933960626754
GW230726_002940,55,0.03701449158380882
GW230726_002940,56,0.03735255378608022
GW230726_002940,57,0.035749588939204144
GW230726_002940,58,0.039766215308785685
GW230726_002940,59,0.02879808560431008
GW230726_002940,60,0.04025593776812976
GW230726_002940,61,0.025917081543296125
GW230726_002940,62,0.04064461567331579
GW230726_002940,63,0.035656429866551896
GW230726_002940,64,0.032253965308192314
GW230726_002940,65,0.0322082682585265
GW230726_002940,66,0.0345760616340526
GW230726_002940,67,0.029609617882375247
GW230726_002940,68,0.041057602784857684
GW230726_002940,69,0.03385888417316363
GW230726_002940,70,0.039963532535713525
GW230726_002940,71,0.03308210626827832
GW230726_002940,72,0.038296087485627725
GW230726_002940,73,0.03840607964522342
GW230726_002940,74,0.04670812295007831
GW230726_002940,75,0.035164813065590966
GW230726_002940,76,0.04614327248070016
GW230726_002940,77,0.04248975521483103
GW230726_002940,78,0.038355385903175714
GW230726_002940,79,0.028527473704451838
GW230805_034249,0,0.0960948586736129
GW230805_034249,1,0.10034144248073909
GW230805_034249,2,0.10115915549041656
GW230805_034249,3,0.09926578737694743
GW230805_034249,4,0.11028185732994182
GW230805_034249,5,0.0752586517401798
GW230805_034249,6,0.09369143577351097
GW230805_034249,7,0.08405756135287501
GW230805_034249,8,0.09570441664851283
GW230805_034249,9,0.09863731049014511
GW230805_034249,10,0.07966413798258322
GW230805_034249,11,0.11664668987280823
GW230805_034249,12,0.09634533088077823
GW230805_034249,13,0.11261794158584143
GW230805_034249,14,0.10832550238607801
GW230805_034249,15,0.09576696081698348
GW230805_034249,16,0.08738001169909548
GW230805_034249,17,0.0872741923599168
GW230805_034249,18,0.10255263898972314
GW230805_034249,19,0.09763286187197957
GW230805_034249,20,0.1033434258807281
GW230805_034249,21,0.10336802368049045
GW230805_034249,22,0.10086650912621278
GW230805_034249,23,0.1120950645055466
GW230805_034249,24,0.08704057323972408
GW230805_034249,25,0.0937004947896563
GW230805_034249,26,0.10155878383717837
GW230805_034249,27,0.10893749050874738
GW230805_034249,28,0.09821483287205947
GW230805_034249,29,0.10743153196418176
GW230805_034249,30,0.10130017410111271
GW230805_034249,31,0.11766697487136736
GW230805_034249,32,0.09762237301971319
GW230805_034249,33,0.09775265108209419
GW230805_034249,34,0.08989144565684924
GW230805_034249,35,0.09519538893917237
GW230805_034249,36,0.08155240199062314
GW230805_034249,37,0.08241388851140087
GW230805_034249,38,0.09542897858382236
GW230805_034249,39,0.11348068295369437
GW230805_034249,40,0.0851117783857904
GW230805_034249,41,0.100095868391491
GW230805_034249,42,0.09795770092441762
GW230805_034249,43,0.08773223056712426
GW230805_034249,44,0.08519804109620381
GW230805_034249,45,0.09393047419149277
GW230805_034249,46,0.08483515955341006
GW230805_034249,47,0.10552936787682861
GW230805_034249,48,0.08937618566689456
GW230805_034249,49,0.10196008544720236
GW230805_034249,50,0.10110696657713049
GW230805_034249,51,0.08743914524003897
GW230805_034249,52,0.09470336415142538
GW230805_034249,53,0.11388047133979168
GW230805_034249,54,0.08989116479086545
GW230805_034249,55,0.10349708235296276
GW230805_034249,56,0.1036183385356091
GW230805_034249,57,0.08875322663648902
GW230805_034249,58,0.08852538369308093
GW230805_034249,59,0.10141399918460517
GW230805_034249,60,0.09742430644805407
GW230805_034249,61,0.09459374397622781
GW230805_034249,62,0.09270939704296229
GW230805_034249,63,0.1103308004135161
GW230805_034249,64,0.11019477712891658
GW230805_034249,65,0.0895865796634473
GW230805_034249,66,0.09859177286378393
GW230805_034249,67,0.10961478322260651
GW230805_034249,68,0.06478649648745417
GW230805_034249,69,0.1030968734265196
GW230805_034249,70,0.09023201845968659
GW230805_034249,71,0.09841195916039311
GW230805_034249,72,0.09030421204534075
GW230805_034249,73,0.10212809486106572
GW230805_034249,74,0.10675985479924498
GW230805_034249,75,0.09003279051351469
GW230805_034249,76,0.08465889536007233
GW230805_034249,77,0.11128520381758605
GW230805_034249,78,0.11055699145330915
GW230805_034249,79,0.10548310119193037
GW230806_204041,0,0.0365789808371789
GW230806_204041,1,0.03335806848068608
GW230806_204041,2,0.027900383277613156
GW230806_204041,3,0.028652031126946264
GW230806_204041,4,0.034571500532658624
GW230806_204041,5,0.03263340221637784
GW230806_204041,6,0.03136679098398136
GW230806_204041,7,0.028378749580480325
GW230806_204041,8,0.04005186377209435
GW230806_204041,9,0.03912158744588067
GW230806_204041,10,0.03193395327784332
GW230806_204041,11,0.035916597639429906
GW230806_204041,12,0.028707569468939223
GW230806_204041,13,0.03489779382854562
GW230806_204041,14,0.03408038709706063
GW230806_204041,15,0.03117884223735484
GW230806_204041,16,0.033640262861799615
GW230806_204041,17,0.026157524549850427
GW230806_204041,18,0.03192077874103086
GW230806_204041,19,0.02976690255580195
GW230806_204041,20,0.028966261382834757
GW230806_204041,21,0.026914154107903338
GW230806_204041,22,0.03445649789053123
GW230806_204041,23,0.03841235720152819
GW230806_204041,24,0.029735346963110067
GW230806_204041,25,0.030346029215949494
GW230806_204041,26,0.02753194774941874
GW230806_204041,27,0.036826680731399615
GW230806_204041,28,0.03630678489898334
GW230806_204041,29,0.03559740012955025
GW230806_204041,30,0.035616168460827546
GW230806_204041,31,0.03860937446044013
GW230806_204041,32,0.025397638577179072
GW230806_204041,33,0.035393248639089256
GW230806_204041,34,0.04226308513278445
GW230806_204041,35,0.03214191569402748
GW230806_204041,36,0.031052745612028438
GW230806_204041,37,0.04121573354289966
GW230806_204041,38,0.029055679676987408
GW230806_204041,39,0.025341465687500044
GW230806_204041,40,0.04125517188255201
GW230806_204041,41,0.03535738717998584
GW230806_204041,42,0.02923594232503579
GW230806_204041,43,0.03219238834447592
GW230806_204041,44,0.03065628387969928
GW230806_204041,45,0.032589911853178576
GW230806_204041,46,0.04059258224667208
GW230806_204041,47,0.03355919128882159
GW230806_204041,48,0.03746604412512196
GW230806_204041,49,0.03440582134184003
GW230806_204041,50,0.036615704196081476
GW230806_204041,51,0.040329163824142235
GW230806_204041,52,0.03563049050652115
GW230806_204041,53,0.03455097470230027
GW230806_204041,54,0.030984246008832896
GW230806_204041,55,0.03244840028039863
GW230806_204041,56,0.04447670819866435
GW230806_204041,57,0.030790321106589087
GW230806_204041,58,0.03769085953859879
GW230806_204041,59,0.03573119643517375
GW230806_204041,60,0.03376415168186602
GW230806_204041,61,0.02872341380726592
GW230806_204041,62,0.03406386176863334
GW230806_204041,63,0.03655306359216054
GW230806_204041,64,0.033127040137880696
GW230806_204041,65,0.03078662624643085
GW230806_204041,66,0.027605012345845566
GW230806_204041,67,0.034838103318810425
GW230806_204041,68,0.029899698969923418
GW230806_204041,69,0.03963736080479138
GW230806_204041,70,0.03170071111205628
GW230806_204041,71,0.031541099604559066
GW230806_204041,72,0.03336701005745397
GW230806_204041,73,0.03033466082492078
GW230806_204041,74,0.04030766467261718
GW230806_204041,75,0.03075599554648158
GW230806_204041,76,0.02706716686455873
GW230806_204041,77,0.02900619471699772
GW230806_204041,78,0.028576478204245404
GW230806_204041,79,0.03628736133588406
GW230811_032116,0,0.05585186943254358
GW230811_032116,1,0.05854833673776318
GW230811_032116,2,0.038084076351261174
GW230811_032116,3,0.04667865002828585
GW230811_032116,4,0.04592591939352325
GW230811_032116,5,0.04978350780734455
GW230811_032116,6,0.048938690511432084
GW230811_032116,7,0.04368051233057382
GW230811_032116,8,0.03964901009480955
GW230811_032116,9,0.048492665992864725
GW230811_032116,10,0.04344404925540661
GW230811_032116,11,0.04470445063215883
GW230811_032116,12,0.053478576849700254
GW230811_032116,13,0.04834595065680725
GW230811_032116,14,0.047579602418041246
GW230811_032116,15,0.04488590668902184
GW230811_032116,16,0.054550946731410206
GW230811_032116,17,0.055080371942109345
GW230811_032116,18,0.05050143138494403
GW230811_032116,19,0.05266875360641868
GW230811_032116,20,0.043110911893663444
GW230811_032116,21,0.052659335136995285
GW230811_032116,22,0.049775835349060014
GW230811_032116,23,0.05007358971584997
GW230811_032116,24,0.03914093505330405
GW230811_032116,25,0.05258046675476814
GW230811_032116,26,0.04271479101082568
GW230811_032116,27,0.04327319072485374
GW230811_032116,28,0.0481190691124753
GW230811_032116,29,0.04633618879028633
GW230811_032116,30,0.04915821436641187
GW230811_032116,31,0.046739551243864294
GW230811_032116,32,0.03562625173461102
GW230811_032116,33,0.04176524574599507
GW230811_032116,34,0.048498026767229016
GW230811_032116,35,0.05294373376402267
GW230811_032116,36,0.04548931233536376
GW230811_032116,37,0.041884344822099816
GW230811_032116,38,0.0442863048947385
GW230811_032116,39,0.04628018753868845
GW230811_032116,40,0.042921273874204455
GW230811_032116,41,0.04408103308214455
GW230811_032116,42,0.05258845132868032
GW230811_032116,43,0.03630427319380309
GW230811_032116,44,0.03762695570214428
GW230811_032116,45,0.0487969835537443
GW230811_032116,46,0.041419834417812426
GW230811_032116,47,0.05181799311282009
GW230811_032116,48,0.04292782474609091
GW230811_032116,49,0.054102692436596656
GW230811_032116,50,0.05339243417619163
GW230811_032116,51,0.04685014719606816
GW230811_032116,52,0.04580791450399632
GW230811_032116,53,0.044836165630704715
GW230811_032116,54,0.039583428160099125
GW230811_032116,55,0.047213626539413904
GW230811_032116,56,0.044938331565334916
GW230811_032116,57,0.04447404411270473
GW230811_032116,58,0.045995343658610556
GW230811_032116,59,0.052785978094487554
GW230811_032116,60,0.04163226223563896
GW230811_032116,61,0.05181017582570943
GW230811_032116,62,0.038339467968292754
GW230811_032116,63,0.04584463286640517
GW230811_032116,64,0.04544436332879403
GW230811_032116,65,0.04341667250591207
GW230811_032116,66,0.054011643878667005
GW230811_032116,67,0.04939181093269702
GW230811_032116,68,0.046425075356990426
GW230811_032116,69,0.044225527504782404
GW230811_032116,70,0.057594707838609385
GW230811_032116,71,0.045779229017638944
GW230811_032116,72,0.043274698794316564
GW230811_032116,73,0.04458127218006917
GW230811_032116,74,0.041919724619038076
GW230811_032116,75,0.04003872513359534
GW230811_032116,76,0.04546733143810649
GW230811_032116,77,0.05202770791321332
GW230811_032116,78,0.0517373375578449
GW230811_032116,79,0.044094444200153717
GW230814_061920,0,0.09213057780605703
GW230814_061920,1,0.0935020256508137
GW230814_061920,2,0.08020139476834938
GW230814_061920,3,0.09633627812453972
GW230814_061920,4,0.10466714716846054
GW230814_061920,5,0.0984857786129692
GW230814_061920,6,0.09244553629756974
GW230814_061920,7,0.09468453160104794
GW230814_061920,8,0.09756943873034755
GW230814_061920,9,0.08227803846091561
GW230814_061920,10,0.08515370498770554
GW230814_061920,11,0.09075257992621007
GW230814_061920,12,0.09228414126106976
GW230814_061920,13,0.07889063746063374
GW230814_061920,14,0.077048590996892
GW230814_061920,15,0.09420446195629342
GW230814_061920,16,0.08169686405309216
GW230814_061920,17,0.08034251835624942
GW230814_061920,18,0.08846957322180977
GW230814_061920,19,0.09236132825534077
GW230814_061920,20,0.10054871212168168
GW230814_061920,21,0.08182841646384986
GW230814_061920,22,0.10456784845261388
GW230814_061920,23,0.08859708711416507
GW230814_061920,24,0.08611443095947696
GW230814_061920,25,0.08530526431477409
GW230814_061920,26,0.08127531997214851
GW230814_061920,27,0.08455650469043437
GW230814_061920,28,0.09480832624259043
GW230814_061920,29,0.09006414985538581
GW230814_061920,30,0.07998980726422818
GW230814_061920,31,0.08554623300161328
GW230814_061920,32,0.08586195713864653
GW230814_061920,33,0.08316685371041664
GW230814_061920,34,0.1050532016121748
GW230814_061920,35,0.0899005662084519
GW230814_061920,36,0.09535962456559931
GW230814_061920,37,0.08454902967874134
GW230814_061920,38,0.0835755995677112
GW230814_061920,39,0.09494330702190136
GW230814_061920,40,0.07905044707330075
GW230814_061920,41,0.08645402061732796
GW230814_061920,42,0.09170938134724468
GW230814_061920,43,0.08861124777063914
GW230814_061920,44,0.08274953096062937
GW230814_061920,45,0.0737267524377263
GW230814_061920,46,0.08064582895546558
GW230814_061920,47,0.08497338287076871
GW230814_061920,48,0.08411422204023607
GW230814_061920,49,0.08215328350517274
GW230814_061920,50,0.09641159750996493
GW230814_061920,51,0.09663966572186093
GW230814_061920,52,0.08963302547992402
GW230814_061920,53,0.08450375423457451
GW230814_061920,54,0.08870384043713676
GW230814_061920,55,0.09653653569494725
GW230814_061920,56,0.08322398121513751
GW230814_061920,57,0.07785540836495265
GW230814_061920,58,0.08154524579600167
GW230814_061920,59,0.09368555496562844
GW230814_061920,60,0.08668769153875253
GW230814_061920,61,0.08214701432685957
GW230814_061920,62,0.10237217135339619
GW230814_061920,63,0.06808786510434209
GW230814_061920,64,0.0796078809915021
GW230814_061920,65,0.0809463099699559
GW230814_061920,66,0.07858278502052617
GW230814_061920,67,0.08969738625432974
GW230814_061920,68,0.09672087062727362
GW230814_061920,69,0.10203833429004788
GW230814_061920,70,0.08017768689485617
GW230814_061920,71,0.07980021243729321
GW230814_061920,72,0.09077295191903273
GW230814_061920,73,0.07973037580601819
GW230814_061920,74,0.08647427446413299
GW230814_061920,75,0.08602522945000483
GW230814_061920,76,0.10618129459567915
GW230814_061920,77,0.09492498380825944
GW230814_061920,78,0.09309667645367266
GW230814_061920,79,0.08129367830784184
GW230814_230901,0,0.12821928017412187
GW230814_230901,1,0.12601597723631247
GW230814_230901,2,0.11858343279357626
GW230814_230901,3,0.10445408461854702
GW230814_230901,4,0.12389171614178536
GW230814_230901,5,0.1214329302471792
GW230814_230901,6,0.12253585125912649
GW230814_230901,7,0.12513712149467285
GW230814_230901,8,0.11406873778542105
GW230814_230901,9,0.09847623950626824
GW230814_230901,10,0.10528878042635101
GW230814_230901,11,0.11681957865598969
GW230814_230901,12,0.12375101840420234
GW230814_230901,13,0.12011742257041864
GW230814_230901,14,0.10022826670273617
GW230814_230901,15,0.10752142486066119
GW230814_230901,16,0.0966668945840359
GW230814_230901,17,0.12373311897020225
GW230814_230901,18,0.10455794206788735
GW230814_230901,19,0.1307961116765321
GW230814_230901,20,0.11534972018013633
GW230814_230901,21,0.11744120397103312
GW230814_230901,22,0.11597090997109741
GW230814_230901,23,0.11647382101170939
GW230814_230901,24,0.11074230488399132
GW230814_230901,25,0.10701135578149257
GW230814_230901,26,0.11007536220505336
GW230814_230901,27,0.13933968331596647
GW230814_230901,28,0.1247366634463175
GW230814_230901,29,0.11013656050493069
GW230814_230901,30,0.10261936179466839
GW230814_230901,31,0.09582644272544072
GW230814_230901,32,0.13768990665441763
GW230814_230901,33,0.11609875557783483
GW230814_230901,34,0.126555431175873
GW230814_230901,35,0.12912594365033778
GW230814_230901,36,0.11558464963143478
GW230814_230901,37,0.12371036646134312
GW230814_230901,38,0.1069190258324441
GW230814_230901,39,0.11708647112332256
GW230814_230901,40,0.12435571281795141
GW230814_230901,41,0.10432275321948532
GW230814_230901,42,0.13081101163866465
GW230814_230901,43,0.1425313323241264
GW230814_230901,44,0.12227970960657587
GW230814_230901,45,0.0990205409013573
GW230814_230901,46,0.127096895225521
GW230814_230901,47,0.1206814640628756
GW230814_230901,48,0.09203032114463304
GW230814_230901,49,0.11510103233252131
GW230814_230901,50,0.13013656925009331
GW230814_230901,51,0.10757526514092745
GW230814_230901,52,0.12333187929139398
GW230814_230901,53,0.140845225837425
GW230814_230901,54,0.12324032770080251
GW230814_230901,55,0.12612910144669118
GW230814_230901,56,0.10016269891927358
GW230814_230901,57,0.13982538722789786
GW230814_230901,58,0.10798140617166835
GW230814_230901,59,0.11991777170922296
GW230814_230901,60,0.11130323057580431
GW230814_230901,61,0.13413094854998592
GW230814_230901,62,0.12461345486987828
GW230814_230901,63,0.11073325755100069
GW230814_230901,64,0.10727404086612637
GW230814_230901,65,0.11860821432349755
GW230814_230901,66,0.1009188881112508
GW230814_230901,67,0.11096871930196124
GW230814_230901,68,0.11290616910584086
GW230814_230901,69,0.09567658034843145
GW230814_230901,70,0.09867861664997167
GW230814_230901,71,0.11302231117935928
GW230814_230901,72,0.12246946341047092
GW230814_230901,73,0.11981781934132635
GW230814_230901,74,0.09830334547774146
GW230814_230901,75,0.1232975883852992
GW230814_230901,76,0.10969866723504938
GW230814_230901,77,0.1177624511441745
GW230814_230901,78,0.11809272280395594
GW230814_230901,79,0.1310312681133575
GW230824_033047,0,0.02961045172033396
GW230824_033047,1,0.03201638445997779
GW230824_033047,2,0.03632707633726823
GW230824_033047,3,0.03327051682205097
GW230824_033047,4,0.03228438127945178
GW230824_033047,5,0.03685083713908517
GW230824_033047,6,0.03169281463454742
GW230824_033047,7,0.03609457484286187
GW230824_033047,8,0.03390252896482783
GW230824_033047,9,0.03843127934198027
GW230824_033047,10,0.03590064433361141
GW230824_033047,11,0.037078640487526925
GW230824_033047,12,0.03770546236088353
GW230824_033047,13,0.03674752335856111
GW230824_033047,14,0.03408967858778539
GW230824_033047,15,0.030073339191871228
GW230824_033047,16,0.033798167856761985
GW230824_033047,17,0.036373449499295184
GW230824_033047,18,0.03867271609239903
GW230824_033047,19,0.03304655034095745
GW230824_033047,20,0.034538147303404765
GW230824_033047,21,0.040661831891368044
GW230824_033047,22,0.032193830921669005
GW230824_033047,23,0.037901445956735225
GW230824_033047,24,0.03262353444215869
GW230824_033047,25,0.04135062587273305
GW230824_033047,26,0.03433832693419603
GW230824_033047,27,0.030770330551772283
GW230824_033047,28,0.030038106984202763
GW230824_033047,29,0.03695469317194883
GW230824_033047,30,0.04145950577567313
GW230824_033047,31,0.04518472802698
GW230824_033047,32,0.03328863499465463
GW230824_033047,33,0.03702060145160911
GW230824_033047,34,0.02995556097491543
GW230824_033047,35,0.031263169101970315
GW230824_033047,36,0.02902782232065296
GW230824_033047,37,0.03231194341446004
GW230824_033047,38,0.032637773417394995
GW230824_033047,39,0.03904687112491285
GW230824_033047,40,0.03725736693593609
GW230824_033047,41,0.041991460925657205
GW230824_033047,42,0.03869319367836779
GW230824_033047,43,0.03318089884214881
GW230824_033047,44,0.0339214836578447
GW230824_033047,45,0.035189807240805754
GW230824_033047,46,0.03911063178050842
GW230824_033047,47,0.03257533769765227
GW230824_033047,48,0.03905002610891034
GW230824_033047,49,0.031315355839212876
GW230824_033047,50,0.037992958559305165
GW230824_033047,51,0.03112618818151052
GW230824_033047,52,0.04151214130860655
GW230824_033047,53,0.0468980634139984
GW230824_033047,54,0.030900467595205188
GW230824_033047,55,0.040234114211019315
GW230824_033047,56,0.025246174876825626
GW230824_033047,57,0.03367658206901108
GW230824_033047,58,0.028656210518782053
GW230824_033047,59,0.029357147851276053
GW230824_033047,60,0.03537404374753727
GW230824_033047,61,0.028018870804706785
GW230824_033047,62,0.03808108483026556
GW230824_033047,63,0.038159803456013
GW230824_033047,64,0.029577021805168593
GW230824_033047,65,0.028582766618198016
GW230824_033047,66,0.034384205410066294
GW230824_033047,67,0.03165227914404277
GW230824_033047,68,0.03736442013631043
GW230824_033047,69,0.027101387190637302
GW230824_033047,70,0.03243575679996526
GW230824_033047,71,0.029826891841488724
GW230824_033047,72,0.036864950482048485
GW230824_033047,73,0.025118454854609455
GW230824_033047,74,0.03390488665078117
GW230824_033047,75,0.03611752843481979
GW230824_033047,76,0.041967977262270154
GW230824_033047,77,0.043637457413628906
GW230824_033047,78,0.03579635046910341
GW230824_033047,79,0.041360121867766754
GW230825_041334,0,0.13825248784668262
GW230825_041334,1,0.13772833205485369
GW230825_041334,2,0.13346630781732136
GW230825_041334,3,0.11476639994398213
GW230825_041334,4,0.14861995700800348
GW230825_041334,5,0.1317538536658709
GW230825_041334,6,0.13176208313295945
GW230825_041334,7,0.12828326681898422
GW230825_041334,8,0.12587948200704482
GW230825_041334,9,0.14693346606554236
GW230825_041334,10,0.11981427102943487
GW230825_041334,11,0.1401568846513131
GW230825_041334,12,0.13395757409522954
GW230825_041334,13,0.1258320708574851
GW230825_041334,14,0.12845394826791523
GW230825_041334,15,0.14215135270456583
GW230825_041334,16,0.13817820194202676
GW230825_041334,17,0.14039058103202806
GW230825_041334,18,0.14068091779022113
GW230825_041334,19,0.12278144989326394
GW230825_041334,20,0.1267907142573514
GW230825_041334,21,0.11794892716423594
GW230825_041334,22,0.13882354502996927
GW230825_041334,23,0.13137981092240075
GW230825_041334,24,0.15383320045786136
GW230825_041334,25,0.12096210517665722
GW230825_041334,26,0.14999332863586648
GW230825_041334,27,0.11982400820436154
GW230825_041334,28,0.12824011255995388
GW230825_041334,29,0.1232528584920742
GW230825_041334,30,0.12815585568788362
GW230825_041334,31,0.12518344630211248
GW230825_041334,32,0.12247919160763183
GW230825_041334,33,0.12309279543698821
GW230825_041334,34,0.15318848394804485
GW230825_041334,35,0.13103456604111563
GW230825_041334,36,0.1325692921290375
GW230825_041334,37,0.1255452807263596
GW230825_041334,38,0.13337923854279107
GW230825_041334,39,0.14224992389188607
GW230825_041334,40,0.1331764728960612
GW230825_041334,41,0.11080541332803913
GW230825_041334,42,0.12980157844024814
GW230825_041334,43,0.13512160079691496
GW230825_041334,44,0.14486024487496557
GW230825_041334,45,0.14806964321297447
GW230825_041334,46,0.1404463475666206
GW230825_041334,47,0.1265785389415197
GW230825_041334,48,0.12395038880023385
GW230825_041334,49,0.13843331936202702
GW230825_041334,50,0.15338548943349395
GW230825_041334,51,0.14424349946781956
GW230825_041334,52,0.1410958684921005
GW230825_041334,53,0.13142670568754197
GW230825_041334,54,0.12448792215561726
GW230825_041334,55,0.13287007770756298
GW230825_041334,56,0.11422708002285195
GW230825_041334,57,0.12206697773663712
GW230825_041334,58,0.12650987086335916
GW230825_041334,59,0.1312259385674854
GW230825_041334,60,0.1307134264518439
GW230825_041334,61,0.12397189775863394
GW230825_041334,62,0.14122830761000715
GW230825_041334,63,0.12693655313421745
GW230825_041334,64,0.12735357955076534
GW230825_041334,65,0.12454127286987424
GW230825_041334,66,0.11514922128604442
GW230825_041334,67,0.14230768191407242
GW230825_041334,68,0.1352648322027123
GW230825_041334,69,0.14076671264684992
GW230825_041334,70,0.11164240837743894
GW230825_041334,71,0.12476387596410629
GW230825_041334,72,0.12042717997209353
GW230825_041334,73,0.13134393552848989
GW230825_041334,74,0.1232103376698696
GW230825_041334,75,0.12224438748750893
GW230825_041334,76,0.12281233508184705
GW230825_041334,77,0.14098530595900755
GW230825_041334,78,0.12026408550740107
GW230825_041334,79,0.1348230552509726
GW230914_111401,0,0.07386245256163261
GW230914_111401,1,0.07642867259590112
GW230914_111401,2,0.0908386063084478
GW230914_111401,3,0.07026681338500605
GW230914_111401,4,0.08978980390067554
GW230914_111401,5,0.07255390803845084
GW230914_111401,6,0.08343652617902124
GW230914_111401,7,0.08262186686403601
GW230914_111401,8,0.09375553601596445
GW230914_111401,9,0.0721587543878123
GW230914_111401,10,0.08200169907608815
GW230914_111401,11,0.07850903382903159
GW230914_111401,12,0.07869990252931139
GW230914_111401,13,0.07011808859469693
GW230914_111401,14,0.08738860432415231
GW230914_111401,15,0.08049226415065923
GW230914_111401,16,0.08327228362752237
GW230914_111401,17,0.07114072104826884
GW230914_111401,18,0.08025841924203907
GW230914_111401,19,0.07175458271479385
GW230914_111401,20,0.0783348064191252
GW230914_111401,21,0.08016557287097884
GW230914_111401,22,0.07603903277917917
GW230914_111401,23,0.07055936136185915
GW230914_111401,24,0.08578150232601989
GW230914_111401,25,0.08298147115907126
GW230914_111401,26,0.07228789232841226
GW230914_111401,27,0.07962187322987657
GW230914_111401,28,0.08084351963810753
GW230914_111401,29,0.08889035610266233
GW230914_111401,30,0.07714185201348564
GW230914_111401,31,0.0812870984757562
GW230914_111401,32,0.08067266804988533
GW230914_111401,33,0.08064958223505085
GW230914_111401,34,0.0703392226018578
GW230914_111401,35,0.08271467718379877
GW230914_111401,36,0.07541021047752205
GW230914_111401,37,0.07836526071584118
GW230914_111401,38,0.06577683675564759
GW230914_111401,39,0.07887864705206979
GW230914_111401,40,0.08125909743003329
GW230914_111401,41,0.07682844302456132
GW230914_111401,42,0.08468177741848398
GW230914_111401,43,0.09170886513571021
GW230914_111401,44,0.07267758666017604
GW230914_111401,45,0.07458842661234692
GW230914_111401,46,0.08365990097662263
GW230914_111401,47,0.08446162946739183
GW230914_111401,48,0.07577301815941619
GW230914_111401,49,0.08785199777706164
GW230914_111401,50,0.08247197423048584
GW230914_111401,51,0.07955554667176605
GW230914_111401,52,0.07413204670243072
GW230914_111401,53,0.07606887792461842
GW230914_111401,54,0.07857433930825874
GW230914_111401,55,0.07659002467776745
GW230914_111401,56,0.07197980180419458
GW230914_111401,57,0.07890410450857184
GW230914_111401,58,0.0732592793302742
GW230914_111401,59,0.08127651162011851
GW230914_111401,60,0.0839830759535649
GW230914_111401,61,0.07294346228231485
GW230914_111401,62,0.07853699666918602
GW230914_111401,63,0.07688711762963162
GW230914_111401,64,0.08162719969318422
GW230914_111401,65,0.07666169182807943
GW230914_111401,66,0.06168519282155166
GW230914_111401,67,0.08301957153303652
GW230914_111401,68,0.08260292303929717
GW230914_111401,69,0.07583810349211617
GW230914_111401,70,0.07107207671840134
GW230914_111401,71,0.08119989963105965
GW230914_111401,72,0.0906239410568748
GW230914_111401,73,0.08065894183644903
GW230914_111401,74,0.09041294686496826
GW230914_111401,75,0.07645020700196443
GW230914_111401,76,0.0652930838139596
GW230914_111401,77,0.08147531040863801
GW230914_111401,78,0.0776262210625861
GW230914_111401,79,0.08020291553452571
GW230920_071124,0,0.05645493007920876
GW230920_071124,1,0.05538471592644036
GW230920_071124,2,0.05281028551597628
GW230920_071124,3,0.06086206678434694
GW230920_071124,4,0.06015629881088005
GW230920_071124,5,0.05093561053647219
GW230920_071124,6,0.04622421361303933
GW230920_071124,7,0.05741461470617397
GW230920_071124,8,0.06284626889509688
GW230920_071124,9,0.0614739363652639
GW230920_071124,10,0.05341237230084774
GW230920_071124,11,0.06208914049284578
GW230920_071124,12,0.05887053661201863
GW230920_071124,13,0.06605509930920302
GW230920_071124,14,0.048428733660827075
GW230920_071124,15,0.06919595368178418
GW230920_071124,16,0.05452755864391434
GW230920_071124,17,0.062438359388093626
GW230920_071124,18,0.049750994704772705
GW230920_071124,19,0.06085434162756468
GW230920_071124,20,0.06152084473464511
GW230920_071124,21,0.054689566368366124
GW230920_071124,22,0.05189050037163288
GW230920_071124,23,0.05667870668915839
GW230920_071124,24,0.053575424361477594
GW230920_071124,25,0.04754832409531023
GW230920_071124,26,0.061263346517615495
GW230920_071124,27,0.0592288115388684
GW230920_071124,28,0.059945980564519365
GW230920_071124,29,0.05376976934984873
GW230920_071124,30,0.06186784431187318
GW230920_071124,31,0.06780486837567092
GW230920_071124,32,0.05587099434639758
GW230920_071124,33,0.056256488939913064
GW230920_071124,34,0.04937651526776252
GW230920_071124,35,0.049389464000872484
GW230920_071124,36,0.05565858896050379
GW230920_071124,37,0.058046361942449075
GW230920_071124,38,0.06255408684196265
GW230920_071124,39,0.06604663490997553
GW230920_071124,40,0.05180954053167659
GW230920_071124,41,0.05397156866756864
GW230920_071124,42,0.061515613735299735
GW230920_071124,43,0.05386309065129703
GW230920_071124,44,0.05892393516180361
GW230920_071124,45,0.046227183409568495
GW230920_071124,46,0.05280456406234499
GW230920_071124,47,0.058554285848044146
GW230920_071124,48,0.05962676987273017
GW230920_071124,49,0.06593026888867902
GW230920_071124,50,0.06136171275003655
GW230920_071124,51,0.05285504077704497
GW230920_071124,52,0.05437545905179898
GW230920_071124,53,0.05520060880986718
GW230920_071124,54,0.05699560006213733
GW230920_071124,55,0.049353426528174496
GW230920_071124,56,0.05740276459404288
GW230920_071124,57,0.052446204241269556
GW230920_071124,58,0.057449337566410186
GW230920_071124,59,0.05082827158819493
GW230920_071124,60,0.04917309072124582
GW230920_071124,61,0.06019739333408553
GW230920_071124,62,0.056620369854243235
GW230920_071124,63,0.05408079911886272
GW230920_071124,64,0.06170580053693538
GW230920_071124,65,0.061189929957833365
GW230920_071124,66,0.050517066869236606
GW230920_071124,67,0.05293846249496661
GW230920_071124,68,0.05363774615467922
GW230920_071124,69,0.06680288956288873
GW230920_071124,70,0.0542122310874687
GW230920_071124,71,0.060014885951705337
GW230920_071124,72,0.058299561778008206
GW230920_071124,73,0.05843529895024707
GW230920_071124,74,0.0527712852210784
GW230920_071124,75,0.05351102453571829
GW230920_071124,76,0.05639365812978437
GW230920_071124,77,0.05142046536343326
GW230920_071124,78,0.05095937111189461
GW230920_071124,79,0.053035659135021306
GW230922_020344,0,0.14943136784640532
GW230922_020344,1,0.13826186312782374
GW230922_020344,2,0.12685161368899533
GW230922_020344,3,0.14085243551628393
GW230922_020344,4,0.15257781376383123
GW230922_020344,5,0.1343805638111905
GW230922_020344,6,0.14303732904436037
GW230922_020344,7,0.11787532527254609
GW230922_020344,8,0.1264999586647006
GW230922_020344,9,0.13593763350044183
GW230922_020344,10,0.1307814470117738
GW230922_020344,11,0.1223083280670584
GW230922_020344,12,0.13879631190824357
GW230922_020344,13,0.13159609632359784
GW230922_020344,14,0.12896779469443378
GW230922_020344,15,0.14121852083546033
GW230922_020344,16,0.13260680395970817
GW230922_020344,17,0.1296409920377668
GW230922_020344,18,0.1354639436902897
GW230922_020344,19,0.12554397658375446
GW230922_020344,20,0.12447308878432697
GW230922_020344,21,0.13740708900721574
GW230922_020344,22,0.13569332510578128
GW230922_020344,23,0.1215557998211133
GW230922_020344,24,0.1364599381640511
GW230922_020344,25,0.14840887071293446
GW230922_020344,26,0.13531592848090937
GW230922_020344,27,0.12373957952203711
GW230922_020344,28,0.12860046646506962
GW230922_020344,29,0.10027443718462159
GW230922_020344,30,0.1465973472765787
GW230922_020344,31,0.11485058373447204
GW230922_020344,32,0.1426398843365706
GW230922_020344,33,0.13153186441610845
GW230922_020344,34,0.1364827730712484
GW230922_020344,35,0.12759392215142643
GW230922_020344,36,0.14565336759886263
GW230922_020344,37,0.13811133666420838
GW230922_020344,38,0.13816865325452046
GW230922_020344,39,0.13063817193627764
GW230922_020344,40,0.13012316716749328
GW230922_020344,41,0.13733344628354896
GW230922_020344,42,0.1316312647310024
GW230922_020344,43,0.12411987255629552
GW230922_020344,44,0.12011122147200369
GW230922_020344,45,0.15166540216621663
GW230922_020344,46,0.12894467534440393
GW230922_020344,47,0.12584082773320793
GW230922_020344,48,0.14021046078622446
GW230922_020344,49,0.12946660662971496
GW230922_020344,50,0.11197941367514454
GW230922_020344,51,0.14062614298493137
GW230922_020344,52,0.16008380595244012
GW230922_020344,53,0.13095172562036425
GW230922_020344,54,0.1317059360678212
GW230922_020344,55,0.11540552665720906
GW230922_020344,56,0.14886975499738447
GW230922_020344,57,0.13620344645007437
GW230922_020344,58,0.12630643763334745
GW230922_020344,59,0.11544459442029088
GW230922_020344,60,0.1252340687026442
GW230922_020344,61,0.14471258258317227
GW230922_020344,62,0.13380475735135347
GW230922_020344,63,0.1452979768809518
GW230922_020344,64,0.1443173523961866
GW230922_020344,65,0.13297882332638836
GW230922_020344,66,0.1298292500495021
GW230922_020344,67,0.1322216843398091
GW230922_020344,68,0.14453070971219245
GW230922_020344,69,0.1305769144051521
GW230922_020344,70,0.1228451132440839
GW230922_020344,71,0.12351061464632695
GW230922_020344,72,0.1318845098072387
GW230922_020344,73,0.12572873388824168
GW230922_020344,74,0.12039466308836823
GW230922_020344,75,0.12297162485186938
GW230922_020344,76,0.13825991485704164
GW230922_020344,77,0.12601166448703552
GW230922_020344,78,0.13544253479413923
GW230922_020344,79,0.13696809604159
GW230922_040658,0,0.06391765153066388
GW230922_040658,1,0.05943521588563496
GW230922_040658,2,0.05130689060067165
GW230922_040658,3,0.05517410287699008
GW230922_040658,4,0.04174970785839729
GW230922_040658,5,0.058389017368340276
GW230922_040658,6,0.05519336374302268
GW230922_040658,7,0.05934655177168459
GW230922_040658,8,0.060072359731562296
GW230922_040658,9,0.04402684206959904
GW230922_040658,10,0.0473179462597954
GW230922_040658,11,0.050208171173491134
GW230922_040658,12,0.06082230626951726
GW230922_040658,13,0.050044067177464464
GW230922_040658,14,0.055999892110459415
GW230922_040658,15,0.06187769011825437
GW230922_040658,16,0.05485195917119631
GW230922_040658,17,0.05047848950575222
GW230922_040658,18,0.06512531863995698
GW230922_040658,19,0.05750322906233109
GW230922_040658,20,0.04999770607662656
GW230922_040658,21,0.05887272949855099
GW230922_040658,22,0.06529802130294622
GW230922_040658,23,0.053405010625965435
GW230922_040658,24,0.05108225952408901
GW230922_040658,25,0.0506064932183481
GW230922_040658,26,0.05031003137876859
GW230922_040658,27,0.055360220984983236
GW230922_040658,28,0.05034698615753492
GW230922_040658,29,0.06000746855197246
GW230922_040658,30,0.05916400199117665
GW230922_040658,31,0.058189382954829984
GW230922_040658,32,0.055209631000412526
GW230922_040658,33,0.06221681667197026
GW230922_040658,34,0.05659266576263052
GW230922_040658,35,0.04983679632031586
GW230922_040658,36,0.0575529434845804
GW230922_040658,37,0.059484361652517886
GW230922_040658,38,0.057472402097069615
GW230922_040658,39,0.05316054792447997
GW230922_040658,40,0.05939507194875135
GW230922_040658,41,0.04717469884864201
GW230922_040658,42,0.05504304576215035
GW230922_040658,43,0.0618613788718153
GW230922_040658,44,0.050850353169970164
GW230922_040658,45,0.052761608418658054
GW230922_040658,46,0.06115821558829489
GW230922_040658,47,0.04997324585993406
GW230922_040658,48,0.04853257515368558
GW230922_040658,49,0.05230730021930307
GW230922_040658,50,0.05406087596430998
GW230922_040658,51,0.061319705124192984
GW230922_040658,52,0.04997124781732271
GW230922_040658,53,0.06061959672461201
GW230922_040658,54,0.05586768273303682
GW230922_040658,55,0.05281751607696653
GW230922_040658,56,0.057229987499543306
GW230922_040658,57,0.06140664268670385
GW230922_040658,58,0.05635479998897897
GW230922_040658,59,0.05503281144818269
GW230922_040658,60,0.0525779730630291
GW230922_040658,61,0.042984550911365674
GW230922_040658,62,0.05634897753285229
GW230922_040658,63,0.0568007025151305
GW230922_040658,64,0.05125075989040967
GW230922_040658,65,0.04888199700413639
GW230922_040658,66,0.05111261473982762
GW230922_040658,67,0.056483170861896595
GW230922_040658,68,0.050987331788097286
GW230922_040658,69,0.0647196749592685
GW230922_040658,70,0.05953585549074456
GW230922_040658,71,0.05945746667234145
GW230922_040658,72,0.05880576045456151
GW230922_040658,73,0.053061724212788125
GW230922_040658,74,0.06154362024125241
GW230922_040658,75,0.049186388915592426
GW230922_040658,76,0.05849314606190449
GW230922_040658,77,0.05787367242540581
GW230922_040658,78,0.054850227646941745
GW230922_040658,79,0.05413721353279437
GW230924_124453,0,0.03078423200263581
GW230924_124453,1,0.035087827997118654
GW230924_124453,2,0.040255333038467636
GW230924_124453,3,0.04048772645023261
GW230924_124453,4,0.03900572100415563
GW230924_124453,5,0.043508385436250394
GW230924_124453,6,0.03529370834857775
GW230924_124453,7,0.02897346714791419
GW230924_124453,8,0.039550831497365845
GW230924_124453,9,0.03897983083602537
GW230924_124453,10,0.03301658356552673
GW230924_124453,11,0.039375195830854005
GW230924_124453,12,0.03998707152443129
GW230924_124453,13,0.04059807730155625
GW230924_124453,14,0.035662947600068266
GW230924_124453,15,0.0370736876932457
GW230924_124453,16,0.03747814870067758
GW230924_124453,17,0.03607736031266657
GW230924_124453,18,0.05009857988149597
GW230924_124453,19,0.03949168777409895
GW230924_124453,20,0.048199257750010834
GW230924_124453,21,0.02641552287470776
GW230924_124453,22,0.04102265384040375
GW230924_124453,23,0.03289048881988747
GW230924_124453,24,0.041220466176762977
GW230924_124453,25,0.03606833097737201
GW230924_124453,26,0.030581853867906978
GW230924_124453,27,0.026960279984271453
GW230924_124453,28,0.027137049268116956
GW230924_124453,29,0.03469185302451654
GW230924_124453,30,0.03349305304375217
GW230924_124453,31,0.027806404159075215
GW230924_124453,32,0.04968280992997523
GW230924_124453,33,0.03880296814267605
GW230924_124453,34,0.03422525749187649
GW230924_124453,35,0.043929588526124934
GW230924_124453,36,0.03553697955731802
GW230924_124453,37,0.031587278656970384
GW230924_124453,38,0.03481838489132274
GW230924_124453,39,0.03392587580936406
GW230924_124453,40,0.03560664482575876
GW230924_124453,41,0.037710426257056145
GW230924_124453,42,0.02884442680343583
GW230924_124453,43,0.026457000930058743
GW230924_124453,44,0.0401657362630103
GW230924_124453,45,0.041288017020854786
GW230924_124453,46,0.03464535777604018
GW230924_124453,47,0.042511416556217915
GW230924_124453,48,0.030886157518231535
GW230924_124453,49,0.032813355340776555
GW230924_124453,50,0.03426976758186906
GW230924_124453,51,0.035958087319183527
GW230924_124453,52,0.033528435482028655
GW230924_124453,53,0.035767225075068666
GW230924_124453,54,0.02742338750707022
GW230924_124453,55,0.026035372796377805
GW230924_124453,56,0.02989642786122817
GW230924_124453,57,0.03406330105508329
GW230924_124453,58,0.04314829540846863
GW230924_124453,59,0.03524754139335556
GW230924_124453,60,0.04245231270454016
GW230924_124453,61,0.02648984200875352
GW230924_124453,62,0.03224998084733456
GW230924_124453,63,0.03834587099312125
GW230924_124453,64,0.028934945147682113
GW230924_124453,65,0.028178237860817253
GW230924_124453,66,0.029645583371318385
GW230924_124453,67,0.04112466335764218
GW230924_124453,68,0.0417533936145169
GW230924_124453,69,0.025203678079259544
GW230924_124453,70,0.04770521570386398
GW230924_124453,71,0.031750503680114915
GW230924_124453,72,0.043269737725184394
GW230924_124453,73,0.04007921637062247
GW230924_124453,74,0.040827211095543915
GW230924_124453,75,0.04099212537041768
GW230924_124453,76,0.04285942001746765
GW230924_124453,77,0.029863210765435858
GW230924_124453,78,0.031932636293528764
GW230924_124453,79,0.039000278679275226
GW230927_043729,0,0.042344327178230216
GW230927_043729,1,0.046291848077190424
GW230927_043729,2,0.0451173892158147
GW230927_043729,3,0.034380389742105
GW230927_043729,4,0.040568474073451266
GW230927_043729,5,0.04346312328408221
GW230927_043729,6,0.034290060194850924
GW230927_043729,7,0.0475652823840627
GW230927_043729,8,0.047301951800107635
GW230927_043729,9,0.04220335803170863
GW230927_043729,10,0.043135071481928126
GW230927_043729,11,0.04621751676413316
GW230927_043729,12,0.037938152612946904
GW230927_043729,13,0.05113630842492539
GW230927_043729,14,0.03493635177309807
GW230927_043729,15,0.045749003031914044
GW230927_043729,16,0.04557612034858176
GW230927_043729,17,0.047609493229127324
GW230927_043729,18,0.0374809352139869
GW230927_043729,19,0.042698136716470624
GW230927_043729,20,0.050470165672452175
GW230927_043729,21,0.04263934711990755
GW230927_043729,22,0.04490045137886988
GW230927_043729,23,0.04807313859562309
GW230927_043729,24,0.04091433857780343
GW230927_043729,25,0.04941706062538918
GW230927_043729,26,0.056066360613126094
GW230927_043729,27,0.040241102003428446
GW230927_043729,28,0.05207588798495079
GW230927_043729,29,0.03941077771706056
GW230927_043729,30,0.04655974212971453
GW230927_043729,31,0.03911398535449259
GW230927_043729,32,0.04343099487348175
GW230927_043729,33,0.045467386179518315
GW230927_043729,34,0.03591796362375569
GW230927_043729,35,0.047113190997534055
GW230927_043729,36,0.042007638756658146
GW230927_043729,37,0.035450997887126925
GW230927_043729,38,0.04863407060066447
GW230927_043729,39,0.03660749862718771
GW230927_043729,40,0.04472517886302859
GW230927_043729,41,0.04366068373918477
GW230927_043729,42,0.03905522301264853
GW230927_043729,43,0.05068486965498863
GW230927_043729,44,0.04875240647980002
GW230927_043729,45,0.04909075610539951
GW230927_043729,46,0.038444779226254576
GW230927_043729,47,0.04914384658727035
GW230927_043729,48,0.04808018840427666
GW230927_043729,49,0.04187840194808088
GW230927_043729,50,0.04090469594420126
GW230927_043729,51,0.05746660499308226
GW230927_043729,52,0.03867720051000488
GW230927_043729,53,0.04641169311584045
GW230927_043729,54,0.051312494328614046
GW230927_043729,55,0.035439335594386945
GW230927_043729,56,0.03399710266240251
GW230927_043729,57,0.0508534766050056
GW230927_043729,58,0.043440952351136666
GW230927_043729,59,0.03705470232820732
GW230927_043729,60,0.038936746163113864
GW230927_043729,61,0.04903932142353764
GW230927_043729,62,0.04246206442012526
GW230927_043729,63,0.05009745036312929
GW230927_043729,64,0.05498748934223489
GW230927_043729,65,0.04745698794209124
GW230927_043729,66,0.035734902449267796
GW230927_043729,67,0.04692530216292593
GW230927_043729,68,0.042819750283701365
GW230927_043729,69,0.0535955219478602
GW230927_043729,70,0.051056873712842954
GW230927_043729,71,0.051614104780238604
GW230927_043729,72,0.043691104997541454
GW230927_043729,73,0.047725366792352494
GW230927_043729,74,0.043505824216719884
GW230927_043729,75,0.05333876716843112
GW230927_043729,76,0.03399195376639746
GW230927_043729,77,0.055698661982668846
GW230927_043729,78,0.03831260903590113
GW230927_043729,79,0.04073650938206161
GW230928_215827,0,0.13007784976869102
GW230928_215827,1,0.12287407357532357
GW230928_215827,2,0.12392974016646548
GW230928_215827,3,0.13156448379228528
GW230928_215827,4,0.13245912281038205
GW230928_215827,5,0.12211956456987232
GW230928_215827,6,0.12244604595611085
GW230928_215827,7,0.11283886604644773
GW230928_215827,8,0.11024156582881127
GW230928_215827,9,0.12884511319920783
GW230928_215827,10,0.12838632540958037
GW230928_215827,11,0.12795277190602913
GW230928_215827,12,0.12247947513838499
GW230928_215827,13,0.12094015471549326
GW230928_215827,14,0.11024121634923026
GW230928_215827,15,0.11573402274138178
GW230928_215827,16,0.1268322618392077
GW230928_215827,17,0.127131056302647
GW230928_215827,18,0.12012504434578543
GW230928_215827,19,0.10550812934269892
GW230928_215827,20,0.11926457427471161
GW230928_215827,21,0.11821496141570222
GW230928_215827,22,0.12443750156842019
GW230928_215827,23,0.13315623095908147
GW230928_215827,24,0.11470011353108536
GW230928_215827,25,0.11491764692256576
GW230928_215827,26,0.10959505121157265
GW230928_215827,27,0.11955965255604957
GW230928_215827,28,0.1223051906162443
GW230928_215827,29,0.10601469020511849
GW230928_215827,30,0.10627618899341922
GW230928_215827,31,0.11807939683397539
GW230928_215827,32,0.10525134412833687
GW230928_215827,33,0.11995462115011792
GW230928_215827,34,0.10408304070757753
GW230928_215827,35,0.13466912632080408
GW230928_215827,36,0.12429858844975773
GW230928_215827,37,0.11367600842524772
GW230928_215827,38,0.11937979270389877
GW230928_215827,39,0.10975181895257273
GW230928_215827,40,0.121288585774352
GW230928_215827,41,0.12778344237237757
GW230928_215827,42,0.123202623226257
GW230928_215827,43,0.1200147137191801
GW230928_215827,44,0.13591299118861327
GW230928_215827,45,0.10712645476359087
GW230928_215827,46,0.10737388593102395
GW230928_215827,47,0.12261848079984906
GW230928_215827,48,0.10963811880178484
GW230928_215827,49,0.12445624807835844
GW230928_215827,50,0.11339834749845547
GW230928_215827,51,0.1173575524904018
GW230928_215827,52,0.11320582028873022
GW230928_215827,53,0.11394212717569015
GW230928_215827,54,0.12718430490448748
GW230928_215827,55,0.12830706194678457
GW230928_215827,56,0.1270805862885266
GW230928_215827,57,0.12021998816222568
GW230928_215827,58,0.1105928585907989
GW230928_215827,59,0.12236855682060437
GW230928_215827,60,0.11743178789420605
GW230928_215827,61,0.10963629649580094
GW230928_215827,62,0.11543462432943659
GW230928_215827,63,0.11635497882536075
GW230928_215827,64,0.13172753877485197
GW230928_215827,65,0.1120707048197261
GW230928_215827,66,0.11319599654530668
GW230928_215827,67,0.12911560555504936
GW230928_215827,68,0.12717558440908763
GW230928_215827,69,0.12450212049304213
GW230928_215827,70,0.1125748729852875
GW230928_215827,71,0.11499977979364481
GW230928_215827,72,0.12198618195750718
GW230928_215827,73,0.11616136696255942
GW230928_215827,74,0.12033321736597945
GW230928_215827,75,0.12154789557939241
GW230928_215827,76,0.11937059042973625
GW230928_215827,77,0.12438839434907172
GW230928_215827,78,0.10737948845637713
GW230928_215827,79,0.13338500413493767
GW230930_110730,0,0.02506343232792832
GW230930_110730,1,0.026350639783269153
GW230930_110730,2,0.03121504080975042
GW230930_110730,3,0.024757594460305784
GW230930_110730,4,0.02544799635918194
GW230930_110730,5,0.024326585940600106
GW230930_110730,6,0.022691281462205587
GW230930_110730,7,0.030376731701390585
GW230930_110730,8,0.02045693156731115
GW230930_110730,9,0.020397624101379252
GW230930_110730,10,0.0239689609569563
GW230930_110730,11,0.02373371922189284
GW230930_110730,12,0.031291689597943026
GW230930_110730,13,0.026252622521801956
GW230930_110730,14,0.027417507436365347
GW230930_110730,15,0.028275265031546908
GW230930_110730,16,0.02242710270871364
GW230930_110730,17,0.029190442131938242
GW230930_110730,18,0.03250510690755801
GW230930_110730,19,0.027029936726853946
GW230930_110730,20,0.024989287938782488
GW230930_110730,21,0.027033276916137768
GW230930_110730,22,0.029540902506175474
GW230930_110730,23,0.025507507315399205
GW230930_110730,24,0.03439745656904601
GW230930_110730,25,0.029844513903670822
GW230930_110730,26,0.025272018913667496
GW230930_110730,27,0.028086423155772734
GW230930_110730,28,0.025358381596724513
GW230930_110730,29,0.022363480733294104
GW230930_110730,30,0.025466700567199844
GW230930_110730,31,0.03343926299110828
GW230930_110730,32,0.031038023863052273
GW230930_110730,33,0.028612434174899507
GW230930_110730,34,0.026155687985829935
GW230930_110730,35,0.028566953457515875
GW230930_110730,36,0.026130489746692995
GW230930_110730,37,0.023144725254961154
GW230930_110730,38,0.02247109610160089
GW230930_110730,39,0.023717229012605968
GW230930_110730,40,0.022597504810137614
GW230930_110730,41,0.023116279955167813
GW230930_110730,42,0.027270987431939536
GW230930_110730,43,0.023094772802912018
GW230930_110730,44,0.035432354223046705
GW230930_110730,45,0.024440311582761252
GW230930_110730,46,0.027779675721823615
GW230930_110730,47,0.029579922746514695
GW230930_110730,48,0.02529352426625577
GW230930_110730,49,0.030025055190777215
GW230930_110730,50,0.035983716278452996
GW230930_110730,51,0.02642515195816269
GW230930_110730,52,0.03150991944188037
GW230930_110730,53,0.023110150849937266
GW230930_110730,54,0.027395309826453797
GW230930_110730,55,0.0257465034175032
GW230930_110730,56,0.031223435316593533
GW230930_110730,57,0.026318738651584846
GW230930_110730,58,0.028528798927298638
GW230930_110730,59,0.03157897232872654
GW230930_110730,60,0.036946715376631876
GW230930_110730,61,0.024751250173266008
GW230930_110730,62,0.02683947083252243
GW230930_110730,63,0.02178187975432508
GW230930_110730,64,0.026511525479997758
GW230930_110730,65,0.030279302810613914
GW230930_110730,66,0.03163160003615729
GW230930_110730,67,0.02711493194246225
GW230930_110730,68,0.027920228022472585
GW230930_110730,69,0.02876585997430291
GW230930_110730,70,0.02787608159176049
GW230930_110730,71,0.02962361160926154
GW230930_110730,72,0.021110481809241455
GW230930_110730,73,0.030384024547235988
GW230930_110730,74,0.022206143940138725
GW230930_110730,75,0.029506298101145332
GW230930_110730,76,0.021332975996228496
GW230930_110730,77,0.03429045409146204
GW230930_110730,78,0.03531085234157421
GW230930_110730,79,0.024597772018049135
GW231005_091549,0,0.04750484394476666
GW231005_091549,1,0.03674167594757855
GW231005_091549,2,0.04192990446573287
GW231005_091549,3,0.04485557146440014
GW231005_091549,4,0.029683466074368534
GW231005_091549,5,0.03407727216581925
GW231005_091549,6,0.03831420671540979
GW231005_091549,7,0.05091965803687733
GW231005_091549,8,0.035019346267422084
GW231005_091549,9,0.03457032236333729
GW231005_091549,10,0.044758561373371836
GW231005_091549,11,0.04051068455901658
GW231005_091549,12,0.032247548862515255
GW231005_091549,13,0.0398644792168568
GW231005_091549,14,0.0461749971196967
GW231005_091549,15,0.03353412501898474
GW231005_091549,16,0.041310624680029745
GW231005_091549,17,0.03468769446955564
GW231005_091549,18,0.029852876694816625
GW231005_091549,19,0.026816029590392552
GW231005_091549,20,0.041643881113482356
GW231005_091549,21,0.041817163953413596
GW231005_091549,22,0.05207786337425963
GW231005_091549,23,0.04204191384331558
GW231005_091549,24,0.03328919579496091
GW231005_091549,25,0.04367461474363621
GW231005_091549,26,0.03330910581142188
GW231005_091549,27,0.035265008905047246
GW231005_091549,28,0.0413848495956748
GW231005_091549,29,0.03601885394650207
GW231005_091549,30,0.045048037707107316
GW231005_091549,31,0.0344456895425867
GW231005_091549,32,0.0447498294054965
GW231005_091549,33,0.03807019823268226
GW231005_091549,34,0.039562139949528875
GW231005_091549,35,0.045159056601885815
GW231005_091549,36,0.03994631301716328
GW231005_091549,37,0.042945495650324725
GW231005_091549,38,0.042517412751296335
GW231005_091549,39,0.050245553923313147
GW231005_091549,40,0.028408438705362762
GW231005_091549,41,0.04515479782531703
GW231005_091549,42,0.03486555469731863
GW231005_091549,43,0.04058305159018929
GW231005_091549,44,0.043046817682755624
GW231005_091549,45,0.03989677652106053
GW231005_091549,46,0.04910896640638367
GW231005_091549,47,0.04215308568181286
GW231005_091549,48,0.038466326189848556
GW231005_091549,49,0.04403935690095362
GW231005_091549,50,0.038095636474455095
GW231005_091549,51,0.033637153523602074
GW231005_091549,52,0.03658963703549241
GW231005_091549,53,0.03852303656806076
GW231005_091549,54,0.03436247099548501
GW231005_091549,55,0.031473219528581696
GW231005_091549,56,0.035678828152330144
GW231005_091549,57,0.04333107347950523
GW231005_091549,58,0.03609122494042813
GW231005_091549,59,0.04145636291375009
GW231005_091549,60,0.036761111411148684
GW231005_091549,61,0.03847785532312451
GW231005_091549,62,0.04386593831936655
GW231005_091549,63,0.03706152553555367
GW231005_091549,64,0.042065017181170505
GW231005_091549,65,0.035906095840654406
GW231005_091549,66,0.046675947839712975
GW231005_091549,67,0.03409844729866747
GW231005_091549,68,0.03737194747196005
GW231005_091549,69,0.03109976542003117
GW231005_091549,70,0.0478413495713749
GW231005_091549,71,0.04836701149318452
GW231005_091549,72,0.04584326836544719
GW231005_091549,73,0.03894372470394963
GW231005_091549,74,0.03628166145423804
GW231005_091549,75,0.027543239943357938
GW231005_091549,76,0.03269278210907703
GW231005_091549,77,0.03199968018142941
GW231005_091549,78,0.04273457544292384
GW231005_091549,79,0.032761569053729796
GW231008_142521,0,0.07326644173650662
GW231008_142521,1,0.0760580983694452
GW231008_142521,2,0.07514921720330356
GW231008_142521,3,0.08836976068536986
GW231008_142521,4,0.08045508832014943
GW231008_142521,5,0.07327810470236612
GW231008_142521,6,0.06583325666865805
GW231008_142521,7,0.07010445715971413
GW231008_142521,8,0.07489857434379063
GW231008_142521,9,0.06528405315785352
GW231008_142521,10,0.06615109962489638
GW231008_142521,11,0.06866162581114775
GW231008_142521,12,0.07541454764324407
GW231008_142521,13,0.06840083626796147
GW231008_142521,14,0.06962414546830017
GW231008_142521,15,0.08489421653996576
GW231008_142521,16,0.06496623012385375
GW231008_142521,17,0.07432025008587873
GW231008_142521,18,0.0799595311560139
GW231008_142521,19,0.06833207431375217
GW231008_142521,20,0.06766887569793971
GW231008_142521,21,0.07595933935061176
GW231008_142521,22,0.07574788621053943
GW231008_142521,23,0.06124436615735317
GW231008_142521,24,0.07783747495076761
GW231008_142521,25,0.08495204252427312
GW231008_142521,26,0.07968364217185536
GW231008_142521,27,0.07470411682796517
GW231008_142521,28,0.0728205964849493
GW231008_142521,29,0.06596918291560713
GW231008_142521,30,0.06683819182675485
GW231008_142521,31,0.0816922444529978
GW231008_142521,32,0.07110047010396588
GW231008_142521,33,0.08544967175098875
GW231008_142521,34,0.06977845861104862
GW231008_142521,35,0.07778853494792702
GW231008_142521,36,0.06416915269912789
GW231008_142521,37,0.07981950138275608
GW231008_142521,38,0.07359438064970611
GW231008_142521,39,0.06777415899182206
GW231008_142521,40,0.08319155299028354
GW231008_142521,41,0.07270894663675374
GW231008_142521,42,0.07773397269772567
GW231008_142521,43,0.075227504813448
GW231008_142521,44,0.07006652158115871
GW231008_142521,45,0.07610794661873346
GW231008_142521,46,0.07212131053310909
GW231008_142521,47,0.07135718868687575
GW231008_142521,48,0.07222958134965188
GW231008_142521,49,0.0785155068395582
GW231008_142521,50,0.06594420663525244
GW231008_142521,51,0.07633415235793244
GW231008_142521,52,0.0801255437851174
GW231008_142521,53,0.08089277563787212
GW231008_142521,54,0.06487561060286055
GW231008_142521,55,0.08974559802347418
GW231008_142521,56,0.0912491580874197
GW231008_142521,57,0.08060615565492528
GW231008_142521,58,0.06759858226898745
GW231008_142521,59,0.06636493814941084
GW231008_142521,60,0.06781202831309122
GW231008_142521,61,0.05661082742438735
GW231008_142521,62,0.08884403328488101
GW231008_142521,63,0.07670942585306431
GW231008_142521,64,0.08069616019633485
GW231008_142521,65,0.07579873558643295
GW231008_142521,66,0.05620073900050753
GW231008_142521,67,0.07720739354965556
GW231008_142521,68,0.07436064515353781
GW231008_142521,69,0.07200256380888916
GW231008_142521,70,0.060362669643825445
GW231008_142521,71,0.07204990533711486
GW231008_142521,72,0.07148409245054459
GW231008_142521,73,0.07953510596559808
GW231008_142521,74,0.07058557392471967
GW231008_142521,75,0.0711294045284447
GW231008_142521,76,0.06753459431614305
GW231008_142521,77,0.09019319703019238
GW231008_142521,78,0.07179502773823318
GW231008_142521,79,0.06393582220401897
GW231028_153006,0,0.2989413222414348
GW231028_153006,1,0.3457372293495011
GW231028_153006,2,0.3142355606445515
GW231028_153006,3,0.319819179021558
GW231028_153006,4,0.294638499653941
GW231028_153006,5,0.31011001395723137
GW231028_153006,6,0.30924848182395903
GW231028_153006,7,0.3362522984957723
GW231028_153006,8,0.3096183281630701
GW231028_153006,9,0.3110698446018695
GW231028_153006,10,0.3213201849091137
GW231028_153006,11,0.2706677407652444
GW231028_153006,12,0.3260454874265418
GW231028_153006,13,0.3185648645860974
GW231028_153006,14,0.2914857244601566
GW231028_153006,15,0.31897897557087096
GW231028_153006,16,0.3185924394963028
GW231028_153006,17,0.33411323169168394
GW231028_153006,18,0.3281090420625882
GW231028_153006,19,0.29982494821057926
GW231028_153006,20,0.3059551766812083
GW231028_153006,21,0.3387575187322166
GW231028_153006,22,0.29149598272363925
GW231028_153006,23,0.31681175877180634
GW231028_153006,24,0.31662102836031814
GW231028_153006,25,0.3027076286334178
GW231028_153006,26,0.32157727129320257
GW231028_153006,27,0.3085127700607642
GW231028_153006,28,0.31174348148568815
GW231028_153006,29,0.31470895033869745
GW231028_153006,30,0.28057826153548876
GW231028_153006,31,0.30280883164500605
GW231028_153006,32,0.2959995549463476
GW231028_153006,33,0.3250448814687973
GW231028_153006,34,0.3157731290011303
GW231028_153006,35,0.3112811502026567
GW231028_153006,36,0.3171512281267861
GW231028_153006,37,0.28796226015442167
GW231028_153006,38,0.3145241608908932
GW231028_153006,39,0.3077768393905503
GW231028_153006,40,0.3018418134004383
GW231028_153006,41,0.28440381014036337
GW231028_153006,42,0.3011614145047706
GW231028_153006,43,0.2964872626159924
GW231028_153006,44,0.3060818499408892
GW231028_153006,45,0.3094491855382784
GW231028_153006,46,0.3161359787833813
GW231028_153006,47,0.3198487852294996
GW231028_153006,48,0.33199360254440446
GW231028_153006,49,0.29829389251588445
GW231028_153006,50,0.30375410448133416
GW231028_153006,51,0.3228909529753974
GW231028_153006,52,0.30857751199290884
GW231028_153006,53,0.2913163822637815
GW231028_153006,54,0.2906368906645741
GW231028_153006,55,0.3001350404074292
GW231028_153006,56,0.32186337130033554
GW231028_153006,57,0.307911591133788
GW231028_153006,58,0.2913402116282992
GW231028_153006,59,0.3050721946560661
GW231028_153006,60,0.30334424225713874
GW231028_153006,61,0.3049346441137386
GW231028_153006,62,0.3037356661873982
GW231028_153006,63,0.3136442350956712
GW231028_153006,64,0.3294799892529706
GW231028_153006,65,0.2974013111466447
GW231028_153006,66,0.3186017946990486
GW231028_153006,67,0.29170492551682226
GW231028_153006,68,0.29598272519405155
GW231028_153006,69,0.32376918869450755
GW231028_153006,70,0.3044124950498455
GW231028_153006,71,0.3042149385676878
GW231028_153006,72,0.28940203245975155
GW231028_153006,73,0.29986534681583876
GW231028_153006,74,0.3117253477792167
GW231028_153006,75,0.3226293388369161
GW231028_153006,76,0.31229243428399533
GW231028_153006,77,0.3043062311091913
GW231028_153006,78,0.3381636747075689
GW231028_153006,79,0.31507174094433943
GW231029_111508,0,0.05237714035032857
GW231029_111508,1,0.060759098215636645
GW231029_111508,2,0.06480362800322206
GW231029_111508,3,0.058879481811903285
GW231029_111508,4,0.06382826438643019
GW231029_111508,5,0.057650729911639165
GW231029_111508,6,0.064665150636358
GW231029_111508,7,0.0615358794584852
GW231029_111508,8,0.061419483482864246
GW231029_111508,9,0.055165821269558005
GW231029_111508,10,0.06219848997745372
GW231029_111508,11,0.06104480806117484
GW231029_111508,12,0.05808705006240495
GW231029_111508,13,0.05765217518780244
GW231029_111508,14,0.06273940992939574
GW231029_111508,15,0.0622853265713884
GW231029_111508,16,0.05184992677572272
GW231029_111508,17,0.06391696628297401
GW231029_111508,18,0.0634863267023664
GW231029_111508,19,0.06600186841099494
GW231029_111508,20,0.058075574783759666
GW231029_111508,21,0.060619434611087424
GW231029_111508,22,0.05423173113876971
GW231029_111508,23,0.05656922382884442
GW231029_111508,24,0.05867246187037418
GW231029_111508,25,0.0609028144219117
GW231029_111508,26,0.0595008298578662
GW231029_111508,27,0.05361400753185414
GW231029_111508,28,0.057569114018404303
GW231029_111508,29,0.05836249079627447
GW231029_111508,30,0.059278593930623937
GW231029_111508,31,0.05194691582523995
GW231029_111508,32,0.05383847380603133
GW231029_111508,33,0.058236120068606984
GW231029_111508,34,0.06155122426396429
GW231029_111508,35,0.04888052602617908
GW231029_111508,36,0.059625156840530595
GW231029_111508,37,0.06097648004071006
GW231029_111508,38,0.06214905559328317
GW231029_111508,39,0.05000755366779453
GW231029_111508,40,0.057506813894153117
GW231029_111508,41,0.04956986149578329
GW231029_111508,42,0.05060396346861588
GW231029_111508,43,0.06205504890113072
GW231029_111508,44,0.06667172311255422
GW231029_111508,45,0.0548317228694711
GW231029_111508,46,0.04983062228216652
GW231029_111508,47,0.059850919852448434
GW231029_111508,48,0.05749304552210525
GW231029_111508,49,0.05970234256238802
GW231029_111508,50,0.05731662203647893
GW231029_111508,51,0.06792487723068175
GW231029_111508,52,0.05862840611840363
GW231029_111508,53,0.07444389874537648
GW231029_111508,54,0.0567980554484416
GW231029_111508,55,0.05980020674828395
GW231029_111508,56,0.05389757087541053
GW231029_111508,57,0.04896151096605672
GW231029_111508,58,0.0583106903319334
GW231029_111508,59,0.05703130424731742
GW231029_111508,60,0.05887494533572925
GW231029_111508,61,0.06005385668956002
GW231029_111508,62,0.05823593939999382
GW231029_111508,63,0.06351764961028902
GW231029_111508,64,0.05781143743886407
GW231029_111508,65,0.05950722838582398
GW231029_111508,66,0.05869218829436803
GW231029_111508,67,0.055595861011104634
GW231029_111508,68,0.05676752796905617
GW231029_111508,69,0.054525275110787134
GW231029_111508,70,0.059639445699807274
GW231029_111508,71,0.060736365997252593
GW231029_111508,72,0.06307498519999372
GW231029_111508,73,0.06260008228847838
GW231029_111508,74,0.06059913093681607
GW231029_111508,75,0.05697940230983784
GW231029_111508,76,0.048706177847244736
GW231029_111508,77,0.050955236058010604
GW231029_111508,78,0.06445431979509686
GW231029_111508,79,0.05704852396068073
GW231102_071736,0,0.05769717506377904
GW231102_071736,1,0.04956166195689901
GW231102_071736,2,0.049489414641727514
GW231102_071736,3,0.06008388376195254
GW231102_071736,4,0.07292088881590675
GW231102_071736,5,0.05151925560246116
GW231102_071736,6,0.05863342619902242
GW231102_071736,7,0.047531105685845475
GW231102_071736,8,0.061256674075903655
GW231102_071736,9,0.05957694608620982
GW231102_071736,10,0.04805500227844307
GW231102_071736,11,0.07180943797991887
GW231102_071736,12,0.059025329791114
GW231102_071736,13,0.05199091157236009
GW231102_071736,14,0.06438761426172038
GW231102_071736,15,0.06307264628515435
GW231102_071736,16,0.058660390306406233
GW231102_071736,17,0.06286567250682645
GW231102_071736,18,0.04744856349824219
GW231102_071736,19,0.04900278755247275
GW231102_071736,20,0.05049419226878095
GW231102_071736,21,0.050076975232366136
GW231102_071736,22,0.06255895585285288
GW231102_071736,23,0.0427015183021097
GW231102_071736,24,0.05666571902547477
GW231102_071736,25,0.06183439364271861
GW231102_071736,26,0.04981282457131708
GW231102_071736,27,0.044639484037925524
GW231102_071736,28,0.0638382861373857
GW231102_071736,29,0.05047802022148481
GW231102_071736,30,0.057961045019680246
GW231102_071736,31,0.05695722611183586
GW231102_071736,32,0.05153195683239597
GW231102_071736,33,0.04588186112421707
GW231102_071736,34,0.05059549769777091
GW231102_071736,35,0.04573810174715924
GW231102_071736,36,0.05200438776398485
GW231102_071736,37,0.0697109689669047
GW231102_071736,38,0.04181906394526701
GW231102_071736,39,0.05739894619664523
GW231102_071736,40,0.05750291081005685
GW231102_071736,41,0.05404270647500549
GW231102_071736,42,0.06597104443751259
GW231102_071736,43,0.060721192237890756
GW231102_071736,44,0.053211976385887524
GW231102_071736,45,0.058488643620204256
GW231102_071736,46,0.06147062438951248
GW231102_071736,47,0.06160660991912174
GW231102_071736,48,0.058109085918300184
GW231102_071736,49,0.059977451860144776
GW231102_071736,50,0.041798421033669333
GW231102_071736,51,0.05441087362715953
GW231102_071736,52,0.05324619613779841
GW231102_071736,53,0.060184111869872214
GW231102_071736,54,0.05530948975932372
GW231102_071736,55,0.06498850629642539
GW231102_071736,56,0.05284227477719405
GW231102_071736,57,0.05119989345534236
GW231102_071736,58,0.06290692942503197
GW231102_071736,59,0.05496407152285288
GW231102_071736,60,0.06351739325480318
GW231102_071736,61,0.06651365881287552
GW231102_071736,62,0.055488653802568934
GW231102_071736,63,0.05209466811611247
GW231102_071736,64,0.0528254396120736
GW231102_071736,65,0.056830000708431104
GW231102_071736,66,0.0450702377706183
GW231102_071736,67,0.05501849997881756
GW231102_071736,68,0.04489248454603562
GW231102_071736,69,0.05128023791021882
GW231102_071736,70,0.05218783950824236
GW231102_071736,71,0.05088819087077781
GW231102_071736,72,0.04946816113065981
GW231102_071736,73,0.05907143787846329
GW231102_071736,74,0.05661874733023039
GW231102_071736,75,0.057777432966947186
GW231102_071736,76,0.05634291760371353
GW231102_071736,77,0.06637991781694427
GW231102_071736,78,0.06032293832004506
GW231102_071736,79,0.05172486865398416
GW231118_071402,0,0.054901354696471026
GW231118_071402,1,0.05118979700600534
GW231118_071402,2,0.05801133429994478
GW231118_071402,3,0.05290983441049281
GW231118_071402,4,0.05716587933293257
GW231118_071402,5,0.04518095386034378
GW231118_071402,6,0.052034368397152524
GW231118_071402,7,0.058231631832588795
GW231118_071402,8,0.06422800008177051
GW231118_071402,9,0.054483041227591324
GW231118_071402,10,0.06740911185332389
GW231118_071402,11,0.054926312612127395
GW231118_071402,12,0.05840643714855967
GW231118_071402,13,0.05168184595322781
GW231118_071402,14,0.05585707809733921
GW231118_071402,15,0.05038816213517522
GW231118_071402,16,0.047677427010944774
GW231118_071402,17,0.04689254763549219
GW231118_071402,18,0.047615609052236094
GW231118_071402,19,0.055659698649968725
GW231118_071402,20,0.07057815111214322
GW231118_071402,21,0.05711409496736671
GW231118_071402,22,0.05550692343325345
GW231118_071402,23,0.06914130509542865
GW231118_071402,24,0.05441718468329017
GW231118_071402,25,0.04954290524215106
GW231118_071402,26,0.05116529537718003
GW231118_071402,27,0.05994906026070067
GW231118_071402,28,0.06047728687095337
GW231118_071402,29,0.04983318009606634
GW231118_071402,30,0.06211482327849017
GW231118_071402,31,0.05550925148904605
GW231118_071402,32,0.05098929215648504
GW231118_071402,33,0.06638769847116141
GW231118_071402,34,0.05612312802233808
GW231118_071402,35,0.05662462785555911
GW231118_071402,36,0.044002756781232936
GW231118_071402,37,0.0741389785240284
GW231118_071402,38,0.04300926103855576
GW231118_071402,39,0.053409380839450085
GW231118_071402,40,0.055563756854520065
GW231118_071402,41,0.059894666780595004
GW231118_071402,42,0.04105424141418615
GW231118_071402,43,0.05029101495561824
GW231118_071402,44,0.05651572764192341
GW231118_071402,45,0.05345249468441473
GW231118_071402,46,0.06489981824683755
GW231118_071402,47,0.055051909384558374
GW231118_071402,48,0.05845651801160273
GW231118_071402,49,0.05693309290853708
GW231118_071402,50,0.05880069380602969
GW231118_071402,51,0.05502670376898333
GW231118_071402,52,0.04817831048232093
GW231118_071402,53,0.04466933877569844
GW231118_071402,54,0.05675366928150204
GW231118_071402,55,0.0571760289531153
GW231118_071402,56,0.04641819466444178
GW231118_071402,57,0.05492759203374976
GW231118_071402,58,0.05995539275383593
GW231118_071402,59,0.06435062349096263
GW231118_071402,60,0.050572797337254664
GW231118_071402,61,0.06296732126689733
GW231118_071402,62,0.0607772690270634
GW231118_071402,63,0.05946748122045391
GW231118_071402,64,0.052603441247588915
GW231118_071402,65,0.05751968588685044
GW231118_071402,66,0.056711584128854624
GW231118_071402,67,0.0553331114209964
GW231118_071402,68,0.04660078167838694
GW231118_071402,69,0.07072500722795537
GW231118_071402,70,0.05416069849517951
GW231118_071402,71,0.06015164580304001
GW231118_071402,72,0.05888946754480141
GW231118_071402,73,0.03931583026731297
GW231118_071402,74,0.04998892451640733
GW231118_071402,75,0.06735193168806267
GW231118_071402,76,0.04665188983464834
GW231118_071402,77,0.05691025313620181
GW231118_071402,78,0.05011221416274678
GW231118_071402,79,0.06146297190522583
GW231119_075248,0,0.02908363010653363
GW231119_075248,1,0.029809928945366666
GW231119_075248,2,0.025490363690252288
GW231119_075248,3,0.02509139864073582
GW231119_075248,4,0.03114975792250857
GW231119_075248,5,0.027184110347804144
GW231119_075248,6,0.02872367518675897
GW231119_075248,7,0.027104179649483667
GW231119_075248,8,0.025873480017908106
GW231119_075248,9,0.036267577306587764
GW231119_075248,10,0.024504948005987136
GW231119_075248,11,0.026004233722058394
GW231119_075248,12,0.031860405606623454
GW231119_075248,13,0.040115016590354435
GW231119_075248,14,0.028767350540949185
GW231119_075248,15,0.028878210321531574
GW231119_075248,16,0.028173488180534455
GW231119_075248,17,0.027427389508980524
GW231119_075248,18,0.02640148161444309
GW231119_075248,19,0.03306437738476723
GW231119_075248,20,0.031483951553760374
GW231119_075248,21,0.030144214965841368
GW231119_075248,22,0.03172448863468585
GW231119_075248,23,0.025053933837511325
GW231119_075248,24,0.02798627244055257
GW231119_075248,25,0.03048311892234375
GW231119_075248,26,0.025908303659280013
GW231119_075248,27,0.03075450414251204
GW231119_075248,28,0.026166962550858992
GW231119_075248,29,0.030379188301512667
GW231119_075248,30,0.029083522137262525
GW231119_075248,31,0.029908367734473133
GW231119_075248,32,0.028057245883586455
GW231119_075248,33,0.02705519072305795
GW231119_075248,34,0.032362797578600465
GW231119_075248,35,0.025647688152096604
GW231119_075248,36,0.027623438551695908
GW231119_075248,37,0.02840815513550897
GW231119_075248,38,0.024674759839925394
GW231119_075248,39,0.02873150021645591
GW231119_075248,40,0.03569389738841755
GW231119_075248,41,0.02789585958420812
GW231119_075248,42,0.02945587691930145
GW231119_075248,43,0.03015253088296471
GW231119_075248,44,0.029417520204820944
GW231119_075248,45,0.030524488401717623
GW231119_075248,46,0.025657988868370715
GW231119_075248,47,0.030124062013172286
GW231119_075248,48,0.034180285070355865
GW231119_075248,49,0.027981943414976774
GW231119_075248,50,0.0260293800846397
GW231119_075248,51,0.02314445445934936
GW231119_075248,52,0.025560314978927523
GW231119_075248,53,0.03349822324422474
GW231119_075248,54,0.030288809101463882
GW231119_075248,55,0.03005815153697488
GW231119_075248,56,0.02943080180400799
GW231119_075248,57,0.028082386935233686
GW231119_075248,58,0.032718461368296856
GW231119_075248,59,0.03496823257406114
GW231119_075248,60,0.03570278773599499
GW231119_075248,61,0.029811905076157958
GW231119_075248,62,0.023224151408210433
GW231119_075248,63,0.03384315680451942
GW231119_075248,64,0.024978328201849694
GW231119_075248,65,0.02676642617037735
GW231119_075248,66,0.030527087715992777
GW231119_075248,67,0.029145151992874867
GW231119_075248,68,0.034579301123206306
GW231119_075248,69,0.034167758103654314
GW231119_075248,70,0.03901848106142678
GW231119_075248,71,0.03662382923025917
GW231119_075248,72,0.028470102809925325
GW231119_075248,73,0.039007058223027656
GW231119_075248,74,0.031101922123489757
GW231119_075248,75,0.03229394219342178
GW231119_075248,76,0.030926395889556303
GW231119_075248,77,0.02554155252326679
GW231119_075248,78,0.03771549419467687
GW231119_075248,79,0.033022291749306217
GW231123_135430,0,0.8642849253605159
GW231123_135430,1,0.8912640192288136
GW231123_135430,2,0.8700446156844407
GW231123_135430,3,0.8890976781492814
GW231123_135430,4,0.8731748099937164
GW231123_135430,5,0.8479765273877679
GW231123_135430,6,0.8860307894002568
GW231123_135430,7,0.8891975565386125
GW231123_135430,8,0.8844974255022662
GW231123_135430,9,0.8579360414053867
GW231123_135430,10,0.8867128714455534
GW231123_135430,11,0.8546766349126165
GW231123_135430,12,0.8585545129618338
GW231123_135430,13,0.8670179935659427
GW231123_135430,14,0.8667795529837353
GW231123_135430,15,0.8819537853353746
GW231123_135430,16,0.8539207977870534
GW231123_135430,17,0.886636282092033
GW231123_135430,18,0.8556948014455884
GW231123_135430,19,0.8513388217544302
GW231123_135430,20,0.8726142458918785
GW231123_135430,21,0.8840732326187022
GW231123_135430,22,0.8940139246828545
GW231123_135430,23,0.8940452218293324
GW231123_135430,24,0.8430511420493595
GW231123_135430,25,0.8928860033281995
GW231123_135430,26,0.8833259070757128
GW231123_135430,27,0.8922054480277772
GW231123_135430,28,0.8403069318978101
GW231123_135430,29,0.8790868553404558
GW231123_135430,30,0.8557729168618207
GW231123_135430,31,0.8452349152312129
GW231123_135430,32,0.8868933853672647
GW231123_135430,33,0.8429346139091161
GW231123_135430,34,0.8626154136946036
GW231123_135430,35,0.8704075330275575
GW231123_135430,36,0.9026113516548809
GW231123_135430,37,0.8924726862018209
GW231123_135430,38,0.8745018319026303
GW231123_135430,39,0.9016114081120108
GW231123_135430,40,0.8528457512782156
GW231123_135430,41,0.8627564999607408
GW231123_135430,42,0.8758817151090114
GW231123_135430,43,0.8770341804230936
GW231123_135430,44,0.8774742929882471
GW231123_135430,45,0.8822514172962223
GW231123_135430,46,0.8557108107269885
GW231123_135430,47,0.8606385045044465
GW231123_135430,48,0.864130826160814
GW231123_135430,49,0.8688877632992884
GW231123_135430,50,0.8763053607040182
GW231123_135430,51,0.8401451565603705
GW231123_135430,52,0.8451041350344274
GW231123_135430,53,0.862375754154528
GW231123_135430,54,0.8682361801475261
GW231123_135430,55,0.8904859407937255
GW231123_135430,56,0.8663579148083922
GW231123_135430,57,0.8998575920117867
GW231123_135430,58,0.8556879009782946
GW231123_135430,59,0.8675453203666559
GW231123_135430,60,0.8771327602810741
GW231123_135430,61,0.8664271862832267
GW231123_135430,62,0.863959602611678
GW231123_135430,63,0.8850429596167557
GW231123_135430,64,0.870140844618041
GW231123_135430,65,0.9036189255163571
GW231123_135430,66,0.8582628691105407
GW231123_135430,67,0.8864256405856745
GW231123_135430,68,0.8895243871980727
GW231123_135430,69,0.882691810045949
GW231123_135430,70,0.8975893201152068
GW231123_135430,71,0.8803994505471169
GW231123_135430,72,0.881012854818845
GW231123_135430,73,0.8848542219438383
GW231123_135430,74,0.865573483884198
GW231123_135430,75,0.8779071241312637
GW231123_135430,76,0.8628617724033181
GW231123_135430,77,0.8890078314386074
GW231123_135430,78,0.8446260149743853
GW231123_135430,79,0.8724141298905159
GW231127_165300,0,0.032593907298025686
GW231127_165300,1,0.03606594902398095
GW231127_165300,2,0.033140707951523456
GW231127_165300,3,0.03679498014635404
GW231127_165300,4,0.028793435441396432
GW231127_165300,5,0.028827681945020864
GW231127_165300,6,0.040270415617436967
GW231127_165300,7,0.0360322272843781
GW231127_165300,8,0.03540281730606081
GW231127_165300,9,0.037331524259250966
GW231127_165300,10,0.03197721787991929
GW231127_165300,11,0.03717991362366459
GW231127_165300,12,0.03934724313546352
GW231127_165300,13,0.034476986881469794
GW231127_165300,14,0.03622423052055134
GW231127_165300,15,0.030927068153559327
GW231127_165300,16,0.038084797043193654
GW231127_165300,17,0.031885151416240605
GW231127_165300,18,0.02689212560649022
GW231127_165300,19,0.03564049258202678
GW231127_165300,20,0.03537060151042071
GW231127_165300,21,0.035706221254540066
GW231127_165300,22,0.027378785165329614
GW231127_165300,23,0.03144369906824969
GW231127_165300,24,0.027526619598960314
GW231127_165300,25,0.04787126924421805
GW231127_165300,26,0.03513331284461144
GW231127_165300,27,0.02682764338002633
GW231127_165300,28,0.032046745040930434
GW231127_165300,29,0.030410423016259003
GW231127_165300,30,0.03552355988446169
GW231127_165300,31,0.030230949729156072
GW231127_165300,32,0.030224786058660653
GW231127_165300,33,0.026999019153244607
GW231127_165300,34,0.030406500330656665
GW231127_165300,35,0.03087658871171197
GW231127_165300,36,0.04401000464214169
GW231127_165300,37,0.031347805527803384
GW231127_165300,38,0.03504125804644829
GW231127_165300,39,0.03831996371707648
GW231127_165300,40,0.03958814652891606
GW231127_165300,41,0.03961408556442899
GW231127_165300,42,0.035692516604384314
GW231127_165300,43,0.03468695768080124
GW231127_165300,44,0.03839806442952996
GW231127_165300,45,0.03366947976031276
GW231127_165300,46,0.04352045441000687
GW231127_165300,47,0.03469757565651953
GW231127_165300,48,0.035152434968923306
GW231127_165300,49,0.033153742036078515
GW231127_165300,50,0.04517165521830393
GW231127_165300,51,0.0272355784345297
GW231127_165300,52,0.02954398954466458
GW231127_165300,53,0.02806913887427789
GW231127_165300,54,0.030014690793656502
GW231127_165300,55,0.03642757315417192
GW231127_165300,56,0.03282277253795172
GW231127_165300,57,0.03316009656504866
GW231127_165300,58,0.04419323001940022
GW231127_165300,59,0.02955797699021014
GW231127_165300,60,0.03846390987104504
GW231127_165300,61,0.04406556787647837
GW231127_165300,62,0.038718702523508286
GW231127_165300,63,0.031145213333393793
GW231127_165300,64,0.029975072677949768
GW231127_165300,65,0.03585244801328836
GW231127_165300,66,0.040665344943793334
GW231127_165300,67,0.03309964375800129
GW231127_165300,68,0.03911308053383639
GW231127_165300,69,0.028692450147456607
GW231127_165300,70,0.03022847676804035
GW231127_165300,71,0.0262292351715616
GW231127_165300,72,0.03828255676358625
GW231127_165300,73,0.03471580345432088
GW231127_165300,74,0.0264985401315647
GW231127_165300,75,0.031948987252951894
GW231127_165300,76,0.03769418211409515
GW231127_165300,77,0.040764955479348185
GW231127_165300,78,0.03293942167013359
GW231127_165300,79,0.03229973150176455
GW231129_081745,0,0.04453793786915042
GW231129_081745,1,0.04105415995949554
GW231129_081745,2,0.04732639525851119
GW231129_081745,3,0.03316547927085435
GW231129_081745,4,0.04808651416307441
GW231129_081745,5,0.036576753725039594
GW231129_081745,6,0.04402959231755748
GW231129_081745,7,0.04114626262975418
GW231129_081745,8,0.03739305873803826
GW231129_081745,9,0.04048747482447839
GW231129_081745,10,0.0511327060272546
GW231129_081745,11,0.041359915858876585
GW231129_081745,12,0.04163369918921027
GW231129_081745,13,0.043532076919943145
GW231129_081745,14,0.056841894525163535
GW231129_081745,15,0.04100075053832802
GW231129_081745,16,0.04542107516514774
GW231129_081745,17,0.044171594590455124
GW231129_081745,18,0.04611685470131031
GW231129_081745,19,0.04054007903588812
GW231129_081745,20,0.04140103048772856
GW231129_081745,21,0.041700640587736634
GW231129_081745,22,0.043354898420683
GW231129_081745,23,0.04658705623070006
GW231129_081745,24,0.04431719946878673
GW231129_081745,25,0.04850842670591636
GW231129_081745,26,0.04126006387261043
GW231129_081745,27,0.046024166859211485
GW231129_081745,28,0.045086009437827396
GW231129_081745,29,0.036637768804733274
GW231129_081745,30,0.05013011025104328
GW231129_081745,31,0.039622236728243165
GW231129_081745,32,0.03716390962581693
GW231129_081745,33,0.03379877350654676
GW231129_081745,34,0.04012091653553658
GW231129_081745,35,0.037277641350036035
GW231129_081745,36,0.0399394456164715
GW231129_081745,37,0.043482548331345024
GW231129_081745,38,0.051752431418502436
GW231129_081745,39,0.033771418405576126
GW231129_081745,40,0.03630638255615021
GW231129_081745,41,0.03989381786068307
GW231129_081745,42,0.044939432172336265
GW231129_081745,43,0.040141310056071564
GW231129_081745,44,0.03695023570884726
GW231129_081745,45,0.04042467927164123
GW231129_081745,46,0.03852084819470758
GW231129_081745,47,0.04558713104803257
GW231129_081745,48,0.04199581765205461
GW231129_081745,49,0.041647453729596516
GW231129_081745,50,0.04907961756993643
GW231129_081745,51,0.05272117872316905
GW231129_081745,52,0.04472360251743523
GW231129_081745,53,0.04280648546448385
GW231129_081745,54,0.04181735048548284
GW231129_081745,55,0.04241199281690346
GW231129_081745,56,0.039637062276729834
GW231129_081745,57,0.04168864662698892
GW231129_081745,58,0.04435584621593735
GW231129_081745,59,0.04528936201931192
GW231129_081745,60,0.0508868100901582
GW231129_081745,61,0.05342718676324709
GW231129_081745,62,0.04234994625438463
GW231129_081745,63,0.04503082639642213
GW231129_081745,64,0.04709774281790269
GW231129_081745,65,0.035062919958260566
GW231129_081745,66,0.04899641588952739
GW231129_081745,67,0.04736357790433751
GW231129_081745,68,0.036250522158744886
GW231129_081745,69,0.049994144014845615
GW231129_081745,70,0.03319737490826831
GW231129_081745,71,0.03619728835025799
GW231129_081745,72,0.04410284898338024
GW231129_081745,73,0.0398880109261362
GW231129_081745,74,0.04033579135958704
GW231129_081745,75,0.043490914128513664
GW231129_081745,76,0.043210471567677634
GW231129_081745,77,0.04289398766417568
GW231129_081745,78,0.04519892556616078
GW231129_081745,79,0.04810454289359565
GW231206_233134,0,0.09006521425475024
GW231206_233134,1,0.07759487624680998
GW231206_233134,2,0.0918243500814485
GW231206_233134,3,0.08746914576044255
GW231206_233134,4,0.07817981541781947
GW231206_233134,5,0.08717094574338402
GW231206_233134,6,0.09307078566405808
GW231206_233134,7,0.09056387256473634
GW231206_233134,8,0.08399974067524245
GW231206_233134,9,0.09639412317898229
GW231206_233134,10,0.09316755813539461
GW231206_233134,11,0.08045108840517637
GW231206_233134,12,0.08988625143511692
GW231206_233134,13,0.09064873186424686
GW231206_233134,14,0.07750035759424209
GW231206_233134,15,0.08552966785696689
GW231206_233134,16,0.08893806703812664
GW231206_233134,17,0.0943463801971062
GW231206_233134,18,0.08925083556663478
GW231206_233134,19,0.08750060363734036
GW231206_233134,20,0.07643304573112979
GW231206_233134,21,0.08936767036197421
GW231206_233134,22,0.08611116657638491
GW231206_233134,23,0.07864139697605625
GW231206_233134,24,0.08446260184885467
GW231206_233134,25,0.09353260936811605
GW231206_233134,26,0.08425578982426847
GW231206_233134,27,0.09797533089862953
GW231206_233134,28,0.09456720498449081
GW231206_233134,29,0.089598698468889
GW231206_233134,30,0.08681615238922298
GW231206_233134,31,0.08553812600234216
GW231206_233134,32,0.07649750386017833
GW231206_233134,33,0.07741488373648146
GW231206_233134,34,0.08724666198468342
GW231206_233134,35,0.08581125937851879
GW231206_233134,36,0.08911754646676398
GW231206_233134,37,0.08849403663823242
GW231206_233134,38,0.08820656739960268
GW231206_233134,39,0.0930068081971869
GW231206_233134,40,0.09247450100391909
GW231206_233134,41,0.0976749353603274
GW231206_233134,42,0.09004388320433916
GW231206_233134,43,0.09405672264256147
GW231206_233134,44,0.07950096499283882
GW231206_233134,45,0.09974048518275502
GW231206_233134,46,0.09071655181320151
GW231206_233134,47,0.08190208264463618
GW231206_233134,48,0.09148054319770799
GW231206_233134,49,0.0939561505081427
GW231206_233134,50,0.07567953809990614
GW231206_233134,51,0.07714515219351203
GW231206_233134,52,0.09154091046178986
GW231206_233134,53,0.08238960398428502
GW231206_233134,54,0.08254257983957458
GW231206_233134,55,0.08554257573367431
GW231206_233134,56,0.09140834065574018
GW231206_233134,57,0.08474238133807091
GW231206_233134,58,0.09529184819631326
GW231206_233134,59,0.1003168172432033
GW231206_233134,60,0.0964622694192473
GW231206_233134,61,0.07988543773326427
GW231206_233134,62,0.08300889466844218
GW231206_233134,63,0.0800706990573138
GW231206_233134,64,0.09909690484969749
GW231206_233134,65,0.08832404808822257
GW231206_233134,66,0.08335540458705266
GW231206_233134,67,0.0867157546294582
GW231206_233134,68,0.08906890448891912
GW231206_233134,69,0.09042661006116462
GW231206_233134,70,0.0945396456188508
GW231206_233134,71,0.07498931057722645
GW231206_233134,72,0.08327107649727823
GW231206_233134,73,0.08744427123121663
GW231206_233134,74,0.0925180391279901
GW231206_233134,75,0.07774672785469784
GW231206_233134,76,0.0924092808072384
GW231206_233134,77,0.09469989981635661
GW231206_233134,78,0.09663366649783019
GW231206_233134,79,0.07761045307199686
GW231206_233901,0,0.17463523448992108
GW231206_233901,1,0.16559728545474608
GW231206_233901,2,0.19259308656821605
GW231206_233901,3,0.1728147526460963
GW231206_233901,4,0.18168532728902076
GW231206_233901,5,0.1753858467805597
GW231206_233901,6,0.16719997515519927
GW231206_233901,7,0.174533273878163
GW231206_233901,8,0.20231658167247552
GW231206_233901,9,0.1686783930671863
GW231206_233901,10,0.15794017837022514
GW231206_233901,11,0.16344532583821295
GW231206_233901,12,0.17197653764353318
GW231206_233901,13,0.17589818169720642
GW231206_233901,14,0.14812070833922902
GW231206_233901,15,0.18548865665874
GW231206_233901,16,0.17818776533461472
GW231206_233901,17,0.16362960039466862
GW231206_233901,18,0.1849296962589159
GW231206_233901,19,0.20694233461514897
GW231206_233901,20,0.173554009109024
GW231206_233901,21,0.16465099329766072
GW231206_233901,22,0.16280575064805256
GW231206_233901,23,0.15943019302662295
GW231206_233901,24,0.17601555141208494
GW231206_233901,25,0.19748335786939936
GW231206_233901,26,0.18012201058706334
GW231206_233901,27,0.17904703873513536
GW231206_233901,28,0.1925216912055037
GW231206_233901,29,0.1787749676452889
GW231206_233901,30,0.1889428794467347
GW231206_233901,31,0.1864826918905119
GW231206_233901,32,0.18818221920362
GW231206_233901,33,0.18380212826112818
GW231206_233901,34,0.17018687832451565
GW231206_233901,35,0.1683510836280781
GW231206_233901,36,0.16824863991413108
GW231206_233901,37,0.1716041198814448
GW231206_233901,38,0.16832200004486658
GW231206_233901,39,0.17872391911891644
GW231206_233901,40,0.1624454973728333
GW231206_233901,41,0.18160430942488653
GW231206_233901,42,0.1837501644929976
GW231206_233901,43,0.16236195229593023
GW231206_233901,44,0.1758979318436247
GW231206_233901,45,0.18141222233024373
GW231206_233901,46,0.18041631464379518
GW231206_233901,47,0.1482933785781174
GW231206_233901,48,0.16811203957784035
GW231206_233901,49,0.19078268132938211
GW231206_233901,50,0.16135098599285966
GW231206_233901,51,0.18733877037957442
GW231206_233901,52,0.15880098596946854
GW231206_233901,53,0.18717158759932728
GW231206_233901,54,0.19612399557653035
GW231206_233901,55,0.1608857243321205
GW231206_233901,56,0.17508510439339253
GW231206_233901,57,0.16324826619025884
GW231206_233901,58,0.17562270809168193
GW231206_233901,59,0.19597570601016043
GW231206_233901,60,0.14818671765844418
GW231206_233901,61,0.15093310225309362
GW231206_233901,62,0.15113869380321374
GW231206_233901,63,0.1819380582934769
GW231206_233901,64,0.1737711395456316
GW231206_233901,65,0.19475898369719186
GW231206_233901,66,0.1502996626879188
GW231206_233901,67,0.14764945394471668
GW231206_233901,68,0.15707486969530496
GW231206_233901,69,0.17205285309599333
GW231206_233901,70,0.1921454465803907
GW231206_233901,71,0.19080984991051506
GW231206_233901,72,0.17342371909936583
GW231206_233901,73,0.14417041715674955
GW231206_233901,74,0.1603179268210541
GW231206_233901,75,0.16285233737982155
GW231206_233901,76,0.1719260967815011
GW231206_233901,77,0.17128436100850664
GW231206_233901,78,0.1746529096710819
GW231206_233901,79,0.17725744112579092
GW231213_111417,0,0.04572151739932794
GW231213_111417,1,0.03440070321521973
GW231213_111417,2,0.03771549936329652
GW231213_111417,3,0.04126096160993254
GW231213_111417,4,0.04116354205925761
GW231213_111417,5,0.0416589266440113
GW231213_111417,6,0.04769236901110129
GW231213_111417,7,0.04101911240964405
GW231213_111417,8,0.04260595388211845
GW231213_111417,9,0.03884728117288609
GW231213_111417,10,0.037204732148266695
GW231213_111417,11,0.046441455082551784
GW231213_111417,12,0.0478105748037542
GW231213_111417,13,0.047623835041361764
GW231213_111417,14,0.03501932127506764
GW231213_111417,15,0.03671437555627019
GW231213_111417,16,0.03497078968777928
GW231213_111417,17,0.044686388178128846
GW231213_111417,18,0.04261993987544595
GW231213_111417,19,0.04281728766276512
GW231213_111417,20,0.045894984577557606
GW231213_111417,21,0.03677784926381066
GW231213_111417,22,0.032193234872457135
GW231213_111417,23,0.04021837255162653
GW231213_111417,24,0.04146598908973216
GW231213_111417,25,0.04137558465826576
GW231213_111417,26,0.04360483443573453
GW231213_111417,27,0.05136238975657856
GW231213_111417,28,0.03477137982141221
GW231213_111417,29,0.04419186642742444
GW231213_111417,30,0.04018375303420994
GW231213_111417,31,0.03879120536907246
GW231213_111417,32,0.04603002213631416
GW231213_111417,33,0.03678819361026622
GW231213_111417,34,0.04123226983805474
GW231213_111417,35,0.04644260999469314
GW231213_111417,36,0.03447246771618656
GW231213_111417,37,0.03646417073973397
GW231213_111417,38,0.034474855406615094
GW231213_111417,39,0.03285241243418576
GW231213_111417,40,0.029122898051221837
GW231213_111417,41,0.045859903075930304
GW231213_111417,42,0.046689568515138495
GW231213_111417,43,0.040406939864143704
GW231213_111417,44,0.04081841642115459
GW231213_111417,45,0.05434299633178387
GW231213_111417,46,0.04556762689507745
GW231213_111417,47,0.03372761665542624
GW231213_111417,48,0.033037679790200204
GW231213_111417,49,0.03704790837271779
GW231213_111417,50,0.04722541361907516
GW231213_111417,51,0.042350716165597595
GW231213_111417,52,0.04399904660209757
GW231213_111417,53,0.043873036437760214
GW231213_111417,54,0.040603513761500364
GW231213_111417,55,0.04675716076405378
GW231213_111417,56,0.04344513901496337
GW231213_111417,57,0.036469963814886125
GW231213_111417,58,0.05218392437891647
GW231213_111417,59,0.041101656674328614
GW231213_111417,60,0.04040360055563808
GW231213_111417,61,0.04543055316368482
GW231213_111417,62,0.042659610288522214
GW231213_111417,63,0.03896655768762927
GW231213_111417,64,0.03318493699548071
GW231213_111417,65,0.0382822443604907
GW231213_111417,66,0.046600169971253165
GW231213_111417,67,0.037280873231276025
GW231213_111417,68,0.04672797884355645
GW231213_111417,69,0.04761416902091253
GW231213_111417,70,0.03490658122922888
GW231213_111417,71,0.041185527741704045
GW231213_111417,72,0.042083452465547115
GW231213_111417,73,0.041895235031365365
GW231213_111417,74,0.04133926614659535
GW231213_111417,75,0.033891129498745017
GW231213_111417,76,0.03135057392452363
GW231213_111417,77,0.04045604150884035
GW231213_111417,78,0.039954710560919905
GW231213_111417,79,0.0442936073771026
GW231223_032836,0,0.039785541818368055
GW231223_032836,1,0.04727490197917928
GW231223_032836,2,0.04234105838152428
GW231223_032836,3,0.05562672262425693
GW231223_032836,4,0.04632534302122652
GW231223_032836,5,0.04361561740395282
GW231223_032836,6,0.054855187884231355
GW231223_032836,7,0.04470938176584099
GW231223_032836,8,0.051167694667338635
GW231223_032836,9,0.03053961593363366
GW231223_032836,10,0.039805253926144424
GW231223_032836,11,0.04225679504302654
GW231223_032836,12,0.0473957132509487
GW231223_032836,13,0.04013646693052814
GW231223_032836,14,0.04357310533503457
GW231223_032836,15,0.04629763702741853
GW231223_032836,16,0.048917041530001336
GW231223_032836,17,0.04787030474733127
GW231223_032836,18,0.04452820060103495
GW231223_032836,19,0.040850414073760624
GW231223_032836,20,0.04300631703610382
GW231223_032836,21,0.03886628984941025
GW231223_032836,22,0.055619571627944224
GW231223_032836,23,0.045103043036693276
GW231223_032836,24,0.052818207813644734
GW231223_032836,25,0.054002787911215655
GW231223_032836,26,0.044877429766514036
GW231223_032836,27,0.05567276062986987
GW231223_032836,28,0.045726093243004175
GW231223_032836,29,0.04503639144360293
GW231223_032836,30,0.044058883940702065
GW231223_032836,31,0.04321608263642508
GW231223_032836,32,0.04949594948022412
GW231223_032836,33,0.05562056759089267
GW231223_032836,34,0.05041380440949464
GW231223_032836,35,0.04468532326579847
GW231223_032836,36,0.039264387008150894
GW231223_032836,37,0.038465424285200354
GW231223_032836,38,0.04824265302953067
GW231223_032836,39,0.04062708432555818
GW231223_032836,40,0.042044532253800275
GW231223_032836,41,0.049206609313307406
GW231223_032836,42,0.04890806441269553
GW231223_032836,43,0.05186362294201309
GW231223_032836,44,0.0535370812861031
GW231223_032836,45,0.04354995969470056
GW231223_032836,46,0.045890541123620295
GW231223_032836,47,0.05558266237931912
GW231223_032836,48,0.04264044153818625
GW231223_032836,49,0.049345411329598604
GW231223_032836,50,0.04325813678650824
GW231223_032836,51,0.03797984787143839
GW231223_032836,52,0.0427355556017794
GW231223_032836,53,0.04828610143686631
GW231223_032836,54,0.050047151455548035
GW231223_032836,55,0.0369220080773568
GW231223_032836,56,0.03924844752614445
GW231223_032836,57,0.034409058137816806
GW231223_032836,58,0.039819794950047005
GW231223_032836,59,0.04740837644554154
GW231223_032836,60,0.04105704976811758
GW231223_032836,61,0.044820242173328556
GW231223_032836,62,0.045682493960263804
GW231223_032836,63,0.05329716477818013
GW231223_032836,64,0.03733339923216013
GW231223_032836,65,0.05066924504664007
GW231223_032836,66,0.053119795855566365
GW231223_032836,67,0.04041586914648695
GW231223_032836,68,0.04597113786817016
GW231223_032836,69,0.042235537275686776
GW231223_032836,70,0.05338453767585224
GW231223_032836,71,0.03914785856542455
GW231223_032836,72,0.05279251239600417
GW231223_032836,73,0.04791360117889053
GW231223_032836,74,0.05453964980237999
GW231223_032836,75,0.05034037440746232
GW231223_032836,76,0.045465569864816306
GW231223_032836,77,0.04326329054163807
GW231223_032836,78,0.043458545793181064
GW231223_032836,79,0.05059943452798799
GW231226_101520,0,0.07563862077748816
GW231226_101520,1,0.07790745641841237
GW231226_101520,2,0.08995561982930433
GW231226_101520,3,0.06407433064428898
GW231226_101520,4,0.08301331217597326
GW231226_101520,5,0.09885453269265403
GW231226_101520,6,0.08428080998589678
GW231226_101520,7,0.09905425195049176
GW231226_101520,8,0.09136534567512959
GW231226_101520,9,0.07450952989420113
GW231226_101520,10,0.09524000837432438
GW231226_101520,11,0.0832932130577921
GW231226_101520,12,0.07327069829245601
GW231226_101520,13,0.08352023029452439
GW231226_101520,14,0.08016704439285596
GW231226_101520,15,0.06568916267314834
GW231226_101520,16,0.09347152912696079
GW231226_101520,17,0.08808026753654073
GW231226_101520,18,0.06429222758499348
GW231226_101520,19,0.08304245920442557
GW231226_101520,20,0.0767243221593296
GW231226_101520,21,0.05590361584859638
GW231226_101520,22,0.0666155266436788
GW231226_101520,23,0.08060278893404428
GW231226_101520,24,0.09068340441251044
GW231226_101520,25,0.07988391199608819
GW231226_101520,26,0.10311828309845765
GW231226_101520,27,0.05692280330374137
GW231226_101520,28,0.05922440031233377
GW231226_101520,29,0.07548206518954138
GW231226_101520,30,0.08879847106638969
GW231226_101520,31,0.09644680163496377
GW231226_101520,32,0.08754903668481054
GW231226_101520,33,0.06912230428696377
GW231226_101520,34,0.0919771229995001
GW231226_101520,35,0.07426301588072125
GW231226_101520,36,0.09223501199343216
GW231226_101520,37,0.0980538794520131
GW231226_101520,38,0.08815533828416323
GW231226_101520,39,0.09405317915892844
GW231226_101520,40,0.07247714417973561
GW231226_101520,41,0.10320022640117932
GW231226_101520,42,0.10652018840242126
GW231226_101520,43,0.06298770295269016
GW231226_101520,44,0.08237637170527051
GW231226_101520,45,0.07252242649957065
GW231226_101520,46,0.06452449386858805
GW231226_101520,47,0.06901639433011879
GW231226_101520,48,0.08425875526298082
GW231226_101520,49,0.07600115872447903
GW231226_101520,50,0.06470369915976944
GW231226_101520,51,0.08238438528457138
GW231226_101520,52,0.09381887458809474
GW231226_101520,53,0.08519968784301289
GW231226_101520,54,0.0726968104422747
GW231226_101520,55,0.07336314002679747
GW231226_101520,56,0.10262819191469355
GW231226_101520,57,0.07538164184736977
GW231226_101520,58,0.084247984893935
GW231226_101520,59,0.06528201621522951
GW231226_101520,60,0.11017762889708214
GW231226_101520,61,0.08989371473118551
GW231226_101520,62,0.0680542614565744
GW231226_101520,63,0.09603381793534782
GW231226_101520,64,0.10334267406591417
GW231226_101520,65,0.08730600070235081
GW231226_101520,66,0.0918559587605642
GW231226_101520,67,0.09834689229036918
GW231226_101520,68,0.09091353318766163
GW231226_101520,69,0.0812412294122382
GW231226_101520,70,0.09271757847425638
GW231226_101520,71,0.07554912293964784
GW231226_101520,72,0.08965464121309345
GW231226_101520,73,0.062285971086842896
GW231226_101520,74,0.06745937327927846
GW231226_101520,75,0.08728457911167334
GW231226_101520,76,0.08587980436051554
GW231226_101520,77,0.08129493186492025
GW231226_101520,78,0.1026917932393934
GW231226_101520,79,0.08204817766867525
GW240104_164932,0,0.11714800162907048
GW240104_164932,1,0.13553432056401485
GW240104_164932,2,0.11405188379835318
GW240104_164932,3,0.14609462462603584
GW240104_164932,4,0.11696357139818254
GW240104_164932,5,0.1280318300816255
GW240104_164932,6,0.1363661683979435
GW240104_164932,7,0.12130899706370099
GW240104_164932,8,0.1273918454984866
GW240104_164932,9,0.13692075460045142
GW240104_164932,10,0.13663407901254399
GW240104_164932,11,0.14658637366934738
GW240104_164932,12,0.14031172631138228
GW240104_164932,13,0.12792215586676536
GW240104_164932,14,0.11130227536032558
GW240104_164932,15,0.14179301548505488
GW240104_164932,16,0.1169429611168474
GW240104_164932,17,0.13327844370643077
GW240104_164932,18,0.1487213024804565
GW240104_164932,19,0.13087247030798296
GW240104_164932,20,0.15334729200265595
GW240104_164932,21,0.1462800931087763
GW240104_164932,22,0.15306775877394835
GW240104_164932,23,0.14005948402202653
GW240104_164932,24,0.13129685403142258
GW240104_164932,25,0.12377949981558937
GW240104_164932,26,0.13660599707032542
GW240104_164932,27,0.14748835918152808
GW240104_164932,28,0.13957039540214805
GW240104_164932,29,0.13844277751045408
GW240104_164932,30,0.12177316414687563
GW240104_164932,31,0.12505502356916331
GW240104_164932,32,0.13492211628248577
GW240104_164932,33,0.1440087912809602
GW240104_164932,34,0.13755876156717947
GW240104_164932,35,0.127684006983477
GW240104_164932,36,0.13839357846383246
GW240104_164932,37,0.14164488867441696
GW240104_164932,38,0.15357522169669718
GW240104_164932,39,0.15401375545597576
GW240104_164932,40,0.12696536668947864
GW240104_164932,41,0.15071106204013446
GW240104_164932,42,0.14389279473123404
GW240104_164932,43,0.13311925864516527
GW240104_164932,44,0.13928735642902096
GW240104_164932,45,0.12157174008615466
GW240104_164932,46,0.13002748659374794
GW240104_164932,47,0.12821575926508474
GW240104_164932,48,0.12670475620868518
GW240104_164932,49,0.14332522653713647
GW240104_164932,50,0.13509738251150943
GW240104_164932,51,0.13547930845517747
GW240104_164932,52,0.13340598449462585
GW240104_164932,53,0.14289436477178002
GW240104_164932,54,0.1321743418513179
GW240104_164932,55,0.1293457020328729
GW240104_164932,56,0.14219442681563638
GW240104_164932,57,0.1262093818149274
GW240104_164932,58,0.12460569953880454
GW240104_164932,59,0.14972269178626185
GW240104_164932,60,0.13339576257311506
GW240104_164932,61,0.12330767004197676
GW240104_164932,62,0.13666421018670924
GW240104_164932,63,0.12920400884599856
GW240104_164932,64,0.15676976808572932
GW240104_164932,65,0.14561577816713422
GW240104_164932,66,0.135790035967065
GW240104_164932,67,0.13355689896559156
GW240104_164932,68,0.15242374932161873
GW240104_164932,69,0.1294070458267199
GW240104_164932,70,0.13578197835416028
GW240104_164932,71,0.119875425111899
GW240104_164932,72,0.1373524830724142
GW240104_164932,73,0.1550827042786066
GW240104_164932,74,0.129903154829171
GW240104_164932,75,0.14599382782767442
GW240104_164932,76,0.12887989489266397
GW240104_164932,77,0.14317237494528492
GW240104_164932,78,0.13532101790390524
GW240104_164932,79,0.13552765802886932
