event,model_a,model_b,parameter,finite_n_a,finite_n_b,raw_W1,scale,full_norm_W1,independent_W1_abs_diff,balanced_seed,balanced_n_each,balanced_q05,balanced_median,balanced_q95
GW230601_224134,IMRPhenomXPHM-SpinTaylor,SEOBNRv5PHM,chirp_mass_source,14022,14498,0.22643019662767044,7.340784275914352,0.03084550480125188,2.7755575615628914e-17,64230988,4000,0.020570809983785517,0.03136609191642407,0.049095594973176754
GW230601_224134,IMRPhenomXPHM-SpinTaylor,SEOBNRv5PHM,chi_eff,14022,14498,0.0063169275899349845,0.22981940508633822,0.0274864848229933,8.673617379884035e-19,342083133,4000,0.017172691694111085,0.03297940033747444,0.053349703539308964
GW230601_224134,IMRPhenomXPHM-SpinTaylor,SEOBNRv5PHM,luminosity_distance,14022,14498,26.453849048754325,1729.2267140610027,0.015298080253819802,3.552713678800501e-15,240698703,4000,0.012858465438729016,0.02210312065534381,0.03567975203843855
GW230601_224134,IMRPhenomXPHM-SpinTaylor,SEOBNRv5PHM,final_mass_source,14022,14498,0.3727997886417149,14.699096712168334,0.025362088293024193,0.0,366493860,4000,0.016086039466009238,0.027234105264142716,0.04732827037097094
GW230601_224134,IMRPhenomXPHM-SpinTaylor,SEOBNRv5PHM,final_spin,14022,14498,0.0021776022621720703,0.09123586797281613,0.023867830827464593,0.0,871756242,4000,0.023034029218114625,0.03290479574443905,0.05051738862136187
GW230601_224134,IMRPhenomXPHM-SpinTaylor,NRSur7dq4,chirp_mass_source,14022,14313,0.09511120815110756,7.4093596918371,0.012836629898787569,1.3877787807814457e-17,438101507,4000,0.013412042249742791,0.019746530583239823,0.030362674561604446
GW230601_224134,IMRPhenomXPHM-SpinTaylor,NRSur7dq4,chi_eff,14022,14313,0.005387488638584042,0.22360396579273553,0.02409388679437756,0.0,743919216,4000,0.019443659764703955,0.030329539960832288,0.044997460782693705
GW230601_224134,IMRPhenomXPHM-SpinTaylor,NRSur7dq4,luminosity_distance,14022,14313,18.519318352186833,1727.7811252613706,0.01071855577157397,3.552713678800501e-15,702989569,4000,0.01150033931318193,0.017385394373105646,0.03303706139268829
GW230601_224134,IMRPhenomXPHM-SpinTaylor,NRSur7dq4,final_mass_source,14022,14313,0.5251806477515724,14.857946993039164,0.03534678431667683,0.0,885839310,4000,0.01965990850783836,0.03666069659584552,0.05957376623256747
GW230601_224134,IMRPhenomXPHM-SpinTaylor,NRSur7dq4,final_spin,14022,14313,0.006961260236922775,0.08643300148802907,0.08053937867571227,8.673617379884035e-19,260109463,4000,0.07283540862697309,0.0859543480376081,0.10032791518553158
GW230601_224134,SEOBNRv5PHM,NRSur7dq4,chirp_mass_source,14498,14313,0.1509237480504716,7.250924545550117,0.020814414369143216,0.0,395427983,4000,0.01738513150835134,0.02447781734161901,0.040228021796578445
GW230601_224134,SEOBNRv5PHM,NRSur7dq4,chi_eff,14498,14313,0.007629546341907311,0.2244055104133611,0.033998925997198004,0.0,131820478,4000,0.023260068123505926,0.04064094293060534,0.05987867581364768
GW230601_224134,SEOBNRv5PHM,NRSur7dq4,luminosity_distance,14498,14313,17.203536076936174,1730.8538251598409,0.009939335041968355,3.552713678800501e-15,414738377,4000,0.01145088444102184,0.019447282824724663,0.03208257434697595
GW230601_224134,SEOBNRv5PHM,NRSur7dq4,final_mass_source,14498,14313,0.2263021514904977,14.785891001661078,0.015305276595443213,2.7755575615628914e-17,218638137,4000,0.014878352464014947,0.021503146589187436,0.034468722272188876
GW230601_224134,SEOBNRv5PHM,NRSur7dq4,final_spin,14498,14313,0.006820878297939493,0.08697125456529003,0.0784268127674185,0.0,395637687,4000,0.0656650847470654,0.08265450821654892,0.09880248536622777
GW230606_004305,IMRPhenomXPHM-SpinTaylor,SEOBNRv5PHM,chirp_mass_source,13973,15737,0.09580346421529043,3.6741754932197885,0.026074819886007954,0.0,88716762,4000,0.016977579502656992,0.030962804998663954,0.05024310065914746
GW230606_004305,IMRPhenomXPHM-SpinTaylor,SEOBNRv5PHM,chi_eff,13973,15737,0.010025480688387677,0.2320028046402492,0.043212756431688405,0.0,671948506,4000,0.03577403359811048,0.04804792466878449,0.06744271007978378
GW230606_004305,IMRPhenomXPHM-SpinTaylor,SEOBNRv5PHM,luminosity_distance,13973,15737,16.32488014186059,1232.004558810698,0.013250665368981777,0.0,142889082,4000,0.011700612581308358,0.019456677486234752,0.044850174158574424
GW230606_004305,IMRPhenomXPHM-SpinTaylor,SEOBNRv5PHM,final_mass_source,13973,15737,0.3166524088971937,8.29549514333938,0.038171610425381336,0.0,932972754,4000,0.023464757989659437,0.0405466017297524,0.057050155409006396
GW230606_004305,IMRPhenomXPHM-SpinTaylor,SEOBNRv5PHM,final_spin,13973,15737,0.007284801693135696,0.09313919702950774,0.07821413460143718,8.673617379884035e-19,692661474,4000,0.05778665221885349,0.0777711984573652,0.09849986393159446
GW230606_004305,IMRPhenomXPHM-SpinTaylor,NRSur7dq4,chirp_mass_source,13973,15616,0.22770530795629526,3.7029536244816192,0.061492886773101836,2.7755575615628914e-17,123536967,4000,0.03935698219624877,0.06272337842430303,0.08641993886786786
GW230606_004305,IMRPhenomXPHM-SpinTaylor,NRSur7dq4,chi_eff,13973,15616,0.0163553294213716,0.2228838895909418,0.07338049175015965,0.0,382077544,4000,0.04534640682293652,0.07026970158573825,0.09463001029462394
GW230606_004305,IMRPhenomXPHM-SpinTaylor,NRSur7dq4,luminosity_distance,13973,15616,25.957928440110624,1216.6779427921663,0.021335085914798057,0.0,323210957,4000,0.01677670355024728,0.028914596609191122,0.0457844027293757
GW230606_004305,IMRPhenomXPHM-SpinTaylor,NRSur7dq4,final_mass_source,13973,15616,0.3058507585869221,8.196283002168101,0.03731578796217965,5.551115123125783e-17,682759569,4000,0.022262614949930464,0.039358010585378335,0.06488399984902145
GW230606_004305,IMRPhenomXPHM-SpinTaylor,NRSur7dq4,final_spin,13973,15616,0.0067547818524447524,0.08831219199909895,0.07648753472808908,8.673617379884035e-19,137918931,4000,0.049408644291858025,0.07462381169716129,0.09932682040263685
GW230606_004305,SEOBNRv5PHM,NRSur7dq4,chirp_mass_source,15737,15616,0.13933698449813425,3.722410428214488,0.037431924067806085,0.0,934951909,4000,0.01962245526347572,0.034689912820842925,0.06678973706212132
GW230606_004305,SEOBNRv5PHM,NRSur7dq4,chi_eff,15737,15616,0.01007514054054531,0.2323675132351648,0.04335864510607764,1.734723475976807e-18,869485329,4000,0.028333889712855703,0.044726543276870555,0.061032484258224544
GW230606_004305,SEOBNRv5PHM,NRSur7dq4,luminosity_distance,15737,15616,16.20631558225049,1214.76028001042,0.013341163560362275,0.0,346955642,4000,0.011558796481020069,0.019991106496656745,0.029743810402240705
GW230606_004305,SEOBNRv5PHM,NRSur7dq4,final_mass_source,15737,15616,0.10032640715966985,8.362720071921046,0.011996863017874915,1.3877787807814457e-17,807109338,4000,0.01450420348969676,0.021616795411972742,0.03544202719373877
GW230606_004305,SEOBNRv5PHM,NRSur7dq4,final_spin,15737,15616,0.004631547342847619,0.09282927259467044,0.04989317715620587,0.0,82482534,4000,0.038828019432726985,0.054961517452496306,0.06792274071865573
GW230608_205047,IMRPhenomXPHM-SpinTaylor,SEOBNRv5PHM,chirp_mass_source,15487,14538,0.13518142633308278,5.094177431117647,0.02653645817425413,2.7755575615628914e-17,747728251,4000,0.01977044422506656,0.032120765449991914,0.044164394525706314
GW230608_205047,IMRPhenomXPHM-SpinTaylor,SEOBNRv5PHM,chi_eff,15487,14538,0.011673753117646573,0.20001025149307305,0.058365773906598334,0.0,661347680,4000,0.03778826474844591,0.059405736802462694,0.08168904827269656
GW230608_205047,IMRPhenomXPHM-SpinTaylor,SEOBNRv5PHM,luminosity_distance,15487,14538,33.44149613751438,1678.869071448541,0.019919061412371365,0.0,92428609,4000,0.015865857922059894,0.026128689789292895,0.04241011765855164
GW230608_205047,IMRPhenomXPHM-SpinTaylor,SEOBNRv5PHM,final_mass_source,15487,14538,0.09718536683994648,10.331094143816479,0.009407073973681221,1.3877787807814457e-17,109316063,4000,0.012267738885999553,0.018773705863618068,0.034682980375844996
GW230608_205047,IMRPhenomXPHM-SpinTaylor,SEOBNRv5PHM,final_spin,15487,14538,0.006943239662396636,0.09927230134076415,0.06994135895533568,0.0,604813937,4000,0.05208022034872588,0.071229170626111,0.0873015101069991
GW230608_205047,IMRPhenomXPHM-SpinTaylor,NRSur7dq4,chirp_mass_source,15487,16266,0.06286815797462951,5.1673557940127814,0.012166407826508184,1.3877787807814457e-17,260248134,4000,0.013083204362671345,0.020620486214365207,0.03698893627317762
GW230608_205047,IMRPhenomXPHM-SpinTaylor,NRSur7dq4,chi_eff,15487,16266,0.013054407207290945,0.19447566474066796,0.06712617347110711,0.0,184019304,4000,0.04954320560331294,0.06791658055577021,0.08571845746836804
GW230608_205047,IMRPhenomXPHM-SpinTaylor,NRSur7dq4,luminosity_distance,15487,16266,35.278709214936995,1684.9334434705488,0.020937746444317423,1.4210854715202004e-14,117605239,4000,0.013561537207323693,0.02638462813480691,0.04345975889229986
GW230608_205047,IMRPhenomXPHM-SpinTaylor,NRSur7dq4,final_mass_source,15487,16266,0.16895193181828153,10.436461022486242,0.01618862289182705,0.0,276781787,4000,0.014081370307593575,0.02365585153267119,0.03874454687391846
GW230608_205047,IMRPhenomXPHM-SpinTaylor,NRSur7dq4,final_spin,15487,16266,0.01173473733530852,0.09650988367285362,0.121591042168143,1.734723475976807e-18,788694365,4000,0.11261311543971364,0.12600096057192506,0.14338894633585655
GW230608_205047,SEOBNRv5PHM,NRSur7dq4,chirp_mass_source,14538,16266,0.0916920396147938,5.104978563859461,0.01796129767594418,0.0,231608057,4000,0.014214640847360922,0.024254885597393975,0.03711408047742415
GW230608_205047,SEOBNRv5PHM,NRSur7dq4,chi_eff,14538,16266,0.004512283942087747,0.19213059372052782,0.02348550459720794,0.0,185919719,4000,0.01961796066247799,0.028223223516059336,0.04346155928182722
GW230608_205047,SEOBNRv5PHM,NRSur7dq4,luminosity_distance,14538,16266,18.068368608337458,1660.4508684123311,0.010881603877634658,3.552713678800501e-15,902389169,4000,0.013075499426642212,0.018904201787341448,0.03021251560751092
GW230608_205047,SEOBNRv5PHM,NRSur7dq4,final_mass_source,14538,16266,0.23778279271271763,10.480284714985508,0.022688581386793596,0.0,24058496,4000,0.01611916546992874,0.024699845950890503,0.049507110434488855
GW230608_205047,SEOBNRv5PHM,NRSur7dq4,final_spin,14538,16266,0.006058416020817592,0.09305612084548132,0.06510497069695745,0.0,889238626,4000,0.05015744293622692,0.06706181672623786,0.09564615296680944
GW230609_064958,IMRPhenomXPHM-SpinTaylor,SEOBNRv5PHM,chirp_mass_source,13615,13771,0.033612668794025184,3.664181346374498,0.009173309292478941,6.938893903907228e-18,800461889,4000,0.012138134002314335,0.018486500463882262,0.03671834945497651
GW230609_064958,IMRPhenomXPHM-SpinTaylor,SEOBNRv5PHM,chi_eff,13615,13771,0.01655181929318264,0.20305669734585796,0.08151328919228219,0.0,175713915,4000,0.05878407949607181,0.08217974181265461,0.10676610335629497
GW230609_064958,IMRPhenomXPHM-SpinTaylor,SEOBNRv5PHM,luminosity_distance,13615,13771,21.286713025147954,1536.562774793504,0.013853461358263503,7.105427357601002e-15,85194057,4000,0.011833315634920053,0.020677279993947813,0.033958375218613314
GW230609_064958,IMRPhenomXPHM-SpinTaylor,SEOBNRv5PHM,final_mass_source,13615,13771,0.1541600032312888,7.975150659006541,0.019330042756896634,0.0,622612979,4000,0.015108234010176155,0.024124840402988977,0.042538633121449655
GW230609_064958,IMRPhenomXPHM-SpinTaylor,SEOBNRv5PHM,final_spin,13615,13771,0.007085351482024839,0.08003241960135948,0.08853101677191429,1.734723475976807e-18,478520468,4000,0.06548858512215995,0.09341264733923256,0.11187036327428927
GW230609_064958,IMRPhenomXPHM-SpinTaylor,NRSur7dq4,chirp_mass_source,13615,15169,0.05764416500907279,3.6967615298706527,0.01559315215311974,6.938893903907228e-18,141067247,4000,0.015053789707144553,0.023937668655961544,0.03914997320882268
GW230609_064958,IMRPhenomXPHM-SpinTaylor,NRSur7dq4,chi_eff,13615,15169,0.013158926302172465,0.19961217909967463,0.06592246205378915,0.0,376274058,4000,0.047553820978135,0.06422913403718472,0.09463439585513898
GW230609_064958,IMRPhenomXPHM-SpinTaylor,NRSur7dq4,luminosity_distance,13615,15169,16.124376352097052,1571.9719766413605,0.010257419719751002,0.0,684873686,4000,0.011810464222516933,0.018401116941162372,0.034780005895682586
GW230609_064958,IMRPhenomXPHM-SpinTaylor,NRSur7dq4,final_mass_source,13615,15169,0.1683420697022263,7.967912651278553,0.021127499392857133,0.0,523005417,4000,0.015063271074983403,0.02651684626972905,0.04804713249308636
GW230609_064958,IMRPhenomXPHM-SpinTaylor,NRSur7dq4,final_spin,13615,15169,0.008809975553985376,0.07940100788878052,0.11095546250906267,1.734723475976807e-18,274469439,4000,0.09205329592884055,0.11321278179818162,0.13908339888234897
GW230609_064958,SEOBNRv5PHM,NRSur7dq4,chirp_mass_source,13771,15169,0.0414613022329609,3.682705605670211,0.011258380840739346,6.938893903907228e-18,158523450,4000,0.012484696657168743,0.021384658502584544,0.03649797895045036
GW230609_064958,SEOBNRv5PHM,NRSur7dq4,chi_eff,13771,15169,0.005455992459827278,0.2023318830443787,0.026965559642572894,8.673617379884035e-19,921475033,4000,0.01837076091978925,0.029546517476729726,0.05129338635396058
GW230609_064958,SEOBNRv5PHM,NRSur7dq4,luminosity_distance,13771,15169,32.422198013237434,1550.7037243596255,0.020908054519973775,7.105427357601002e-15,198665638,4000,0.016324922238365264,0.027514036745895972,0.036659325067677835
GW230609_064958,SEOBNRv5PHM,NRSur7dq4,final_mass_source,13771,15169,0.2885947980680996,8.023258389629003,0.03596977487863809,5.551115123125783e-17,666582670,4000,0.022618674776980256,0.037372205550878695,0.058279339997771115
GW230609_064958,SEOBNRv5PHM,NRSur7dq4,final_spin,13771,15169,0.001940218932554701,0.07931879113385742,0.024461024995708913,4.336808689942018e-19,459505293,4000,0.02292428492615547,0.03323772380516016,0.054788897553991994
GW230628_231200,IMRPhenomXPHM-SpinTaylor,SEOBNRv5PHM,chirp_mass_source,12876,14017,0.1779231777916631,2.2493302090065903,0.07910051493517367,0.0,505524101,4000,0.05033685780604089,0.07561149260653718,0.09647500406440698
GW230628_231200,IMRPhenomXPHM-SpinTaylor,SEOBNRv5PHM,chi_eff,12876,14017,0.026074507283564426,0.12869083455938363,0.20261355342701193,6.938893903907228e-18,966636537,4000,0.18180207882753777,0.20393081672020263,0.22577780599711178
GW230628_231200,IMRPhenomXPHM-SpinTaylor,SEOBNRv5PHM,luminosity_distance,12876,14017,20.16799473405667,771.7504109369137,0.026132794292357417,0.0,261013816,4000,0.017661961558442935,0.02774850658106426,0.04485215231180314
GW230628_231200,IMRPhenomXPHM-SpinTaylor,SEOBNRv5PHM,final_mass_source,12876,14017,0.40407982741637216,4.806606241987591,0.08406759511244677,0.0,821510618,4000,0.06170080298269526,0.08488193795410837,0.10674722099914404
GW230628_231200,IMRPhenomXPHM-SpinTaylor,SEOBNRv5PHM,final_spin,12876,14017,0.014535970801768978,0.05333920340145115,0.2725194580122565,1.734723475976807e-18,151018755,4000,0.25147163473837414,0.27662942609376384,0.30364314033430984
GW230628_231200,IMRPhenomXPHM-SpinTaylor,NRSur7dq4,chirp_mass_source,12876,15047,0.23159406186959913,2.4356068890305576,0.09508679865894956,5.551115123125783e-17,495459732,4000,0.07796423390937411,0.09499638943292511,0.12055323333714633
GW230628_231200,IMRPhenomXPHM-SpinTaylor,NRSur7dq4,chi_eff,12876,15047,0.0148141926443828,0.12138553482307936,0.12204248773113398,0.0,113884194,4000,0.10077279724023985,0.126299288994363,0.14359237782683557
GW230628_231200,IMRPhenomXPHM-SpinTaylor,NRSur7dq4,luminosity_distance,12876,15047,113.25696944950717,815.0841758554066,0.13895125534813305,0.0,313582970,4000,0.11426782100781532,0.14120058927670315,0.16319350356986922
GW230628_231200,IMRPhenomXPHM-SpinTaylor,NRSur7dq4,final_mass_source,12876,15047,0.35047452804542667,5.183596125819712,0.06761223666706945,0.0,396108339,4000,0.04730837512534243,0.0678070617145758,0.09320650390137518
GW230628_231200,IMRPhenomXPHM-SpinTaylor,NRSur7dq4,final_spin,12876,15047,0.016200202492190445,0.05036031025290394,0.3216859151747638,3.469446951953614e-18,231792935,4000,0.29248467844850173,0.32489919818173646,0.34485609722153265
GW230628_231200,SEOBNRv5PHM,NRSur7dq4,chirp_mass_source,14017,15047,0.40899398153825295,2.361899253238141,0.17316317830979716,0.0,977712588,4000,0.1536689520892895,0.17519278993212983,0.20134598430979028
GW230628_231200,SEOBNRv5PHM,NRSur7dq4,chi_eff,14017,15047,0.011440148096167412,0.12388878629918731,0.0923420790364338,3.469446951953614e-18,253240354,4000,0.08082136605669213,0.0957087919509028,0.1191652793418483
GW230628_231200,SEOBNRv5PHM,NRSur7dq4,luminosity_distance,14017,15047,121.43365762954483,803.8452155902156,0.1510659705057563,2.842170943040401e-14,268147084,4000,0.12735928709427813,0.15326581647596138,0.17445662869010534
GW230628_231200,SEOBNRv5PHM,NRSur7dq4,final_mass_source,14017,15047,0.750792421933675,5.047411057494795,0.14874802416158261,0.0,743717365,4000,0.12233824873046405,0.14895029408540467,0.17253364496333604
GW230628_231200,SEOBNRv5PHM,NRSur7dq4,final_spin,14017,15047,0.004103651626757868,0.046272764943737166,0.08868395116971026,0.0,351958066,4000,0.07532935655413034,0.09025909052006016,0.10584921501806525
GW230630_125806,IMRPhenomXPHM-SpinTaylor,SEOBNRv5PHM,chirp_mass_source,13778,16245,0.724675380320267,8.38359910547231,0.08643965094266523,0.0,610357320,4000,0.06901763307430184,0.0884897311858521,0.1057182126159795
GW230630_125806,IMRPhenomXPHM-SpinTaylor,SEOBNRv5PHM,chi_eff,13778,16245,0.02596871485062924,0.2625674789143089,0.09890301326732222,3.469446951953614e-18,624226019,4000,0.0758552666469901,0.09810386422652309,0.1220106171994543
GW230630_125806,IMRPhenomXPHM-SpinTaylor,SEOBNRv5PHM,luminosity_distance,13778,16245,380.0275793060142,3415.1034831862225,0.11127849600371587,0.0,173621058,4000,0.09273607432244944,0.11376038490350619,0.13105353167770456
GW230630_125806,IMRPhenomXPHM-SpinTaylor,SEOBNRv5PHM,final_mass_source,13778,16245,1.43986057047432,17.990474958071417,0.0800346057472111,2.220446049250313e-16,867532014,4000,0.058447645606157686,0.08068479066269583,0.10315133680963073
GW230630_125806,IMRPhenomXPHM-SpinTaylor,SEOBNRv5PHM,final_spin,13778,16245,0.010238800236292768,0.1156773558047488,0.08851170711037676,1.734723475976807e-18,102334271,4000,0.07487180072551573,0.09031907759744873,0.11178975210304717
GW230630_125806,IMRPhenomXPHM-SpinTaylor,NRSur7dq4,chirp_mass_source,13778,13722,0.19346381888486763,8.50907705729036,0.022736169573069356,0.0,531248776,4000,0.017305925488462437,0.028661622216753564,0.04292757617501228
GW230630_125806,IMRPhenomXPHM-SpinTaylor,NRSur7dq4,chi_eff,13778,13722,0.03185707578386575,0.2537120367385915,0.12556391172204898,0.0,621617103,4000,0.1055543319625297,0.12709646279513942,0.14408695724673118
GW230630_125806,IMRPhenomXPHM-SpinTaylor,NRSur7dq4,luminosity_distance,13778,13722,35.70939324358382,3567.9893275563722,0.010008267952987489,0.0,859812024,4000,0.011929811315439517,0.016684413230992484,0.025883589818965647
GW230630_125806,IMRPhenomXPHM-SpinTaylor,NRSur7dq4,final_mass_source,13778,13722,0.909659167767282,17.82670745693936,0.05102788442367023,1.1102230246251565e-16,656111276,4000,0.03584088753421334,0.04980302104160802,0.07122577247825375
GW230630_125806,IMRPhenomXPHM-SpinTaylor,NRSur7dq4,final_spin,13778,13722,0.02322567334960428,0.10928629352025654,0.21252137483553077,0.0,953536793,4000,0.18922377797654924,0.2148985263773302,0.23473096213556469
GW230630_125806,SEOBNRv5PHM,NRSur7dq4,chirp_mass_source,16245,13722,0.7392707747482018,8.232488604316247,0.08979918591816895,1.1102230246251565e-16,154268174,4000,0.06890871480849377,0.09013010963659708,0.11485011569626127
GW230630_125806,SEOBNRv5PHM,NRSur7dq4,chi_eff,16245,13722,0.009484469673156975,0.2479583911856269,0.03825024685717008,0.0,50471063,4000,0.024312079391510845,0.04173417365206016,0.05892445656080868
GW230630_125806,SEOBNRv5PHM,NRSur7dq4,luminosity_distance,16245,13722,372.65023419041864,3479.6198015286286,0.10709510102992,5.684341886080802e-14,577007631,4000,0.09435240082542162,0.1081601599039613,0.13266819264016516
GW230630_125806,SEOBNRv5PHM,NRSur7dq4,final_mass_source,16245,13722,2.305679494192797,17.721224807502196,0.13010835984749194,4.440892098500626e-16,254860187,4000,0.1042341034116711,0.12843258359832538,0.14971648890495165
GW230630_125806,SEOBNRv5PHM,NRSur7dq4,final_spin,16245,13722,0.014170168014104943,0.10310439661219295,0.137435148060691,0.0,818204898,4000,0.12031449484988337,0.1436195972419446,0.1639201966973879
GW230702_185453,IMRPhenomXPHM-SpinTaylor,SEOBNRv5PHM,chirp_mass_source,16399,16591,0.3390820107016336,3.3417085404399387,0.10146965439930113,0.0,570953479,4000,0.0802477251681125,0.10168501783833422,0.12437778564792734
GW230702_185453,IMRPhenomXPHM-SpinTaylor,SEOBNRv5PHM,chi_eff,16399,16591,0.02899358459947197,0.21402442053476461,0.13546858123492717,3.469446951953614e-18,914534574,4000,0.11475907271233309,0.13736041948836122,0.1627157209756405
GW230702_185453,IMRPhenomXPHM-SpinTaylor,SEOBNRv5PHM,luminosity_distance,16399,16591,77.81856952484986,1237.4463438314656,0.0628864192073999,0.0,985104397,4000,0.047676182714735275,0.06511085194512042,0.09721794501335299
GW230702_185453,IMRPhenomXPHM-SpinTaylor,SEOBNRv5PHM,final_mass_source,16399,16591,1.4381630770488147,9.95921179847004,0.14440531099757806,0.0,92681398,4000,0.11606440609290379,0.14300197180349739,0.16698738874821203
GW230702_185453,IMRPhenomXPHM-SpinTaylor,SEOBNRv5PHM,final_spin,16399,16591,0.01598997537834474,0.10630874187888445,0.15041072912481476,0.0,1006114477,4000,0.13000499971844956,0.15106862628073184,0.173841465039222
GW230702_185453,IMRPhenomXPHM-SpinTaylor,NRSur7dq4,chirp_mass_source,16399,16377,0.13822629764939975,3.302964786124111,0.04184915874068475,0.0,381098812,4000,0.024839733862605937,0.04467651728324391,0.0621305921561507
GW230702_185453,IMRPhenomXPHM-SpinTaylor,NRSur7dq4,chi_eff,16399,16377,0.006122326541213618,0.21103699817567878,0.029010678668377653,0.0,119063281,4000,0.02486375367965097,0.03760873506516077,0.05705506318495313
GW230702_185453,IMRPhenomXPHM-SpinTaylor,NRSur7dq4,luminosity_distance,16399,16377,88.00565798559569,1283.0972737111551,0.06858845372732598,0.0,844081196,4000,0.04568508662765708,0.07074563060414046,0.0873406763197122
GW230702_185453,IMRPhenomXPHM-SpinTaylor,NRSur7dq4,final_mass_source,16399,16377,0.649775120916938,10.651947723633675,0.06100059235882934,0.0,105318703,4000,0.042463668985152525,0.05954794030911924,0.07988318622877734
GW230702_185453,IMRPhenomXPHM-SpinTaylor,NRSur7dq4,final_spin,16399,16377,0.0019730910280979625,0.1108109927372507,0.017805914190990545,0.0,852345388,4000,0.018745908392710425,0.02554464081652025,0.03742495857005313
GW230702_185453,SEOBNRv5PHM,NRSur7dq4,chirp_mass_source,16591,16377,0.471601691911693,3.2727131586505855,0.14410113842856462,0.0,513386881,4000,0.1225756141606959,0.14554729217045687,0.1664300036679086
GW230702_185453,SEOBNRv5PHM,NRSur7dq4,chi_eff,16591,16377,0.02450106795510771,0.20940142992765287,0.11700525618938086,6.938893903907228e-18,757038244,4000,0.09899400101296814,0.11999231749922476,0.14111475509557633
GW230702_185453,SEOBNRv5PHM,NRSur7dq4,luminosity_distance,16591,16377,163.9586967702905,1276.322696119223,0.12846178891029833,0.0,552971075,4000,0.10206951622472245,0.12634636880802885,0.15427640176570542
GW230702_185453,SEOBNRv5PHM,NRSur7dq4,final_mass_source,16591,16377,0.8678222956296264,9.94988837939771,0.0872192996080784,0.0,572533491,4000,0.07168848305372427,0.08786229805972051,0.10870865880278553
GW230702_185453,SEOBNRv5PHM,NRSur7dq4,final_spin,16591,16377,0.015524723943611214,0.1079054672515028,0.1438733767532525,0.0,87202096,4000,0.12031134178613324,0.14445994628639602,0.16691449703336142
GW230704_021211,IMRPhenomXPHM-SpinTaylor,SEOBNRv5PHM,chirp_mass_source,15565,13932,0.12721685964094848,3.184382213017379,0.03995024815830868,0.0,658645091,4000,0.018874579295875715,0.041562803219557846,0.0749488560645955
GW230704_021211,IMRPhenomXPHM-SpinTaylor,SEOBNRv5PHM,chi_eff,15565,13932,0.009798027082650049,0.16867052891868564,0.058089739478872325,1.734723475976807e-18,642189334,4000,0.03864128230590733,0.05845360861356016,0.08341614853220185
GW230704_021211,IMRPhenomXPHM-SpinTaylor,SEOBNRv5PHM,luminosity_distance,15565,13932,12.504145851143232,1431.590062506355,0.008734445829591476,1.7763568394002505e-15,670602614,4000,0.011255229495661136,0.017224606016350875,0.03151362981685624
GW230704_021211,IMRPhenomXPHM-SpinTaylor,SEOBNRv5PHM,final_mass_source,15565,13932,0.10736478623913658,7.761195300090733,0.013833537501353872,1.3877787807814457e-17,746131432,4000,0.012607299747997501,0.023367978044244557,0.03613896156180488
GW230704_021211,IMRPhenomXPHM-SpinTaylor,SEOBNRv5PHM,final_spin,15565,13932,0.00676221958305637,0.08543031356232994,0.07915480233047086,0.0,77290304,4000,0.05004854825464959,0.07867595916708293,0.11044495769985581
GW230704_021211,IMRPhenomXPHM-SpinTaylor,NRSur7dq4,chirp_mass_source,15565,14171,0.023255156748436166,3.249772396257656,0.007155933989474504,0.0,864444769,4000,0.011403652540075016,0.017476337870774905,0.029717371918398416
GW230704_021211,IMRPhenomXPHM-SpinTaylor,NRSur7dq4,chi_eff,15565,14171,0.005149819123726995,0.16674684533211914,0.03088405728737961,8.673617379884035e-19,118130052,4000,0.01932570325853825,0.033631869652550495,0.05042522817722557
GW230704_021211,IMRPhenomXPHM-SpinTaylor,NRSur7dq4,luminosity_distance,15565,14171,10.352478094027056,1416.2890858493076,0.007309579800806679,0.0,628437044,4000,0.011639369372221145,0.01915434432107958,0.0302496439624673
GW230704_021211,IMRPhenomXPHM-SpinTaylor,NRSur7dq4,final_mass_source,15565,14171,0.10143983121727478,7.708752753961818,0.013159045886526978,0.0,1019556307,4000,0.012312464799135097,0.019194636962802367,0.0374129804646343
GW230704_021211,IMRPhenomXPHM-SpinTaylor,NRSur7dq4,final_spin,15565,14171,0.0032080127510876926,0.08105892450843283,0.03957630539193686,0.0,733586053,4000,0.03415096898187234,0.04927911489430724,0.06783313288018557
GW230704_021211,SEOBNRv5PHM,NRSur7dq4,chirp_mass_source,13932,14171,0.11646072288335466,3.188339437878012,0.03652707785745193,0.0,877114039,4000,0.01904326136968015,0.038887199838007216,0.0640006510804636
GW230704_021211,SEOBNRv5PHM,NRSur7dq4,chi_eff,13932,14171,0.00516149501625277,0.16863441334442447,0.03060760205398149,0.0,68683318,4000,0.01986974031570813,0.035692634302759874,0.05710974596778361
GW230704_021211,SEOBNRv5PHM,NRSur7dq4,luminosity_distance,13932,14171,14.37085960191351,1419.9046242729878,0.010121003450687121,0.0,654294399,4000,0.011215520088522274,0.01834614268949196,0.03439708346635144
GW230704_021211,SEOBNRv5PHM,NRSur7dq4,final_mass_source,13932,14171,0.1831529806917804,7.792001273517059,0.02350525548735069,0.0,104699819,4000,0.012049633495332022,0.026811800276616043,0.05301475997103384
GW230704_021211,SEOBNRv5PHM,NRSur7dq4,final_spin,13932,14171,0.004898803629489029,0.0826207655918193,0.05929264385773356,0.0,744552650,4000,0.041657255098194026,0.06362529549241748,0.08081196146882333
GW230707_124047,IMRPhenomXPHM-SpinTaylor,SEOBNRv5PHM,chirp_mass_source,13176,14085,0.4720389164589936,5.766181979206301,0.08186334010290262,5.551115123125783e-17,670746104,4000,0.06212135321992901,0.08434337604224586,0.10256567225020287
GW230707_124047,IMRPhenomXPHM-SpinTaylor,SEOBNRv5PHM,chi_eff,13176,14085,0.02199461546713643,0.21253755155495435,0.10348578548223952,0.0,332105998,4000,0.07945674078876856,0.10256366454726869,0.12104508670139319
GW230707_124047,IMRPhenomXPHM-SpinTaylor,SEOBNRv5PHM,luminosity_distance,13176,14085,175.35289346370655,2020.9874810978295,0.08676594739144665,2.842170943040401e-14,55049065,4000,0.06969368349701814,0.08318553419615099,0.11283052814175981
GW230707_124047,IMRPhenomXPHM-SpinTaylor,SEOBNRv5PHM,final_mass_source,13176,14085,0.8862835272349404,12.324638534975698,0.07191152298055514,0.0,485340483,4000,0.051969164952633644,0.0715428286983342,0.09093104620361331
GW230707_124047,IMRPhenomXPHM-SpinTaylor,SEOBNRv5PHM,final_spin,13176,14085,0.008787046036740149,0.07577848437749513,0.11595700427270285,0.0,769313299,4000,0.09663617563562478,0.11780669025082416,0.1416893528745103
GW230707_124047,IMRPhenomXPHM-SpinTaylor,NRSur7dq4,chirp_mass_source,13176,14997,0.08756442736453014,5.6836681366614314,0.01540632303981865,0.0,183341885,4000,0.014131765427841909,0.023240957472627347,0.03603375084886747
GW230707_124047,IMRPhenomXPHM-SpinTaylor,NRSur7dq4,chi_eff,13176,14997,0.02177803537199085,0.20898795866343187,0.10420712997663013,0.0,435694805,4000,0.07675269873788271,0.10458333069645756,0.12623544233821862
GW230707_124047,IMRPhenomXPHM-SpinTaylor,NRSur7dq4,luminosity_distance,13176,14997,58.63820894538288,2020.8429107028398,0.029016708144320225,7.105427357601002e-15,736375032,4000,0.017248786246576168,0.030433027682998166,0.04741360853335179
GW230707_124047,IMRPhenomXPHM-SpinTaylor,NRSur7dq4,final_mass_source,13176,14997,0.18865031099943128,12.108058117501812,0.015580558762494149,2.7755575615628914e-17,1006284496,4000,0.01745107656740265,0.025221009474662173,0.039538004994528746
GW230707_124047,IMRPhenomXPHM-SpinTaylor,NRSur7dq4,final_spin,13176,14997,0.015375661285810523,0.07303764973761606,0.21051692299857377,1.734723475976807e-18,1012345975,4000,0.18832433776597068,0.2150244389425136,0.23554993589623155
GW230707_124047,SEOBNRv5PHM,NRSur7dq4,chirp_mass_source,14085,14997,0.4006983529678888,5.796577291226505,0.06912671613546355,5.551115123125783e-17,115096683,4000,0.04795575256783706,0.06862808760895267,0.09253108080500386
GW230707_124047,SEOBNRv5PHM,NRSur7dq4,chi_eff,14085,14997,0.0032374961120591153,0.2101776956082739,0.015403614083261779,4.336808689942018e-19,575919051,4000,0.01506714971801,0.02251991092687276,0.03169403238447108
GW230707_124047,SEOBNRv5PHM,NRSur7dq4,luminosity_distance,14085,14997,123.15969172755018,2064.412379298011,0.0596584737441992,0.0,705131657,4000,0.03873140900231565,0.06197706352008689,0.08044093731501878
GW230707_124047,SEOBNRv5PHM,NRSur7dq4,final_mass_source,14085,14997,1.0010597096428033,12.440520363589876,0.08046767180034055,0.0,238468425,4000,0.05847099616036339,0.08204784794058051,0.10405257551253631
GW230707_124047,SEOBNRv5PHM,NRSur7dq4,final_spin,14085,14997,0.006593654510381923,0.07125434584407264,0.09253687522177179,0.0,509752950,4000,0.0748060717817401,0.09684989176567112,0.12121959601158351
GW230708_053705,IMRPhenomXPHM-SpinTaylor,SEOBNRv5PHM,chirp_mass_source,15667,14805,0.2724753147228142,3.2030889956285336,0.08506642028825276,5.551115123125783e-17,23094012,4000,0.0599994411081544,0.0866818640572187,0.10684648742777901
GW230708_053705,IMRPhenomXPHM-SpinTaylor,SEOBNRv5PHM,chi_eff,15667,14805,0.011308268747979189,0.19166973747850416,0.05899871777748648,3.469446951953614e-18,202499004,4000,0.04087393596561796,0.05945817340924239,0.08234840333705644
GW230708_053705,IMRPhenomXPHM-SpinTaylor,SEOBNRv5PHM,luminosity_distance,15667,14805,94.70950310360612,1593.2974388585915,0.0594424498488206,0.0,105483257,4000,0.03904630317602784,0.06083660352156794,0.07732663308898967
GW230708_053705,IMRPhenomXPHM-SpinTaylor,SEOBNRv5PHM,final_mass_source,15667,14805,0.6090597934960424,7.078982298633221,0.08603776189885896,2.220446049250313e-16,872150893,4000,0.0691485760244442,0.08831012419001108,0.10863227866387244
GW230708_053705,IMRPhenomXPHM-SpinTaylor,SEOBNRv5PHM,final_spin,15667,14805,0.0017333587040504117,0.07418914697920842,0.02336404682663607,4.336808689942018e-19,693363769,4000,0.019980713614348753,0.030919287901145516,0.04559028787898513
GW230708_053705,IMRPhenomXPHM-SpinTaylor,NRSur7dq4,chirp_mass_source,15667,15702,0.03440060477914807,3.201190777474377,0.010746190143121958,6.938893903907228e-18,944037373,4000,0.012041340017805406,0.018973960447261223,0.03306176213001393
GW230708_053705,IMRPhenomXPHM-SpinTaylor,NRSur7dq4,chi_eff,15667,15702,0.022903906323489643,0.1889825098469305,0.12119590507100916,3.469446951953614e-18,619672984,4000,0.10072185254243911,0.12104416825496986,0.1501345053996614
GW230708_053705,IMRPhenomXPHM-SpinTaylor,NRSur7dq4,luminosity_distance,15667,15702,57.18020482044845,1627.47855191417,0.03513422942083971,1.4210854715202004e-14,178627914,4000,0.02021758027285885,0.03794915811357512,0.0595537938846758
GW230708_053705,IMRPhenomXPHM-SpinTaylor,NRSur7dq4,final_mass_source,15667,15702,0.1006152182104576,7.0251383565846375,0.01432216891730699,2.7755575615628914e-17,826182578,4000,0.012993333057631406,0.019788267618641556,0.03803876041347309
GW230708_053705,IMRPhenomXPHM-SpinTaylor,NRSur7dq4,final_spin,15667,15702,0.012805662681627797,0.06930314162864382,0.1847775206244772,1.734723475976807e-18,31968552,4000,0.16245641404490294,0.18906861785005902,0.20876097764662702
GW230708_053705,SEOBNRv5PHM,NRSur7dq4,chirp_mass_source,14805,15702,0.28264522645225043,3.1664164664787897,0.08926344005738632,0.0,576031412,4000,0.06417213979322613,0.08747328250441644,0.11320478996296204
GW230708_053705,SEOBNRv5PHM,NRSur7dq4,chi_eff,14805,15702,0.011621748566520132,0.1867862947086506,0.0622194930556749,1.734723475976807e-18,220846180,4000,0.03966414534638342,0.06467283657720924,0.08203669069496011
GW230708_053705,SEOBNRv5PHM,NRSur7dq4,luminosity_distance,14805,15702,38.17220724305902,1592.9754556933647,0.023962834522421463,7.105427357601002e-15,770992724,4000,0.01785873275750196,0.031185102849723846,0.04718388821151353
GW230708_053705,SEOBNRv5PHM,NRSur7dq4,final_mass_source,14805,15702,0.6991114711312185,7.030748019392387,0.09943628603996496,0.0,189388126,4000,0.07943204922927737,0.09911773787989789,0.11866919481534376
GW230708_053705,SEOBNRv5PHM,NRSur7dq4,final_spin,14805,15702,0.011498106063480366,0.06833024447850256,0.16827257316630553,1.734723475976807e-18,248741159,4000,0.1456882425788486,0.1697205708417219,0.19814397019488292
GW230708_230935,IMRPhenomXPHM-SpinTaylor,SEOBNRv5PHM,chirp_mass_source,15306,13742,0.4603181130338004,7.069390305830154,0.06511425923875984,5.551115123125783e-17,729809547,4000,0.05256346256350894,0.06560793676284937,0.08266660445497337
GW230708_230935,IMRPhenomXPHM-SpinTaylor,SEOBNRv5PHM,chi_eff,15306,13742,0.026600073519339507,0.21909677656887752,0.12140787252055821,3.469446951953614e-18,233323967,4000,0.10155905312472784,0.1227902234828322,0.1481087578244688
GW230708_230935,IMRPhenomXPHM-SpinTaylor,SEOBNRv5PHM,luminosity_distance,15306,13742,29.634506600552644,1648.9694731527165,0.017971531361277115,3.552713678800501e-15,704170292,4000,0.013434561464605654,0.023791268615257596,0.04433001620627862
GW230708_230935,IMRPhenomXPHM-SpinTaylor,SEOBNRv5PHM,final_mass_source,15306,13742,1.1724617550798149,14.503984610137088,0.08083721726099742,0.0,126922013,4000,0.05237056085058973,0.07985673781758876,0.1008359392953686
GW230708_230935,IMRPhenomXPHM-SpinTaylor,SEOBNRv5PHM,final_spin,15306,13742,0.014731846334665732,0.10430026595957914,0.14124457113441072,1.734723475976807e-18,187797947,4000,0.12196459598131454,0.1433208110831447,0.1615037909108976
GW230708_230935,IMRPhenomXPHM-SpinTaylor,NRSur7dq4,chirp_mass_source,15306,15988,0.5542069892567154,7.2079680308481,0.07688810312210924,1.1102230246251565e-16,429497941,4000,0.05837018689445461,0.0823931914747657,0.10405736627886272
GW230708_230935,IMRPhenomXPHM-SpinTaylor,NRSur7dq4,chi_eff,15306,15988,0.026242944889303496,0.21653318854884318,0.12119594721334785,6.938893903907228e-18,553175636,4000,0.09945137570878144,0.12042673993012529,0.14546151935339727
GW230708_230935,IMRPhenomXPHM-SpinTaylor,NRSur7dq4,luminosity_distance,15306,15988,88.88800149554297,1656.2360318174651,0.05366867993929707,1.4210854715202004e-14,868702290,4000,0.03638375449098007,0.05551618690399272,0.0784619262635875
GW230708_230935,IMRPhenomXPHM-SpinTaylor,NRSur7dq4,final_mass_source,15306,15988,1.9558293948017345,14.45441837707532,0.13531014142386222,0.0,166089710,4000,0.11402783113513731,0.13610572310721403,0.16086523949702705
GW230708_230935,IMRPhenomXPHM-SpinTaylor,NRSur7dq4,final_spin,15306,15988,0.019562590630012127,0.10179097577222307,0.19218393852306903,0.0,437322387,4000,0.1710287735621398,0.1920973746345924,0.21815747451689982
GW230708_230935,SEOBNRv5PHM,NRSur7dq4,chirp_mass_source,13742,15988,0.2753229419716665,6.820030203631553,0.04036975405549694,5.551115123125783e-17,438287548,4000,0.02925716105833879,0.04714608709555933,0.07008825871389
GW230708_230935,SEOBNRv5PHM,NRSur7dq4,chi_eff,13742,15988,0.004466394267856605,0.2121596725326649,0.02105204167473883,0.0,332815662,4000,0.017607736836410596,0.02888949226547574,0.04204241636436247
GW230708_230935,SEOBNRv5PHM,NRSur7dq4,luminosity_distance,13742,15988,61.07070623102306,1653.1613311857022,0.03694177033963232,0.0,165751228,4000,0.018647780675211164,0.03755998247942088,0.06205741998885759
GW230708_230935,SEOBNRv5PHM,NRSur7dq4,final_mass_source,13742,15988,0.8023753021715686,13.9404422569785,0.05755737783497539,1.1102230246251565e-16,556673932,4000,0.03462779623915368,0.06138276972985252,0.08424073232779204
GW230708_230935,SEOBNRv5PHM,NRSur7dq4,final_spin,13742,15988,0.004853253137254468,0.09823290087420716,0.04940557688985828,0.0,401494537,4000,0.03658797820815242,0.05497504771112921,0.0748794509909442
GW230709_122727,IMRPhenomXPHM-SpinTaylor,SEOBNRv5PHM,chirp_mass_source,13398,14269,0.19548277755999852,6.699062996475806,0.029180614910299642,2.7755575615628914e-17,593696759,4000,0.019452295689139098,0.03417492170364905,0.051663297119657094
GW230709_122727,IMRPhenomXPHM-SpinTaylor,SEOBNRv5PHM,chi_eff,13398,14269,0.005426501513796221,0.24305563358376447,0.022326170489383373,0.0,809010472,4000,0.013730592435428065,0.025326153474128747,0.048955663004730525
GW230709_122727,IMRPhenomXPHM-SpinTaylor,SEOBNRv5PHM,luminosity_distance,13398,14269,64.52878574838886,2586.8125987711437,0.024945288181696283,0.0,46338021,4000,0.014978615364351435,0.029182033780330907,0.04425556376269232
GW230709_122727,IMRPhenomXPHM-SpinTaylor,SEOBNRv5PHM,final_mass_source,13398,14269,0.16145339487184265,13.527786419928304,0.011934945589767697,2.7755575615628914e-17,44260140,4000,0.01455277942362836,0.020933418841398137,0.033299788074463675
GW230709_122727,IMRPhenomXPHM-SpinTaylor,SEOBNRv5PHM,final_spin,13398,14269,0.004351795801263971,0.10418224082796779,0.0417709944293666,8.673617379884035e-19,826005444,4000,0.027999192803318782,0.043444253456652704,0.061031853416296286
GW230709_122727,IMRPhenomXPHM-SpinTaylor,NRSur7dq4,chirp_mass_source,13398,14529,0.33695895523938235,6.693164611518661,0.05034374242932706,5.551115123125783e-17,402915216,4000,0.032143037943007643,0.055316318220319835,0.0780166585843896
GW230709_122727,IMRPhenomXPHM-SpinTaylor,NRSur7dq4,chi_eff,13398,14529,0.012338192903628606,0.2402596000609576,0.05135358961930435,3.469446951953614e-18,443715237,4000,0.033531986539249256,0.05305665927480682,0.07144349938286575
GW230709_122727,IMRPhenomXPHM-SpinTaylor,NRSur7dq4,luminosity_distance,13398,14529,38.318165418006664,2615.898946838462,0.014648182592954306,0.0,65160154,4000,0.013513626099471723,0.022822550175248618,0.03452609546267944
GW230709_122727,IMRPhenomXPHM-SpinTaylor,NRSur7dq4,final_mass_source,13398,14529,0.7228142925043499,13.422765245013316,0.053849879612018266,2.220446049250313e-16,733791864,4000,0.033912602632180947,0.05433812274298568,0.07666593439911534
GW230709_122727,IMRPhenomXPHM-SpinTaylor,NRSur7dq4,final_spin,13398,14529,0.01359680085973762,0.10172373749003133,0.13366399225225156,1.734723475976807e-18,812787944,4000,0.1156747778073605,0.13340887641896798,0.160517989898829
GW230709_122727,SEOBNRv5PHM,NRSur7dq4,chirp_mass_source,14269,14529,0.23764654813434524,6.519326030090671,0.03645262516975854,2.7755575615628914e-17,57034148,4000,0.018507694055886106,0.037654742017586354,0.05662621312902957
GW230709_122727,SEOBNRv5PHM,NRSur7dq4,chi_eff,14269,14529,0.00761932588993367,0.23759536739873507,0.032068495161973576,1.734723475976807e-18,504092600,4000,0.021511328618329488,0.03654775872964867,0.055612460543703654
GW230709_122727,SEOBNRv5PHM,NRSur7dq4,luminosity_distance,14269,14529,31.859648148124514,2615.3848903316302,0.01218162889366724,7.105427357601002e-15,337471897,4000,0.012414679784286713,0.01988658961810866,0.03502013901259817
GW230709_122727,SEOBNRv5PHM,NRSur7dq4,final_mass_source,14269,14529,0.7329907214122752,13.38548042005447,0.054760135490847954,1.1102230246251565e-16,982120827,4000,0.03426497793063667,0.05350830275326375,0.06887386791877072
GW230709_122727,SEOBNRv5PHM,NRSur7dq4,final_spin,14269,14529,0.009510050995850497,0.09926935515011565,0.09580047116725345,1.734723475976807e-18,165135382,4000,0.07990104817236093,0.09764478009084768,0.12362056485504062
GW230726_002940,IMRPhenomXPHM-SpinTaylor,SEOBNRv5PHM,chirp_mass_source,12541,13385,0.08650873064988068,3.305094898505967,0.026174356049197267,1.3877787807814457e-17,619389564,4000,0.02209058485824399,0.03124175311525918,0.04962334877995442
GW230726_002940,IMRPhenomXPHM-SpinTaylor,SEOBNRv5PHM,chi_eff,12541,13385,0.01694219374996152,0.17180306218222618,0.09861403827593865,0.0,305203853,4000,0.08112574740703156,0.10189552164242177,0.1214441363944261
GW230726_002940,IMRPhenomXPHM-SpinTaylor,SEOBNRv5PHM,luminosity_distance,12541,13385,12.934931251775527,1032.0237718546664,0.012533559404867153,0.0,829893944,4000,0.01277612911423934,0.018926767588634905,0.02934811915188643
GW230726_002940,IMRPhenomXPHM-SpinTaylor,SEOBNRv5PHM,final_mass_source,12541,13385,0.22177602852131761,7.36121268289736,0.030127648537662814,0.0,75421399,4000,0.017038914980478517,0.03234146568905322,0.053185943290621
GW230726_002940,IMRPhenomXPHM-SpinTaylor,SEOBNRv5PHM,final_spin,12541,13385,0.008101169047839963,0.06365710406311481,0.12726260748223495,0.0,399736219,4000,0.10825617872180546,0.12963407642733998,0.15229541178802272
GW230726_002940,IMRPhenomXPHM-SpinTaylor,NRSur7dq4,chirp_mass_source,12541,11660,0.08330728602537261,3.3477025167477077,0.02488491304367917,1.3877787807814457e-17,294654653,4000,0.018326128582302367,0.03001693519575073,0.045606734471635164
GW230726_002940,IMRPhenomXPHM-SpinTaylor,NRSur7dq4,chi_eff,12541,11660,0.010977001703917856,0.16613820600624468,0.06607150737805162,1.734723475976807e-18,35959972,4000,0.05200668183902131,0.06710229330681079,0.08969729365078395
GW230726_002940,IMRPhenomXPHM-SpinTaylor,NRSur7dq4,luminosity_distance,12541,11660,13.222662890544674,1025.8886899442537,0.012888983980575112,1.7763568394002505e-15,202169665,4000,0.011553249825660654,0.018914808785116977,0.029452131319144776
GW230726_002940,IMRPhenomXPHM-SpinTaylor,NRSur7dq4,final_mass_source,12541,11660,0.31829878293947117,7.385665860576406,0.0430968295815416,5.551115123125783e-17,68289554,4000,0.025006609512714956,0.04175959859910287,0.06651397847172624
GW230726_002940,IMRPhenomXPHM-SpinTaylor,NRSur7dq4,final_spin,12541,11660,0.011706802707617647,0.06088763005751996,0.1922689829865006,1.734723475976807e-18,170918095,4000,0.1713797508620332,0.19523275706982934,0.21388163200531637
GW230726_002940,SEOBNRv5PHM,NRSur7dq4,chirp_mass_source,13385,11660,0.047739680547805,3.259414307696849,0.014646705217888847,6.938893903907228e-18,602031635,4000,0.012071521209347437,0.021041103892196055,0.03384919614391817
GW230726_002940,SEOBNRv5PHM,NRSur7dq4,chi_eff,13385,11660,0.007886360779684146,0.1699838326076255,0.046394769777242696,1.734723475976807e-18,1013097087,4000,0.034538021586991256,0.04936319806782946,0.06581599802562679
GW230726_002940,SEOBNRv5PHM,NRSur7dq4,luminosity_distance,13385,11660,6.910388539436292,1017.9269263851613,0.006788688225368303,0.0,82020825,4000,0.010844690926274653,0.01761639379291546,0.03228265683354041
GW230726_002940,SEOBNRv5PHM,NRSur7dq4,final_mass_source,13385,11660,0.11003390754286525,7.260590561561845,0.015154952838877004,2.7755575615628914e-17,603443344,4000,0.012398970349902137,0.019996146996315058,0.041111768274711094
GW230726_002940,SEOBNRv5PHM,NRSur7dq4,final_spin,13385,11660,0.00375439898032227,0.05968769829706283,0.06290071635258584,0.0,89990048,4000,0.05222508358624092,0.06764341014344447,0.09052215221277184
GW230805_034249,IMRPhenomXPHM-SpinTaylor,SEOBNRv5PHM,chirp_mass_source,15368,14792,0.1684199950035064,4.232087914077084,0.039795958501546096,0.0,775985513,4000,0.017528068721190938,0.04038081556068715,0.0598875465739516
GW230805_034249,IMRPhenomXPHM-SpinTaylor,SEOBNRv5PHM,chi_eff,15368,14792,0.022349954554335905,0.2250042956147987,0.0993312349582802,3.469446951953614e-18,646197580,4000,0.07965097322108991,0.09982491494881982,0.12308816375149167
GW230805_034249,IMRPhenomXPHM-SpinTaylor,SEOBNRv5PHM,luminosity_distance,15368,14792,231.32070085277954,1786.7179647955306,0.12946682431731835,0.0,791605244,4000,0.10762885463077365,0.12789456031528734,0.15084660311277567
GW230805_034249,IMRPhenomXPHM-SpinTaylor,SEOBNRv5PHM,final_mass_source,15368,14792,1.2285913371919874,9.275791024585324,0.13245138165959403,0.0,468417357,4000,0.10447579245872647,0.13185667536337958,0.1508550004042729
GW230805_034249,IMRPhenomXPHM-SpinTaylor,SEOBNRv5PHM,final_spin,15368,14792,0.0126113555444848,0.09535570194861126,0.13225591429531153,0.0,723324653,4000,0.1124792117954956,0.1320661503379182,0.15466269847225309
GW230805_034249,IMRPhenomXPHM-SpinTaylor,NRSur7dq4,chirp_mass_source,15368,13842,0.176243840798785,4.245157114893056,0.04151644710168164,2.7755575615628914e-17,611273093,4000,0.02536715656406337,0.04286372895892068,0.06427436533400038
GW230805_034249,IMRPhenomXPHM-SpinTaylor,NRSur7dq4,chi_eff,15368,13842,0.02708468547905631,0.2172646563386853,0.12466217900087284,3.469446951953614e-18,383754519,4000,0.10762469958161575,0.12789469692209138,0.15408640801530757
GW230805_034249,IMRPhenomXPHM-SpinTaylor,NRSur7dq4,luminosity_distance,15368,13842,127.531478104268,1764.1695223433444,0.07228980916463633,1.4210854715202004e-14,63403764,4000,0.05551315766116128,0.07450087582315523,0.0992382286068879
GW230805_034249,IMRPhenomXPHM-SpinTaylor,NRSur7dq4,final_mass_source,15368,13842,1.5770123438285422,9.205415090858612,0.17131355058552283,2.220446049250313e-16,472142351,4000,0.1510785602961658,0.17327282955066814,0.19243664460718257
GW230805_034249,IMRPhenomXPHM-SpinTaylor,NRSur7dq4,final_spin,15368,13842,0.022600521162918302,0.09145852255788278,0.2471122486000663,0.0,350792813,4000,0.2272168506994326,0.24716147780835604,0.27108612112178976
GW230805_034249,SEOBNRv5PHM,NRSur7dq4,chirp_mass_source,14792,13842,0.02794820288072561,4.208705685530154,0.006640569564370735,0.0,370498005,4000,0.011027298813253667,0.017777784582794984,0.037518417946118626
GW230805_034249,SEOBNRv5PHM,NRSur7dq4,chi_eff,14792,13842,0.009280813008669127,0.22465328113321809,0.04131171804771308,0.0,794922298,4000,0.03087146754407224,0.0441044340227278,0.05862315433830966
GW230805_034249,SEOBNRv5PHM,NRSur7dq4,luminosity_distance,14792,13842,104.08510606899388,1818.6627258085352,0.05723167060716003,1.4210854715202004e-14,685091090,4000,0.03509898622767186,0.05714853492832688,0.08264549122997315
GW230805_034249,SEOBNRv5PHM,NRSur7dq4,final_mass_source,14792,13842,0.3562380011489612,8.8580024243951,0.04021651655545671,5.551115123125783e-17,783814458,4000,0.023659049015320666,0.03991375667129056,0.06611646242682476
GW230805_034249,SEOBNRv5PHM,NRSur7dq4,final_spin,14792,13842,0.010246840277447622,0.08995422832301342,0.11391171341776854,1.734723475976807e-18,677584211,4000,0.09348619296800778,0.11381548247820303,0.13621687395787374
GW230806_204041,IMRPhenomXPHM-SpinTaylor,SEOBNRv5PHM,chirp_mass_source,13190,13934,0.1482198605628967,7.0452495754117805,0.02103826968460994,2.7755575615628914e-17,710027487,4000,0.014345489657112432,0.023877546935730416,0.04041323183503743
GW230806_204041,IMRPhenomXPHM-SpinTaylor,SEOBNRv5PHM,chi_eff,13190,13934,0.012737354976211623,0.21969558820410828,0.05797729066993361,1.734723475976807e-18,501007794,4000,0.03919054373325611,0.05872941956388733,0.07817906193471304
GW230806_204041,IMRPhenomXPHM-SpinTaylor,SEOBNRv5PHM,luminosity_distance,13190,13934,41.79727967145194,2784.8596690053996,0.015008756145468418,0.0,60773232,4000,0.014363501580893702,0.02394488182558696,0.03912533522898017
GW230806_204041,IMRPhenomXPHM-SpinTaylor,SEOBNRv5PHM,final_mass_source,13190,13934,0.29856911375330997,14.985673239668884,0.019923636995030795,0.0,159215587,4000,0.015507715780308778,0.025325023688641674,0.043109615752244826
GW230806_204041,IMRPhenomXPHM-SpinTaylor,SEOBNRv5PHM,final_spin,13190,13934,0.004876644528242183,0.0919007789650999,0.053064234962514625,8.673617379884035e-19,195880000,4000,0.04105195958547825,0.058113449879631865,0.08243987386049972
GW230806_204041,IMRPhenomXPHM-SpinTaylor,NRSur7dq4,chirp_mass_source,13190,14470,0.14028001681626656,7.175544314281286,0.019549738761569787,0.0,487114076,4000,0.01591308158272986,0.026523231952941984,0.0409772650800943
GW230806_204041,IMRPhenomXPHM-SpinTaylor,NRSur7dq4,chi_eff,13190,14470,0.015268321796833512,0.21622587369031,0.07061283433037066,0.0,95040276,4000,0.05524796051166363,0.07016826910323129,0.08995617008443813
GW230806_204041,IMRPhenomXPHM-SpinTaylor,NRSur7dq4,luminosity_distance,13190,14470,26.63384519951093,2779.0243549517763,0.009583883333751172,3.552713678800501e-15,762706724,4000,0.012445373494259861,0.01848192081611058,0.030995699295330137
GW230806_204041,IMRPhenomXPHM-SpinTaylor,NRSur7dq4,final_mass_source,13190,14470,0.3015963247819833,15.060379456595975,0.02002581180980095,5.551115123125783e-17,171869427,4000,0.014975919288942773,0.025727478734708015,0.04451445014753298
GW230806_204041,IMRPhenomXPHM-SpinTaylor,NRSur7dq4,final_spin,13190,14470,0.012512868126242322,0.08913651563227704,0.14037869931850144,0.0,87606208,4000,0.11476074105504533,0.14318702124023852,0.1695597511882039
GW230806_204041,SEOBNRv5PHM,NRSur7dq4,chirp_mass_source,13934,14470,0.27136034701286493,7.193227102239089,0.03772442370523747,0.0,730308114,4000,0.025250164292535415,0.04029525743929392,0.05908675004371971
GW230806_204041,SEOBNRv5PHM,NRSur7dq4,chi_eff,13934,14470,0.0038168965232365784,0.21354435851283715,0.017874021818315218,0.0,56352100,4000,0.015169658099218636,0.024445975191295006,0.03930485242278309
GW230806_204041,SEOBNRv5PHM,NRSur7dq4,luminosity_distance,13934,14470,48.686120240443486,2800.3285797748854,0.01738585985661629,0.0,897035545,4000,0.011417851263101278,0.022444703717339594,0.03595996479071933
GW230806_204041,SEOBNRv5PHM,NRSur7dq4,final_mass_source,13934,14470,0.5454018795975588,15.30452085703039,0.03563665172484111,0.0,453892707,4000,0.018983130734735402,0.037313691387179035,0.06293519604011079
GW230806_204041,SEOBNRv5PHM,NRSur7dq4,final_spin,13934,14470,0.007981605777259492,0.08716060414956583,0.09157354810853786,0.0,430952891,4000,0.07393002671014808,0.09341260080728665,0.11295073823891628
GW230811_032116,IMRPhenomXPHM-SpinTaylor,SEOBNRv5PHM,chirp_mass_source,16501,16593,0.09505213275113535,2.647973270870102,0.03589618286437688,1.3877787807814457e-17,1013800782,4000,0.0280840429748473,0.03901511430409678,0.0500814759882049
GW230811_032116,IMRPhenomXPHM-SpinTaylor,SEOBNRv5PHM,chi_eff,16501,16593,0.0016739253592460463,0.14253859651273545,0.011743663822987659,2.168404344971009e-19,604837534,4000,0.013273733700858591,0.021016856209508442,0.033706794354298734
GW230811_032116,IMRPhenomXPHM-SpinTaylor,SEOBNRv5PHM,luminosity_distance,16501,16593,30.254283993476502,919.3676624070661,0.03290770953838584,0.0,815761905,4000,0.02335662224432613,0.036435752957456005,0.04916989419472613
GW230811_032116,IMRPhenomXPHM-SpinTaylor,SEOBNRv5PHM,final_mass_source,16501,16593,0.46451349825780275,6.013670352001178,0.07724292671001262,1.1102230246251565e-16,137677980,4000,0.05339886599250165,0.07709715497875358,0.09998663948355073
GW230811_032116,IMRPhenomXPHM-SpinTaylor,SEOBNRv5PHM,final_spin,16501,16593,0.00679837025638589,0.07079879520692156,0.09602381278546468,0.0,277707859,4000,0.0736699831934011,0.1000089664471708,0.1218374772928512
GW230811_032116,IMRPhenomXPHM-SpinTaylor,NRSur7dq4,chirp_mass_source,16501,19034,0.10439517187622625,2.819817652094553,0.037021958422978805,1.3877787807814457e-17,272237361,4000,0.02191016061014112,0.03931087553881536,0.05824449615104908
GW230811_032116,IMRPhenomXPHM-SpinTaylor,NRSur7dq4,chi_eff,16501,19034,0.004833236831007146,0.13855177457763446,0.03488397637447038,0.0,900404084,4000,0.02292182986703171,0.038930283027187915,0.06280874379492815
GW230811_032116,IMRPhenomXPHM-SpinTaylor,NRSur7dq4,luminosity_distance,16501,19034,20.848733028789074,964.7131068846683,0.021611329710358694,3.552713678800501e-15,558530189,4000,0.014356058112314081,0.025747254540817513,0.041738697630463555
GW230811_032116,IMRPhenomXPHM-SpinTaylor,NRSur7dq4,final_mass_source,16501,19034,0.1273484906602647,6.104125673580423,0.02086269147626632,0.0,402900547,4000,0.018853044140805724,0.028619694432698253,0.045480476888277194
GW230811_032116,IMRPhenomXPHM-SpinTaylor,NRSur7dq4,final_spin,16501,19034,0.004558662032399492,0.06652351595392453,0.06852707598252789,0.0,592341835,4000,0.055405574695592,0.07179987140767785,0.09493750155220705
GW230811_032116,SEOBNRv5PHM,NRSur7dq4,chirp_mass_source,16593,19034,0.1515121183714523,2.7243928929809176,0.05561316752873849,0.0,804406809,4000,0.04357578607291929,0.05998048415929451,0.07218960845736823
GW230811_032116,SEOBNRv5PHM,NRSur7dq4,chi_eff,16593,19034,0.005214373227721964,0.1409116161609107,0.0370045661939434,0.0,737668444,4000,0.024022717794703174,0.04232716591427555,0.05964705368659837
GW230811_032116,SEOBNRv5PHM,NRSur7dq4,luminosity_distance,16593,19034,39.10102641168551,932.9180497708593,0.04191260574419092,7.105427357601002e-15,551794590,4000,0.033602825849142245,0.04334275283818732,0.060267008460115415
GW230811_032116,SEOBNRv5PHM,NRSur7dq4,final_mass_source,16593,19034,0.5654240289937826,6.113278859060575,0.09249112334467777,1.1102230246251565e-16,483472174,4000,0.07267358922623882,0.08811261401497142,0.11501201485618767
GW230811_032116,SEOBNRv5PHM,NRSur7dq4,final_spin,16593,19034,0.011333354195044132,0.06852631556119332,0.16538688972594126,1.734723475976807e-18,942112315,4000,0.14029797602732863,0.16754240293774628,0.18847454936896738
GW230814_061920,IMRPhenomXPHM-SpinTaylor,SEOBNRv5PHM,chirp_mass_source,14560,15471,0.2095686952132474,9.197303856713187,0.022785883610910766,5.551115123125783e-17,528280773,4000,0.016291857171155714,0.027907537070721907,0.0478534256811959
GW230814_061920,IMRPhenomXPHM-SpinTaylor,SEOBNRv5PHM,chi_eff,14560,15471,0.026713007817588542,0.22252318453375422,0.1200459532949767,0.0,48992609,4000,0.09725474870398075,0.12227040652317539,0.1459213324377073
GW230814_061920,IMRPhenomXPHM-SpinTaylor,SEOBNRv5PHM,luminosity_distance,14560,15471,174.5449914599327,2241.544266150903,0.07786818850544269,5.684341886080802e-14,275183681,4000,0.054188990198280135,0.08007342956286473,0.10716341135668624
GW230814_061920,IMRPhenomXPHM-SpinTaylor,SEOBNRv5PHM,final_mass_source,14560,15471,2.0363138571275905,18.41924515125413,0.11055359980313535,4.440892098500626e-16,189084841,4000,0.08721535367632426,0.1114735129169547,0.130966856161131
GW230814_061920,IMRPhenomXPHM-SpinTaylor,SEOBNRv5PHM,final_spin,14560,15471,0.011455427185263534,0.10355737374842561,0.11061913575649839,0.0,816013489,4000,0.08837592877800271,0.1125130530393463,0.14024311197898018
GW230814_061920,IMRPhenomXPHM-SpinTaylor,NRSur7dq4,chirp_mass_source,14560,15508,0.9491668991388413,9.53579636362958,0.09953724502329483,0.0,165337996,4000,0.07800962972907807,0.10115079695810139,0.11899436217334655
GW230814_061920,IMRPhenomXPHM-SpinTaylor,NRSur7dq4,chi_eff,14560,15508,0.011582723590629247,0.21138988850995227,0.0547931770638307,0.0,807662702,4000,0.037919876997775936,0.0545412626714613,0.08039007635382904
GW230814_061920,IMRPhenomXPHM-SpinTaylor,NRSur7dq4,luminosity_distance,14560,15508,281.50384869316036,2205.2031606073842,0.12765438292570971,0.0,732025127,4000,0.10776711377294715,0.12490110294916226,0.15439027266202673
GW230814_061920,IMRPhenomXPHM-SpinTaylor,NRSur7dq4,final_mass_source,14560,15508,2.3316086573165795,18.890667556492375,0.12342648296276056,4.440892098500626e-16,769583753,4000,0.10383779938477682,0.12114933071233816,0.14526409561740997
GW230814_061920,IMRPhenomXPHM-SpinTaylor,NRSur7dq4,final_spin,14560,15508,0.004334588133614482,0.09473215546988611,0.04575624941831267,0.0,689073934,4000,0.02972789410501959,0.04841784216902714,0.062314815556719694
GW230814_061920,SEOBNRv5PHM,NRSur7dq4,chirp_mass_source,15471,15508,0.7834230993876808,9.470423844633661,0.0827231296339077,0.0,985655963,4000,0.06638037058112865,0.08552853911011388,0.10717254811216385
GW230814_061920,SEOBNRv5PHM,NRSur7dq4,chi_eff,15471,15508,0.01540675548347412,0.22173861759703484,0.06948160699492043,1.734723475976807e-18,219308887,4000,0.057983441738400227,0.07299912662785843,0.09295062458777836
GW230814_061920,SEOBNRv5PHM,NRSur7dq4,luminosity_distance,15471,15508,117.35360971331967,2139.8561751030984,0.05484182118345667,1.4210854715202004e-14,30161446,4000,0.03987129064592843,0.05703633339607597,0.08031839849005609
GW230814_061920,SEOBNRv5PHM,NRSur7dq4,final_mass_source,15471,15508,0.5401120251283452,18.97003065237152,0.028471858323582816,0.0,374782990,4000,0.0200043027787991,0.029880733271393935,0.045868062154559366
GW230814_061920,SEOBNRv5PHM,NRSur7dq4,final_spin,15471,15508,0.010133727687501842,0.10040923945959551,0.10092425499925867,0.0,233582277,4000,0.09020537294592705,0.10528842797391105,0.1262579846021456
GW230814_230901,IMRPhenomXPHM-SpinTaylor,SEOBNRv5PHM,chirp_mass_source,14231,15635,0.03471944985304818,0.7228600484904355,0.048030666413994755,6.938893903907228e-18,203110506,4000,0.03228287981960637,0.05293662526536139,0.07353822729061046
GW230814_230901,IMRPhenomXPHM-SpinTaylor,SEOBNRv5PHM,chi_eff,14231,15635,0.0011749231021165253,0.047458631067601856,0.024756784502336798,2.168404344971009e-19,499707315,4000,0.02215243089242922,0.033570124999670194,0.04818602448327742
GW230814_230901,IMRPhenomXPHM-SpinTaylor,SEOBNRv5PHM,luminosity_distance,14231,15635,4.592877482763629,106.10786556693321,0.0432849860679407,8.881784197001252e-16,663303620,4000,0.02789500360592496,0.045444226006355976,0.07221471942975088
GW230814_230901,IMRPhenomXPHM-SpinTaylor,SEOBNRv5PHM,final_mass_source,14231,15635,0.09355842610973894,1.4708260985290167,0.063609441118367,0.0,118868674,4000,0.04423288153575779,0.0673487140651029,0.08824890249273583
GW230814_230901,IMRPhenomXPHM-SpinTaylor,SEOBNRv5PHM,final_spin,14231,15635,0.0008107919534531818,0.016628961041637802,0.048757823860613614,0.0,756764708,4000,0.031450073598425624,0.053679016991832834,0.07227797198197597
GW230814_230901,IMRPhenomXPHM-SpinTaylor,NRSur7dq4,chirp_mass_source,14231,14414,0.12037269880534637,0.7437375170912617,0.16184836187385154,0.0,100084568,4000,0.13762646454256225,0.16071447241368106,0.18764285530598948
GW230814_230901,IMRPhenomXPHM-SpinTaylor,NRSur7dq4,chi_eff,14231,14414,0.0064930718036928705,0.04049575923271417,0.16033954978790707,0.0,380628875,4000,0.14651880118735316,0.16479881684420505,0.17992882603206634
GW230814_230901,IMRPhenomXPHM-SpinTaylor,NRSur7dq4,luminosity_distance,14231,14414,24.934764937475006,115.60340392464464,0.21569230741448217,3.552713678800501e-15,932633969,4000,0.188898832096112,0.21304426279739402,0.2347837628475386
GW230814_230901,IMRPhenomXPHM-SpinTaylor,NRSur7dq4,final_mass_source,14231,14414,0.23221816244605684,1.5006056516927089,0.15474962538233197,2.7755575615628914e-17,303594575,4000,0.13123273134870747,0.15391681865280604,0.17442085463022883
GW230814_230901,IMRPhenomXPHM-SpinTaylor,NRSur7dq4,final_spin,14231,14414,0.0013803638220665734,0.015429520303515853,0.08946252345590007,2.168404344971009e-19,707200218,4000,0.07937988516419552,0.09332481731450955,0.11181735324122635
GW230814_230901,SEOBNRv5PHM,NRSur7dq4,chirp_mass_source,15635,14414,0.08657563722737055,0.7262785235434066,0.1192044572720954,1.3877787807814457e-17,782770475,4000,0.09221548913895494,0.11760182755760382,0.14277466105012218
GW230814_230901,SEOBNRv5PHM,NRSur7dq4,chi_eff,15635,14414,0.007560769307149249,0.04134971458694313,0.1828493710942491,1.734723475976807e-18,707536988,4000,0.168593695765294,0.18597546295897388,0.20324995717380978
GW230814_230901,SEOBNRv5PHM,NRSur7dq4,luminosity_distance,15635,14414,20.381243307697236,114.12899490358681,0.17858076578098997,3.552713678800501e-15,344312923,4000,0.1599220240845377,0.1782615723117712,0.19979379183389243
GW230814_230901,SEOBNRv5PHM,NRSur7dq4,final_mass_source,15635,14414,0.13984240687367097,1.4874181235587685,0.09401687706956714,0.0,996558113,4000,0.07887926659481555,0.0967193443782323,0.11988304551359481
GW230814_230901,SEOBNRv5PHM,NRSur7dq4,final_spin,15635,14414,0.002028259186082604,0.015768123665433453,0.12863034493627867,4.336808689942018e-19,348418673,4000,0.11393520839577283,0.1339350397960894,0.1546477892215927
GW230824_033047,IMRPhenomXPHM-SpinTaylor,SEOBNRv5PHM,chirp_mass_source,14380,14145,0.18666823998324875,6.459976998850802,0.028896115267354062,0.0,119603094,4000,0.018123822888338987,0.032546777482703924,0.04614940509583579
GW230824_033047,IMRPhenomXPHM-SpinTaylor,SEOBNRv5PHM,chi_eff,14380,14145,0.008192030377722,0.1934366228255454,0.04234994520717074,0.0,273820295,4000,0.028575605770130765,0.048057577735139016,0.06644736244616667
GW230824_033047,IMRPhenomXPHM-SpinTaylor,SEOBNRv5PHM,luminosity_distance,14380,14145,40.50714145333799,2287.7740457206583,0.017705918785601953,0.0,263946231,4000,0.014263283606012641,0.023512734937629745,0.03727452824352251
GW230824_033047,IMRPhenomXPHM-SpinTaylor,SEOBNRv5PHM,final_mass_source,14380,14145,0.398559825665324,13.35103351949487,0.029852357503511333,0.0,126069350,4000,0.015914280454944058,0.030360501433973654,0.05033975296597757
GW230824_033047,IMRPhenomXPHM-SpinTaylor,SEOBNRv5PHM,final_spin,14380,14145,0.006220949458409393,0.08481844711383235,0.07334429796929008,8.673617379884035e-19,230014058,4000,0.06180202161413052,0.0759953828786155,0.08960199500545334
GW230824_033047,IMRPhenomXPHM-SpinTaylor,NRSur7dq4,chirp_mass_source,14380,13603,0.21308066736275783,6.503585667398202,0.032763567401119825,2.7755575615628914e-17,223898009,4000,0.012611201678658007,0.03587377662570537,0.05422818923257861
GW230824_033047,IMRPhenomXPHM-SpinTaylor,NRSur7dq4,chi_eff,14380,13603,0.008327506074655976,0.19060215169487052,0.04369051451206721,1.734723475976807e-18,887665454,4000,0.03315455161837668,0.05081067666916636,0.07267438896776611
GW230824_033047,IMRPhenomXPHM-SpinTaylor,NRSur7dq4,luminosity_distance,14380,13603,47.163874493253395,2313.4535436939764,0.02038678261848522,0.0,217992818,4000,0.01317022623213186,0.022366859159797768,0.0422906773105104
GW230824_033047,IMRPhenomXPHM-SpinTaylor,NRSur7dq4,final_mass_source,14380,13603,0.38373896120438383,13.364845249694625,0.028712562999047963,0.0,649501927,4000,0.013899649203563841,0.02927326042349469,0.049526165817406584
GW230824_033047,IMRPhenomXPHM-SpinTaylor,NRSur7dq4,final_spin,14380,13603,0.01099716949340932,0.08466464108960448,0.129890936191066,1.734723475976807e-18,407516197,4000,0.10711472726881067,0.13137582759248972,0.15046226900329052
GW230824_033047,SEOBNRv5PHM,NRSur7dq4,chirp_mass_source,14145,13603,0.14867835035976582,6.358204582714372,0.02338370029236992,0.0,633937444,4000,0.013969618455990322,0.02857775322320727,0.0470324592552147
GW230824_033047,SEOBNRv5PHM,NRSur7dq4,chi_eff,14145,13603,0.0024878143118431673,0.1866075043704724,0.01333180206356601,0.0,347140315,4000,0.016365355915210038,0.02381618386053081,0.0331862856497741
GW230824_033047,SEOBNRv5PHM,NRSur7dq4,luminosity_distance,14145,13603,73.73582520088704,2258.8160606088236,0.03264357221765674,0.0,1012776064,4000,0.019194469312439955,0.037346731646681015,0.05536641672125576
GW230824_033047,SEOBNRv5PHM,NRSur7dq4,final_mass_source,14145,13603,0.1385141344174703,13.222762599249812,0.010475430786704803,0.0,425779561,4000,0.01192138632013162,0.018743648998955906,0.033994111662329324
GW230824_033047,SEOBNRv5PHM,NRSur7dq4,final_spin,14145,13603,0.00622186239937946,0.08066479019976025,0.07713231986312105,8.673617379884035e-19,159031801,4000,0.05202209842998946,0.07471353756479494,0.10431655165340545
GW230825_041334,IMRPhenomXPHM-SpinTaylor,SEOBNRv5PHM,chirp_mass_source,15825,18399,1.523620466841947,6.744911208249528,0.2258918493958002,0.0,541250939,4000,0.20559532006468176,0.22459734868150466,0.24761418068911173
GW230825_041334,IMRPhenomXPHM-SpinTaylor,SEOBNRv5PHM,chi_eff,15825,18399,0.005627042586543409,0.22552874906964956,0.024950444720489365,8.673617379884035e-19,679265658,4000,0.021612569082625075,0.030327186140466696,0.040618656613042405
GW230825_041334,IMRPhenomXPHM-SpinTaylor,SEOBNRv5PHM,luminosity_distance,15825,18399,619.5305521612552,3074.8734138799796,0.2014816445336234,0.0,202356090,4000,0.17515231920697083,0.20061738579343408,0.22794853804024007
GW230825_041334,IMRPhenomXPHM-SpinTaylor,SEOBNRv5PHM,final_mass_source,15825,18399,4.103419765572147,15.216943020732355,0.2696612427332766,0.0,647822530,4000,0.24219696759524745,0.2735569457921163,0.29341854716785376
GW230825_041334,IMRPhenomXPHM-SpinTaylor,SEOBNRv5PHM,final_spin,15825,18399,0.01210393023406392,0.08983528561955739,0.1347346997406202,0.0,624089152,4000,0.11810181278348114,0.138199947111095,0.16285318806415705
GW230825_041334,IMRPhenomXPHM-SpinTaylor,NRSur7dq4,chirp_mass_source,15825,16840,0.26144753903893286,6.573046750993688,0.03977570051504779,5.551115123125783e-17,744571851,4000,0.030898178442083233,0.04406765737551815,0.06150730605222275
GW230825_041334,IMRPhenomXPHM-SpinTaylor,NRSur7dq4,chi_eff,15825,16840,0.01920164164760339,0.225215635910814,0.08525891894649487,0.0,182801185,4000,0.06960619533815224,0.08942410973144141,0.1104782752300798
GW230825_041334,IMRPhenomXPHM-SpinTaylor,NRSur7dq4,luminosity_distance,15825,16840,329.69423738971886,3095.91978065789,0.10649314605937822,5.684341886080802e-14,59990752,4000,0.08477635405005095,0.10981993399570286,0.1271778397823064
GW230825_041334,IMRPhenomXPHM-SpinTaylor,NRSur7dq4,final_mass_source,15825,16840,0.8801826405421364,14.649900413956537,0.06008113472932634,1.1102230246251565e-16,167392404,4000,0.04166371189194138,0.06252216513035376,0.08329136328077026
GW230825_041334,IMRPhenomXPHM-SpinTaylor,NRSur7dq4,final_spin,15825,16840,0.011809707351063996,0.08851834840748063,0.13341536035783025,0.0,869589625,4000,0.11832052577675403,0.13689710840075375,0.1531983342223173
GW230825_041334,SEOBNRv5PHM,NRSur7dq4,chirp_mass_source,18399,16840,1.3064875736546444,6.611109068171647,0.19762003019199373,0.0,970426197,4000,0.18022095418001424,0.19714953427924514,0.21788855486122627
GW230825_041334,SEOBNRv5PHM,NRSur7dq4,chi_eff,18399,16840,0.018431066068541953,0.21823702188593053,0.08445435109619309,0.0,875938107,4000,0.07027592924552155,0.08721768643135205,0.11014522764025121
GW230825_041334,SEOBNRv5PHM,NRSur7dq4,luminosity_distance,18399,16840,293.26770918303106,2955.860031096927,0.09921569563434257,5.684341886080802e-14,205152772,4000,0.07954133255259445,0.0997470184966986,0.12384567261617996
GW230825_041334,SEOBNRv5PHM,NRSur7dq4,final_mass_source,18399,16840,3.2415806659866395,15.063765981447691,0.2151905884610078,4.440892098500626e-16,328583664,4000,0.19160540577672813,0.21249501553648853,0.23289208697014346
GW230825_041334,SEOBNRv5PHM,NRSur7dq4,final_spin,18399,16840,0.022426988618627377,0.08626727543679208,0.2599709855802691,3.469446951953614e-18,157346883,4000,0.2381796451547289,0.26271101141712555,0.2881428139122714
GW230914_111401,IMRPhenomXPHM-SpinTaylor,SEOBNRv5PHM,chirp_mass_source,16491,16246,0.2581177775360506,5.746134994473039,0.04492024252551028,0.0,526285617,4000,0.03025440539471815,0.04567766430350937,0.06040990044736704
GW230914_111401,IMRPhenomXPHM-SpinTaylor,SEOBNRv5PHM,chi_eff,16491,16246,0.020659474420630902,0.16457846723023067,0.12552963196412645,0.0,885353574,4000,0.10608050661220864,0.1289558351810034,0.14771897512056822
GW230914_111401,IMRPhenomXPHM-SpinTaylor,SEOBNRv5PHM,luminosity_distance,16491,16246,42.875990883656044,1158.8982035085098,0.036997201957731055,7.105427357601002e-15,566950341,4000,0.024611440921297405,0.03821654864411406,0.05602456080722737
GW230914_111401,IMRPhenomXPHM-SpinTaylor,SEOBNRv5PHM,final_mass_source,16491,16246,0.5209790426152623,10.105175737429533,0.05155566376600041,1.1102230246251565e-16,130889184,4000,0.040193701172682055,0.056157896864853424,0.07804944983663577
GW230914_111401,IMRPhenomXPHM-SpinTaylor,SEOBNRv5PHM,final_spin,16491,16246,0.007642479571950123,0.09180425668651554,0.08324755134227531,8.673617379884035e-19,651862438,4000,0.06072942724687238,0.08113101056924824,0.10394257019279186
GW230914_111401,IMRPhenomXPHM-SpinTaylor,NRSur7dq4,chirp_mass_source,16491,16513,0.3660317899321645,5.886441580504986,0.06218218339996902,5.551115123125783e-17,626675319,4000,0.046825562629859166,0.06530936675724199,0.08446986584119273
GW230914_111401,IMRPhenomXPHM-SpinTaylor,NRSur7dq4,chi_eff,16491,16513,0.009882462309731943,0.15996882335397364,0.06177742701691543,0.0,235489440,4000,0.05039031760210233,0.06417036139328146,0.07891313967062517
GW230914_111401,IMRPhenomXPHM-SpinTaylor,NRSur7dq4,luminosity_distance,16491,16513,107.54211948809129,1204.5344461089041,0.08928106608780884,0.0,114237752,4000,0.06187571963718944,0.08931163664648767,0.10891388159029747
GW230914_111401,IMRPhenomXPHM-SpinTaylor,NRSur7dq4,final_mass_source,16491,16513,0.31796668907726383,10.562903124072854,0.030102206310367252,5.551115123125783e-17,324595628,4000,0.01902228119991123,0.032990040307836324,0.050043373135493396
GW230914_111401,IMRPhenomXPHM-SpinTaylor,NRSur7dq4,final_spin,16491,16513,0.011590989570237357,0.0849538069516354,0.136438730483687,0.0,607158941,4000,0.11690747726210556,0.1369611194157618,0.15395376456642157
GW230914_111401,SEOBNRv5PHM,NRSur7dq4,chirp_mass_source,16246,16513,0.5006977317511864,5.686349983420534,0.08805257031506167,0.0,842733698,4000,0.06527863375242986,0.09018609636559981,0.10869872619159532
GW230914_111401,SEOBNRv5PHM,NRSur7dq4,chi_eff,16246,16513,0.01743763992661578,0.15437355393456342,0.11295743009199183,3.469446951953614e-18,115366566,4000,0.0881431245966646,0.11226744296061583,0.1403886722414842
GW230914_111401,SEOBNRv5PHM,NRSur7dq4,luminosity_distance,16246,16513,90.71821849806648,1190.7474740654516,0.07618594242181025,0.0,126839484,4000,0.058116105967898554,0.07848613120982686,0.10157426472140202
GW230914_111401,SEOBNRv5PHM,NRSur7dq4,final_mass_source,16246,16513,0.8241568938288234,10.294765790015994,0.08005591488328002,0.0,850201742,4000,0.06684702478480338,0.0829241867061676,0.1020043748395095
GW230914_111401,SEOBNRv5PHM,NRSur7dq4,final_spin,16246,16513,0.008514390732151638,0.08260657020052564,0.10307159238645475,1.734723475976807e-18,438393992,4000,0.08872514471733947,0.10436803987719583,0.11767688651730492
GW230920_071124,IMRPhenomXPHM-SpinTaylor,SEOBNRv5PHM,chirp_mass_source,12590,14477,0.08565128467623799,3.448963415551413,0.024833920907956122,1.3877787807814457e-17,325174147,4000,0.01437995247557907,0.02634214948253882,0.04191116215669527
GW230920_071124,IMRPhenomXPHM-SpinTaylor,SEOBNRv5PHM,chi_eff,12590,14477,0.011884423368803038,0.17768682007676573,0.06688410183528881,0.0,141010812,4000,0.05322494171060451,0.06846947370111214,0.08260586675773006
GW230920_071124,IMRPhenomXPHM-SpinTaylor,SEOBNRv5PHM,luminosity_distance,12590,14477,43.21275114425539,1393.8245811150703,0.03100300549276069,0.0,581303433,4000,0.016114701132279467,0.02973132030368375,0.0503537319585997
GW230920_071124,IMRPhenomXPHM-SpinTaylor,SEOBNRv5PHM,final_mass_source,12590,14477,0.12136824156313143,7.314083369963427,0.01659377333071585,0.0,437373613,4000,0.013584708574534381,0.023292829289745312,0.04001670029947309
GW230920_071124,IMRPhenomXPHM-SpinTaylor,SEOBNRv5PHM,final_spin,12590,14477,0.004723443351560515,0.07678209625242066,0.06151750970737012,0.0,364714737,4000,0.047003265696151916,0.06583591296648132,0.08181627906893135
GW230920_071124,IMRPhenomXPHM-SpinTaylor,NRSur7dq4,chirp_mass_source,12590,14989,0.3017847229407838,3.516974798041703,0.08580804249971351,5.551115123125783e-17,347457836,4000,0.06996587869579265,0.08649551668602112,0.11230165547101408
GW230920_071124,IMRPhenomXPHM-SpinTaylor,NRSur7dq4,chi_eff,12590,14989,0.010998435163149262,0.17045719856855937,0.0645231486584921,1.734723475976807e-18,408090871,4000,0.04936907760821802,0.06472381483563415,0.09284659475562373
GW230920_071124,IMRPhenomXPHM-SpinTaylor,NRSur7dq4,luminosity_distance,12590,14989,68.30511958829746,1386.2890595494882,0.049271917078026306,0.0,194349531,4000,0.03247009793143267,0.049803436152941305,0.06694022984523032
GW230920_071124,IMRPhenomXPHM-SpinTaylor,NRSur7dq4,final_mass_source,12590,14989,0.458588714267012,7.3799630542639,0.0621397032607168,0.0,120399086,4000,0.04740234809413654,0.06253471911778255,0.09135760495134122
GW230920_071124,IMRPhenomXPHM-SpinTaylor,NRSur7dq4,final_spin,12590,14989,0.0021820610236669208,0.0730055995971593,0.029888954213202933,0.0,618103762,4000,0.02617233669705832,0.03808853883366882,0.0529094066204791
GW230920_071124,SEOBNRv5PHM,NRSur7dq4,chirp_mass_source,14477,14989,0.231321453381919,3.477940714070556,0.06651103983632375,2.7755575615628914e-17,248494816,4000,0.044925588695918055,0.06959853605962779,0.0894017534607715
GW230920_071124,SEOBNRv5PHM,NRSur7dq4,chi_eff,14477,14989,0.005578065726372328,0.1792400520859202,0.031120643301857757,8.673617379884035e-19,825907080,4000,0.022859460732308184,0.03623017038306649,0.051353505744897276
GW230920_071124,SEOBNRv5PHM,NRSur7dq4,luminosity_distance,14477,14989,111.38623144299939,1383.3775194042053,0.08051759543625615,0.0,253405242,4000,0.05561108275056304,0.08138065310660979,0.09746946705527178
GW230920_071124,SEOBNRv5PHM,NRSur7dq4,final_mass_source,14477,14989,0.3463992058917989,7.4102573229781505,0.046745907840158855,0.0,203723867,4000,0.029155991191108014,0.04963527776536641,0.06666725328793575
GW230920_071124,SEOBNRv5PHM,NRSur7dq4,final_spin,14477,14989,0.00589071498997721,0.07517148708438959,0.07836368839376731,8.673617379884035e-19,596482039,4000,0.06500086870556172,0.08190915882892147,0.1017191216630344
GW230922_020344,IMRPhenomXPHM-SpinTaylor,SEOBNRv5PHM,chirp_mass_source,15122,14525,0.4602519267798503,2.600673995798104,0.17697409499363512,0.0,912502056,4000,0.16089467785005368,0.1730601051075581,0.1952784134380977
GW230922_020344,IMRPhenomXPHM-SpinTaylor,SEOBNRv5PHM,chi_eff,15122,14525,0.02099276720060285,0.1589905361146895,0.13203784145654743,6.938893903907228e-18,213120647,4000,0.11197075612273853,0.1316686003994118,0.1561145268815999
GW230922_020344,IMRPhenomXPHM-SpinTaylor,SEOBNRv5PHM,luminosity_distance,15122,14525,69.73576875241754,620.9089715906997,0.1123123870698184,1.4210854715202004e-14,394115310,4000,0.09368527266093808,0.11064298504787203,0.12671872799674008
GW230922_020344,IMRPhenomXPHM-SpinTaylor,SEOBNRv5PHM,final_mass_source,15122,14525,1.3967059974834315,6.21831851418543,0.2246115238865974,0.0,1015988695,4000,0.20003059498145553,0.22426260809389786,0.25136260963289525
GW230922_020344,IMRPhenomXPHM-SpinTaylor,SEOBNRv5PHM,final_spin,15122,14525,0.012715840736439858,0.06185175621086636,0.20558576692776087,1.734723475976807e-18,201344155,4000,0.1813085487396317,0.2047370438889524,0.22304892876849133
GW230922_020344,IMRPhenomXPHM-SpinTaylor,NRSur7dq4,chirp_mass_source,15122,14799,0.48926618897305757,2.6515228532447797,0.1845227124383718,5.551115123125783e-17,46207440,4000,0.1656609438976131,0.1839645162234439,0.2087591229430197
GW230922_020344,IMRPhenomXPHM-SpinTaylor,NRSur7dq4,chi_eff,15122,14799,0.022881266659320006,0.15676328150550997,0.1459606257254558,3.469446951953614e-18,834340201,4000,0.1256134583393232,0.14470019494944275,0.16698977152554506
GW230922_020344,IMRPhenomXPHM-SpinTaylor,NRSur7dq4,luminosity_distance,15122,14799,73.81049457632973,631.0184622569826,0.1169704200291217,1.4210854715202004e-14,180211476,4000,0.09718052703976757,0.11666036209355485,0.13929543685948995
GW230922_020344,IMRPhenomXPHM-SpinTaylor,NRSur7dq4,final_mass_source,15122,14799,1.67342415879248,6.176209394339569,0.2709467979382557,2.220446049250313e-16,981291577,4000,0.25184234068032163,0.27208303635536757,0.29040232452050924
GW230922_020344,IMRPhenomXPHM-SpinTaylor,NRSur7dq4,final_spin,15122,14799,0.017941463250810925,0.060243132589527404,0.29781756823731054,0.0,833306524,4000,0.27397707140303895,0.29798193091170777,0.32115906256817617
GW230922_020344,SEOBNRv5PHM,NRSur7dq4,chirp_mass_source,14525,14799,0.057164379060175574,2.530774577008197,0.022587700848391457,0.0,703568378,4000,0.017559547948672156,0.02750688610638273,0.03914691352691332
GW230922_020344,SEOBNRv5PHM,NRSur7dq4,chi_eff,14525,14799,0.002253783850948656,0.15513900009579804,0.01452751306606945,0.0,141719383,4000,0.013496078624398371,0.021375707854510033,0.036838765638742534
GW230922_020344,SEOBNRv5PHM,NRSur7dq4,luminosity_distance,14525,14799,10.150697982336961,615.12029424869,0.01650197217884846,0.0,245752926,4000,0.014076511295086835,0.0223021420790505,0.03481360709645013
GW230922_020344,SEOBNRv5PHM,NRSur7dq4,final_mass_source,14525,14799,0.27758428156181536,5.772863468931817,0.04808433164160354,5.551115123125783e-17,471924660,4000,0.033725431721853195,0.05131137188927037,0.06968276956960075
GW230922_020344,SEOBNRv5PHM,NRSur7dq4,final_spin,14525,14799,0.005229417738999148,0.05762450270900643,0.09074989792808773,0.0,859601777,4000,0.0663269437993992,0.09081233120939758,0.11661305622884034
GW230922_040658,IMRPhenomXPHM-SpinTaylor,SEOBNRv5PHM,chirp_mass_source,13577,15198,1.2198844150142465,11.39196375266901,0.10708289119410525,2.220446049250313e-16,603939057,4000,0.08807599320321147,0.11094428318066155,0.13154317431544993
GW230922_040658,IMRPhenomXPHM-SpinTaylor,SEOBNRv5PHM,chi_eff,13577,15198,0.004152673156915484,0.24171930304308262,0.01717973328830646,0.0,461500329,4000,0.013883253204604566,0.022718462077545673,0.04213472881057709
GW230922_040658,IMRPhenomXPHM-SpinTaylor,SEOBNRv5PHM,luminosity_distance,13577,15198,195.4759264110408,3383.1611669931517,0.05777907606594271,5.684341886080802e-14,817671580,4000,0.03928391727952739,0.059735845723310935,0.08031357313228288
GW230922_040658,IMRPhenomXPHM-SpinTaylor,SEOBNRv5PHM,final_mass_source,13577,15198,0.3813840268538122,22.080856394611224,0.017272157385475682,1.1102230246251565e-16,685508132,4000,0.012922975906987221,0.024188078402875193,0.038594243836816824
GW230922_040658,IMRPhenomXPHM-SpinTaylor,SEOBNRv5PHM,final_spin,13577,15198,0.004199467240908525,0.08863516738739613,0.0473792442062414,8.673617379884035e-19,567094980,4000,0.034259546857626076,0.05258115016866628,0.07023198187426581
GW230922_040658,IMRPhenomXPHM-SpinTaylor,NRSur7dq4,chirp_mass_source,13577,15031,0.36072855730513415,11.964481909424482,0.030149952169762274,5.551115123125783e-17,696951773,4000,0.02210705964732159,0.032256469690115294,0.05335257325538091
GW230922_040658,IMRPhenomXPHM-SpinTaylor,NRSur7dq4,chi_eff,13577,15031,0.014895215027362692,0.23891102576497425,0.06234628552478643,0.0,256306941,4000,0.03983289038647213,0.06140095975990821,0.08551492879470847
GW230922_040658,IMRPhenomXPHM-SpinTaylor,NRSur7dq4,luminosity_distance,13577,15031,42.63770000093731,3377.0295280832693,0.01262580017330721,7.105427357601002e-15,908612145,4000,0.011298716287754772,0.018468475326674182,0.034968151312681675
GW230922_040658,IMRPhenomXPHM-SpinTaylor,NRSur7dq4,final_mass_source,13577,15031,1.1014201297120598,22.61483795050156,0.048703427905289594,2.220446049250313e-16,277379449,4000,0.03360990020838364,0.05054249136205016,0.06737217415891172
GW230922_040658,IMRPhenomXPHM-SpinTaylor,NRSur7dq4,final_spin,13577,15031,0.010260927483913357,0.08924800212105993,0.114970948817375,0.0,278840148,4000,0.09226883222368538,0.11521886433733283,0.1324879295708053
GW230922_040658,SEOBNRv5PHM,NRSur7dq4,chirp_mass_source,15198,15031,0.8891985915134882,11.654936804043537,0.07629372912644122,1.1102230246251565e-16,625082630,4000,0.06170853327592814,0.07826746937756542,0.09450782693561918
GW230922_040658,SEOBNRv5PHM,NRSur7dq4,chi_eff,15198,15031,0.01153084893180298,0.23998088207359608,0.04804903137353566,0.0,403072725,4000,0.03351296100737052,0.05127008406738143,0.06930376640590667
GW230922_040658,SEOBNRv5PHM,NRSur7dq4,luminosity_distance,15198,15031,162.76929201223777,3388.896573481233,0.04803017397637294,0.0,790464651,4000,0.02712531174911827,0.04912238725031236,0.07265196797834228
GW230922_040658,SEOBNRv5PHM,NRSur7dq4,final_mass_source,15198,15031,1.2877491834619876,22.536500907756846,0.0571405999863429,0.0,682871256,4000,0.037886546627414905,0.057167353849805716,0.07708595888982596
GW230922_040658,SEOBNRv5PHM,NRSur7dq4,final_spin,15198,15031,0.010798437447913934,0.08711846824165526,0.12395118584914142,0.0,486449770,4000,0.10471023113114271,0.1281618287235125,0.15240964023308748
GW230924_124453,IMRPhenomXPHM-SpinTaylor,SEOBNRv5PHM,chirp_mass_source,14748,13747,0.08012421794999597,2.2154048963676143,0.0361668506201137,0.0,553761682,4000,0.016129610398199982,0.03816860842986179,0.059055506653831025
GW230924_124453,IMRPhenomXPHM-SpinTaylor,SEOBNRv5PHM,chi_eff,14748,13747,0.008571761080723068,0.13986326671899238,0.0612867215374363,0.0,310582024,4000,0.047101186711021835,0.06365370065386541,0.07580795949867722
GW230924_124453,IMRPhenomXPHM-SpinTaylor,SEOBNRv5PHM,luminosity_distance,14748,13747,20.541116423006567,915.8460833565968,0.02242856828925108,3.552713678800501e-15,798099466,4000,0.011019268199549261,0.025050628555554014,0.050112567206195426
GW230924_124453,IMRPhenomXPHM-SpinTaylor,SEOBNRv5PHM,final_mass_source,14748,13747,0.15589856171623948,4.792138124399976,0.032532151133636104,2.7755575615628914e-17,632936501,4000,0.01443371296467788,0.03336871499567681,0.06020738085226304
GW230924_124453,IMRPhenomXPHM-SpinTaylor,SEOBNRv5PHM,final_spin,14748,13747,0.003350433294857365,0.05283428082010477,0.06341400399231782,0.0,365074186,4000,0.0516622686801289,0.06719828918211024,0.08610516837557708
GW230924_124453,IMRPhenomXPHM-SpinTaylor,NRSur7dq4,chirp_mass_source,14748,14963,0.1057030862820026,2.2450141367315126,0.04708348359707631,0.0,668101183,4000,0.027301933858297392,0.05035413198660898,0.07257078179070779
GW230924_124453,IMRPhenomXPHM-SpinTaylor,NRSur7dq4,chi_eff,14748,14963,0.0025086134341108074,0.13182191952584243,0.01903032092943403,0.0,61651126,4000,0.014692373186437223,0.025946742733749896,0.04730530127019935
GW230924_124453,IMRPhenomXPHM-SpinTaylor,NRSur7dq4,luminosity_distance,14748,14963,23.446945310139988,911.4225880031196,0.025725657470823768,0.0,991825244,4000,0.011980647418934471,0.02347169188447388,0.045057493483693
GW230924_124453,IMRPhenomXPHM-SpinTaylor,NRSur7dq4,final_mass_source,14748,14963,0.12010405276760171,4.820561794077708,0.024914949314653597,0.0,855486206,4000,0.01418661822019661,0.028605959810327805,0.04637385734654981
GW230924_124453,IMRPhenomXPHM-SpinTaylor,NRSur7dq4,final_spin,14748,14963,0.0017310196123657324,0.04855592518981727,0.03565001811001939,2.168404344971009e-19,353366528,4000,0.026364001518513563,0.0420852984448814,0.059171435211782065
GW230924_124453,SEOBNRv5PHM,NRSur7dq4,chirp_mass_source,13747,14963,0.045215904133244625,2.2622334989090884,0.019987284316605243,6.938893903907228e-18,542215171,4000,0.014962321927910796,0.024474886024128895,0.03627141306033604
GW230924_124453,SEOBNRv5PHM,NRSur7dq4,chi_eff,13747,14963,0.008730358280197484,0.13957833529887825,0.06254809001341949,0.0,999983128,4000,0.05149623668441171,0.06392724484193556,0.07659651643627377
GW230924_124453,SEOBNRv5PHM,NRSur7dq4,luminosity_distance,13747,14963,8.729791822249908,914.5339266852525,0.00954561833904973,0.0,996506487,4000,0.010251988526256061,0.0177338750338045,0.02791255620659333
GW230924_124453,SEOBNRv5PHM,NRSur7dq4,final_mass_source,13747,14963,0.07534273522651895,4.860357239081981,0.015501480965368216,0.0,41644050,4000,0.014408405772789666,0.021506982717350263,0.03755464386271306
GW230924_124453,SEOBNRv5PHM,NRSur7dq4,final_spin,13747,14963,0.005044723605629797,0.05120808018509376,0.09851421079242634,0.0,407533208,4000,0.08218814810613244,0.09911771270729006,0.12056968199326254
GW230927_043729,IMRPhenomXPHM-SpinTaylor,SEOBNRv5PHM,chirp_mass_source,14310,13065,0.09289094257153094,3.885317175034107,0.023908200640200116,0.0,264193329,4000,0.016754767518573625,0.028647502540433918,0.04758567951000404
GW230927_043729,IMRPhenomXPHM-SpinTaylor,SEOBNRv5PHM,chi_eff,14310,13065,0.006529554160725128,0.16381378936979318,0.03985961246513452,0.0,847263612,4000,0.02342280647469463,0.04204830854989203,0.06533732604169318
GW230927_043729,IMRPhenomXPHM-SpinTaylor,SEOBNRv5PHM,luminosity_distance,14310,13065,34.153316941451685,1574.5965273289787,0.0216902021239604,7.105427357601002e-15,524022059,4000,0.013107442524148336,0.026795532572090316,0.04027753412002968
GW230927_043729,IMRPhenomXPHM-SpinTaylor,SEOBNRv5PHM,final_mass_source,14310,13065,0.17426925747232816,8.297415865059271,0.021002835136440794,2.7755575615628914e-17,882971061,4000,0.014627963371949196,0.024682184644393673,0.04312195662298232
GW230927_043729,IMRPhenomXPHM-SpinTaylor,SEOBNRv5PHM,final_spin,14310,13065,0.001909642200787882,0.06401290806496435,0.029832142586771037,0.0,762284876,4000,0.02209756532778203,0.03443559870983168,0.04833077334373571
GW230927_043729,IMRPhenomXPHM-SpinTaylor,NRSur7dq4,chirp_mass_source,14310,16006,0.2014124561910207,3.89669149615057,0.05168806829845018,2.7755575615628914e-17,926214626,4000,0.03150433802811924,0.054685703620506856,0.07599623167995802
GW230927_043729,IMRPhenomXPHM-SpinTaylor,NRSur7dq4,chi_eff,14310,16006,0.011200898814063309,0.15870343494896166,0.07057754495147171,1.734723475976807e-18,230630460,4000,0.04953917312178712,0.07289063599323492,0.09856451803287025
GW230927_043729,IMRPhenomXPHM-SpinTaylor,NRSur7dq4,luminosity_distance,14310,16006,54.2868490338598,1572.4143802067429,0.034524518293149994,7.105427357601002e-15,174845115,4000,0.02370064022274224,0.037108375625581544,0.05892140935588568
GW230927_043729,IMRPhenomXPHM-SpinTaylor,NRSur7dq4,final_mass_source,14310,16006,0.5366616306434644,8.294516273193274,0.06470077494185891,0.0,397986370,4000,0.043404637375867514,0.06381580451617848,0.09064898562070926
GW230927_043729,IMRPhenomXPHM-SpinTaylor,NRSur7dq4,final_spin,14310,16006,0.007764073382263735,0.06030276533882312,0.12875153135415499,8.673617379884035e-19,854169374,4000,0.10654745044747214,0.1336415197794881,0.16053299100971327
GW230927_043729,SEOBNRv5PHM,NRSur7dq4,chirp_mass_source,13065,16006,0.1329234321628225,3.8716592468952555,0.03433242020702517,0.0,195794385,4000,0.01923472146322417,0.03382234731014244,0.0639587216488906
GW230927_043729,SEOBNRv5PHM,NRSur7dq4,chi_eff,13065,16006,0.006886114425876669,0.16099890083031393,0.04277118906006907,8.673617379884035e-19,522366468,4000,0.03080010016690336,0.0482821683722833,0.06298792185321135
GW230927_043729,SEOBNRv5PHM,NRSur7dq4,luminosity_distance,13065,16006,26.179508797266738,1574.971737064787,0.016622208628363364,3.552713678800501e-15,711330365,4000,0.010582887608329185,0.020705937131753296,0.03902891860460291
GW230927_043729,SEOBNRv5PHM,NRSur7dq4,final_mass_source,13065,16006,0.4610662058109129,8.289763050637632,0.05561874362325092,5.551115123125783e-17,683894419,4000,0.03642680681088028,0.05793647488805201,0.07685569403903736
GW230927_043729,SEOBNRv5PHM,NRSur7dq4,final_spin,13065,16006,0.006781712250689348,0.061477510360764764,0.11031208340891874,0.0,326524929,4000,0.08742019855215574,0.11414112645802174,0.13192996104557342
GW230928_215827,IMRPhenomXPHM-SpinTaylor,SEOBNRv5PHM,chirp_mass_source,19897,18504,1.3263962788443036,7.4568071171733425,0.17787724129132385,0.0,632352592,4000,0.16128983448198206,0.1764715838128691,0.1988430765158193
GW230928_215827,IMRPhenomXPHM-SpinTaylor,SEOBNRv5PHM,chi_eff,19897,18504,0.009699473238402208,0.1839805499670895,0.05272010133754493,0.0,235776488,4000,0.03950595324305609,0.0563830868392725,0.07443642342302342
GW230928_215827,IMRPhenomXPHM-SpinTaylor,SEOBNRv5PHM,luminosity_distance,19897,18504,713.3013924734765,2730.138028173873,0.2612693516270998,1.1368683772161603e-13,612127342,4000,0.23783805350014042,0.26272861542295745,0.2843263315170854
GW230928_215827,IMRPhenomXPHM-SpinTaylor,SEOBNRv5PHM,final_mass_source,19897,18504,3.1415933282470183,15.59328815179618,0.2014708698809712,8.881784197001252e-16,671262053,4000,0.179266585034051,0.19993861801849022,0.22271253654498596
GW230928_215827,IMRPhenomXPHM-SpinTaylor,SEOBNRv5PHM,final_spin,19897,18504,0.006841636870181943,0.07162791150230013,0.09551635286702785,8.673617379884035e-19,876449410,4000,0.07306863183463064,0.09898735608964394,0.12174659718766724
GW230928_215827,IMRPhenomXPHM-SpinTaylor,NRSur7dq4,chirp_mass_source,19897,18774,0.40868537270641736,7.777938433511924,0.052544176866399575,0.0,311356417,4000,0.031510033748785735,0.05223266532105597,0.07265099666181295
GW230928_215827,IMRPhenomXPHM-SpinTaylor,NRSur7dq4,chi_eff,19897,18774,0.015711011841974265,0.18334267817077607,0.08569206034691013,0.0,523920456,4000,0.06627565119229475,0.08655103681264888,0.11433117539078994
GW230928_215827,IMRPhenomXPHM-SpinTaylor,NRSur7dq4,luminosity_distance,19897,18774,129.75048108560216,2581.9224567645633,0.050253438381024806,2.842170943040401e-14,468708565,4000,0.02837525749057355,0.051306469509050004,0.07689233507457925
GW230928_215827,IMRPhenomXPHM-SpinTaylor,NRSur7dq4,final_mass_source,19897,18774,1.5567717199818558,15.906130793921442,0.09787243297262331,0.0,1011124147,4000,0.07863113082477927,0.09986578911520652,0.1224864254214582
GW230928_215827,IMRPhenomXPHM-SpinTaylor,NRSur7dq4,final_spin,19897,18774,0.02218378835090617,0.07175326105393237,0.3091676674351013,3.469446951953614e-18,270333902,4000,0.2788921789475833,0.3079273628321414,0.33104887831046853
GW230928_215827,SEOBNRv5PHM,NRSur7dq4,chirp_mass_source,18504,18774,0.9191567662082443,7.3954303812365705,0.1242871231051403,0.0,524155964,4000,0.10297074130658561,0.12832167291491137,0.15084516635983455
GW230928_215827,SEOBNRv5PHM,NRSur7dq4,chi_eff,18504,18774,0.021168148107859337,0.18749204679233497,0.11290157886699614,0.0,763048230,4000,0.09325352019936088,0.11687080296888455,0.1373226840585133
GW230928_215827,SEOBNRv5PHM,NRSur7dq4,luminosity_distance,18504,18774,584.0329258376295,2761.735804532009,0.21147313399030832,1.1368683772161603e-13,869116138,4000,0.18675665540147168,0.20986028363024511,0.23526025109824483
GW230928_215827,SEOBNRv5PHM,NRSur7dq4,final_mass_source,18504,18774,1.5902822235672724,15.560562728121553,0.10219953168488327,2.220446049250313e-16,950346321,4000,0.08589325362158738,0.10693579526262259,0.1251624346220689
GW230928_215827,SEOBNRv5PHM,NRSur7dq4,final_spin,18504,18774,0.016880906124086777,0.07687259260571011,0.21959589955123823,0.0,798580032,4000,0.1947222887141018,0.22196061932181588,0.24851826510302794
GW230930_110730,IMRPhenomXPHM-SpinTaylor,SEOBNRv5PHM,chirp_mass_source,14399,13843,0.08498953477012813,4.375364727445959,0.019424560022848487,0.0,815070250,4000,0.01557529707604281,0.02674818651346098,0.04332970042849838
GW230930_110730,IMRPhenomXPHM-SpinTaylor,SEOBNRv5PHM,chi_eff,14399,13843,0.005146769537350761,0.20567370232165033,0.025023955319780248,8.673617379884035e-19,289822733,4000,0.015097230624188794,0.026603996049107487,0.046713914297358605
GW230930_110730,IMRPhenomXPHM-SpinTaylor,SEOBNRv5PHM,luminosity_distance,14399,13843,22.034136858715563,2431.8601574526047,0.009060610163454677,3.552713678800501e-15,498489705,4000,0.011404636688142355,0.01699270342287185,0.033482611751040385
GW230930_110730,IMRPhenomXPHM-SpinTaylor,SEOBNRv5PHM,final_mass_source,14399,13843,0.17161566162719832,10.077546529049215,0.017029508237198853,0.0,642986812,4000,0.014565900351422299,0.021894864419596892,0.03425329096959859
GW230930_110730,IMRPhenomXPHM-SpinTaylor,SEOBNRv5PHM,final_spin,14399,13843,0.00324608644575374,0.08680103832912917,0.03739686192975413,8.673617379884035e-19,888502397,4000,0.02214829801472342,0.03945108366294201,0.06195754235491937
GW230930_110730,IMRPhenomXPHM-SpinTaylor,NRSur7dq4,chirp_mass_source,14399,11604,0.0667634449386092,4.472526632856864,0.01492745609341704,0.0,338947947,4000,0.012782263098980874,0.021102082967280097,0.03318472095130148
GW230930_110730,IMRPhenomXPHM-SpinTaylor,NRSur7dq4,chi_eff,14399,11604,0.009167381011176274,0.20348456246375193,0.04505197298595721,1.734723475976807e-18,479070369,4000,0.026127637729622115,0.04507965525106934,0.06284130542994934
GW230930_110730,IMRPhenomXPHM-SpinTaylor,NRSur7dq4,luminosity_distance,14399,11604,41.45490264118852,2419.933537896848,0.017130595527518812,7.105427357601002e-15,622115350,4000,0.012836971608385688,0.019860883983535603,0.03552701708235492
GW230930_110730,IMRPhenomXPHM-SpinTaylor,NRSur7dq4,final_mass_source,14399,11604,0.18495075351923446,10.103178523276892,0.018306194737935506,0.0,684742331,4000,0.01271744363007449,0.02386737795020802,0.04158562800855102
GW230930_110730,IMRPhenomXPHM-SpinTaylor,NRSur7dq4,final_spin,14399,11604,0.008949225003154919,0.08380507781202451,0.10678619048869695,0.0,851122658,4000,0.0853462274176962,0.11091185714453458,0.13032642764767013
GW230930_110730,SEOBNRv5PHM,NRSur7dq4,chirp_mass_source,13843,11604,0.10408928167774681,4.435555922905705,0.023467020478812627,0.0,164751046,4000,0.018578835167205158,0.027297101755526576,0.04031257146185789
GW230930_110730,SEOBNRv5PHM,NRSur7dq4,chi_eff,13843,11604,0.0042304844573305325,0.20328057468907998,0.02081106108540429,0.0,145724545,4000,0.015349601897214004,0.026163052245237964,0.04945928079782447
GW230930_110730,SEOBNRv5PHM,NRSur7dq4,luminosity_distance,13843,11604,33.524176512872735,2422.1864935413814,0.013840460510478029,7.105427357601002e-15,892535454,4000,0.011708845632748247,0.02034630089407906,0.03561094438350275
GW230930_110730,SEOBNRv5PHM,NRSur7dq4,final_mass_source,13843,11604,0.2577183062818012,10.10170108842323,0.025512367078169836,5.551115123125783e-17,960957153,4000,0.01717424663260258,0.030344298408661548,0.05526889508018577
GW230930_110730,SEOBNRv5PHM,NRSur7dq4,final_spin,13843,11604,0.006099611525100217,0.08291857541695252,0.07356146067908886,0.0,328277169,4000,0.05617883545091659,0.07666301619124569,0.09709321615677975
GW231005_091549,IMRPhenomXPHM-SpinTaylor,SEOBNRv5PHM,chirp_mass_source,14398,13549,0.10665823965039067,3.628113755407748,0.029397710998288095,2.7755575615628914e-17,180972187,4000,0.024922752907067382,0.03482156654047448,0.05618068119815472
GW231005_091549,IMRPhenomXPHM-SpinTaylor,SEOBNRv5PHM,chi_eff,14398,13549,0.005261643484449937,0.19386071447957895,0.02714136022130565,0.0,21062575,4000,0.020136591772742685,0.030116668819026807,0.05133293615099209
GW231005_091549,IMRPhenomXPHM-SpinTaylor,SEOBNRv5PHM,luminosity_distance,14398,13549,27.825918990669138,1944.720567837098,0.01430844073481307,0.0,47079378,4000,0.010703671642542913,0.018580996365099058,0.034111625076001906
GW231005_091549,IMRPhenomXPHM-SpinTaylor,SEOBNRv5PHM,final_mass_source,14398,13549,0.11738798749740335,8.131994385448383,0.014435325694206169,1.3877787807814457e-17,934937830,4000,0.014337852286482482,0.022374383169338416,0.0344569673063945
GW231005_091549,IMRPhenomXPHM-SpinTaylor,SEOBNRv5PHM,final_spin,14398,13549,0.003694291928629146,0.07593193631140926,0.04865267643746436,4.336808689942018e-19,535835626,4000,0.028050351808945308,0.05004829481930523,0.07845251969553627
GW231005_091549,IMRPhenomXPHM-SpinTaylor,NRSur7dq4,chirp_mass_source,14398,14432,0.09178066259684434,3.5859622588153357,0.02559443071973801,0.0,600706658,4000,0.016952098228373683,0.030971308938114003,0.048989755106284553
GW231005_091549,IMRPhenomXPHM-SpinTaylor,NRSur7dq4,chi_eff,14398,14432,0.003869226648149827,0.1925054672347104,0.020099307846837982,0.0,414677859,4000,0.01471944955601796,0.027197202696568248,0.04452865496600478
GW231005_091549,IMRPhenomXPHM-SpinTaylor,NRSur7dq4,luminosity_distance,14398,14432,100.98863849763707,1955.8024142552902,0.05163539924153865,0.0,92380083,4000,0.03330048487291133,0.05538319609316395,0.07969737026783984
GW231005_091549,IMRPhenomXPHM-SpinTaylor,NRSur7dq4,final_mass_source,14398,14432,0.3898096646664004,8.050436308113408,0.048420936424717946,0.0,805337517,4000,0.030251417143338743,0.05254342273193212,0.06906769495910584
GW231005_091549,IMRPhenomXPHM-SpinTaylor,NRSur7dq4,final_spin,14398,14432,0.004042138192006252,0.07491185808675288,0.05395858940416601,0.0,24332381,4000,0.04105219713837309,0.058087993773237735,0.080417721635387
GW231005_091549,SEOBNRv5PHM,NRSur7dq4,chirp_mass_source,13549,14432,0.15270508188495194,3.6601445073571757,0.04172105270106216,0.0,210663207,4000,0.024182897467738003,0.04198940667685547,0.0578564011612438
GW231005_091549,SEOBNRv5PHM,NRSur7dq4,chi_eff,13549,14432,0.002821085787432605,0.19075841443266983,0.014788788194862757,4.336808689942018e-19,937836507,4000,0.01306007718183062,0.022283216350231054,0.04204316213649121
GW231005_091549,SEOBNRv5PHM,NRSur7dq4,luminosity_distance,13549,14432,78.5723413087976,1960.0198500492206,0.04008752324973876,0.0,825329393,4000,0.024153171605291197,0.04642783751413646,0.06422318325367657
GW231005_091549,SEOBNRv5PHM,NRSur7dq4,final_mass_source,13549,14432,0.33426375763938276,8.150774579081357,0.04101006038091859,0.0,328750870,4000,0.027622718919595533,0.04551479048525097,0.0657144235670201
GW231005_091549,SEOBNRv5PHM,NRSur7dq4,final_spin,13549,14432,0.006951297541608857,0.07422710592042797,0.0936490444482734,0.0,815181523,4000,0.0727431711315693,0.09315039448889384,0.120706433385507
GW231008_142521,IMRPhenomXPHM-SpinTaylor,SEOBNRv5PHM,chirp_mass_source,16491,16968,0.40223259065201583,5.192932794385305,0.0774576923250224,5.551115123125783e-17,625094484,4000,0.054951391653560104,0.07734775451147216,0.09952644522502323
GW231008_142521,IMRPhenomXPHM-SpinTaylor,SEOBNRv5PHM,chi_eff,16491,16968,0.022920398219790465,0.2049734153287027,0.11182132172132905,3.469446951953614e-18,530643753,4000,0.08855841919916835,0.10909896504779598,0.13310587177387512
GW231008_142521,IMRPhenomXPHM-SpinTaylor,SEOBNRv5PHM,luminosity_distance,16491,16968,24.442924419387033,1550.4632159302646,0.015764917328091196,0.0,218486295,4000,0.01362727846346051,0.024243070057967234,0.0368249788899228
GW231008_142521,IMRPhenomXPHM-SpinTaylor,SEOBNRv5PHM,final_mass_source,16491,16968,1.3921916381857273,11.105159880902459,0.1253643939498682,2.220446049250313e-16,975980131,4000,0.1039267806482276,0.12746108561924463,0.15049963929664179
GW231008_142521,IMRPhenomXPHM-SpinTaylor,SEOBNRv5PHM,final_spin,16491,16968,0.017299033989406853,0.11319302262771974,0.1528277413909301,0.0,158228464,4000,0.12318576856275279,0.1551161183466437,0.18338997326901885
GW231008_142521,IMRPhenomXPHM-SpinTaylor,NRSur7dq4,chirp_mass_source,16491,17383,0.3780147713386648,5.1404328068262455,0.07353753770240504,0.0,71004115,4000,0.056499683278325274,0.07611031342304692,0.09659358332633161
GW231008_142521,IMRPhenomXPHM-SpinTaylor,NRSur7dq4,chi_eff,16491,17383,0.017109924572209907,0.19693353366477667,0.08688172224307256,3.469446951953614e-18,111624798,4000,0.06669897065937262,0.08661355043421587,0.11414888942745227
GW231008_142521,IMRPhenomXPHM-SpinTaylor,NRSur7dq4,luminosity_distance,16491,17383,39.5541768790807,1527.485440705198,0.025894961631071012,7.105427357601002e-15,128086510,4000,0.016548311489521714,0.03166138064725597,0.0541498163152398
GW231008_142521,IMRPhenomXPHM-SpinTaylor,NRSur7dq4,final_mass_source,16491,17383,0.8346411728774368,10.918611006525435,0.07644206505558436,0.0,853995094,4000,0.05775035036864959,0.07950321496673349,0.10195176184550493
GW231008_142521,IMRPhenomXPHM-SpinTaylor,NRSur7dq4,final_spin,16491,17383,0.00941416271131773,0.10871948001839393,0.0865913147278204,0.0,561847143,4000,0.05899801991413368,0.0888565234422018,0.12122915656919385
GW231008_142521,SEOBNRv5PHM,NRSur7dq4,chirp_mass_source,16968,17383,0.05786467584610751,5.157670200509841,0.011219150041890526,0.0,744384648,4000,0.012018935187002767,0.019175260684143196,0.033102613133186125
GW231008_142521,SEOBNRv5PHM,NRSur7dq4,chi_eff,16968,17383,0.007856819262541153,0.2111314296625101,0.037212930709085525,1.734723475976807e-18,917381847,4000,0.027118306010464437,0.04160483773226236,0.0561998446182518
GW231008_142521,SEOBNRv5PHM,NRSur7dq4,luminosity_distance,16968,17383,54.99852528727179,1517.2567899145042,0.036248659853004114,0.0,301586945,4000,0.02070114527062723,0.041581454684995287,0.061393138667737226
GW231008_142521,SEOBNRv5PHM,NRSur7dq4,final_mass_source,16968,17383,0.616246237050948,11.246846179631795,0.05479280388549984,0.0,952893757,4000,0.02974169533692028,0.056394257926941666,0.08319421124283259
GW231008_142521,SEOBNRv5PHM,NRSur7dq4,final_spin,16968,17383,0.008753002455051392,0.11261453108092517,0.07772533767211139,3.469446951953614e-18,286811093,4000,0.06698139696712133,0.08121058257934057,0.1028168164225148
GW231028_153006,IMRPhenomXPHM-SpinTaylor,SEOBNRv5PHM,chirp_mass_source,15021,19933,0.7051469966201884,7.406017610102733,0.09521270860310672,0.0,523821640,4000,0.08286619822295299,0.09968372394086852,0.11958250752203493
GW231028_153006,IMRPhenomXPHM-SpinTaylor,SEOBNRv5PHM,chi_eff,15021,19933,0.03313141184136215,0.12216145512895982,0.27121002943511896,0.0,842691703,4000,0.24865315010162337,0.27000624003121393,0.29203983870297034
GW231028_153006,IMRPhenomXPHM-SpinTaylor,SEOBNRv5PHM,luminosity_distance,15021,19933,364.22793662231226,1228.032081817218,0.29659480563678337,5.684341886080802e-14,419854720,4000,0.27297531312669526,0.29690600956022706,0.3204708241639574
GW231028_153006,IMRPhenomXPHM-SpinTaylor,SEOBNRv5PHM,final_mass_source,15021,19933,4.512578739251957,14.783244575191006,0.3052495489944671,0.0,780098491,4000,0.27426906031678683,0.3064738403916157,0.33422018503188833
GW231028_153006,IMRPhenomXPHM-SpinTaylor,SEOBNRv5PHM,final_spin,15021,19933,0.008962766463764869,0.04118913881130093,0.21760023934527575,3.469446951953614e-18,215717697,4000,0.1970194503118079,0.21751372290772375,0.2408549241394697
GW231028_153006,IMRPhenomXPHM-SpinTaylor,NRSur7dq4,chirp_mass_source,15021,18217,3.873424546477869,8.062587811841151,0.48041951751386186,0.0,979717788,4000,0.4506168207599361,0.4818197318862415,0.510912446937483
GW231028_153006,IMRPhenomXPHM-SpinTaylor,NRSur7dq4,chi_eff,15021,18217,0.099416340188539,0.13277269729931834,0.7487709612799243,1.3877787807814457e-17,849340770,4000,0.7264549592332378,0.7498257451345298,0.7750265349786821
GW231028_153006,IMRPhenomXPHM-SpinTaylor,NRSur7dq4,luminosity_distance,15021,18217,256.875962514697,1277.1617562613362,0.2011303276623751,5.684341886080802e-14,1001298975,4000,0.17706633589801854,0.1993128508834787,0.22860214632334788
GW231028_153006,IMRPhenomXPHM-SpinTaylor,NRSur7dq4,final_mass_source,15021,18217,3.307310564857969,13.519263768854927,0.24463688418279128,4.440892098500626e-16,900391071,4000,0.2179372025703638,0.2457833952382683,0.2797401109928538
GW231028_153006,IMRPhenomXPHM-SpinTaylor,NRSur7dq4,final_spin,15021,18217,0.045958932185991896,0.04746651130705315,0.9682390999559886,6.938893903907228e-18,119838436,4000,0.9498604984169953,0.9638703785123732,0.9989706854112057
GW231028_153006,SEOBNRv5PHM,NRSur7dq4,chirp_mass_source,19933,18217,3.279339137540954,8.458832569352978,0.3876822375492169,0.0,22947785,4000,0.36539962273722,0.3872816627350991,0.4131664020579834
GW231028_153006,SEOBNRv5PHM,NRSur7dq4,chi_eff,19933,18217,0.06628841616478555,0.1340060087570316,0.4946674912538744,1.3877787807814457e-17,748577178,4000,0.4667183420578305,0.49326545107787234,0.5236461543770498
GW231028_153006,SEOBNRv5PHM,NRSur7dq4,luminosity_distance,19933,18217,108.34199666362183,1270.8714415316742,0.08525016230834989,1.4210854715202004e-14,88961598,4000,0.07093921967542621,0.08629255407290572,0.11084506145472055
GW231028_153006,SEOBNRv5PHM,NRSur7dq4,final_mass_source,19933,18217,7.819343828630922,14.000697251926468,0.5584967439785897,0.0,874378378,4000,0.5246727307712552,0.550812979534261,0.5814370151941087
GW231028_153006,SEOBNRv5PHM,NRSur7dq4,final_spin,19933,18217,0.03731963915197326,0.0490878298729055,0.7602625589397302,6.938893903907228e-18,229675645,4000,0.7326684604106453,0.7626598396969488,0.7885299322736372
GW231029_111508,IMRPhenomXPHM-SpinTaylor,SEOBNRv5PHM,chirp_mass_source,13134,11823,0.6369567009169608,7.737029477692765,0.08232574307147471,0.0,568842922,4000,0.06302087875914512,0.08355995526433532,0.10751774319146412
GW231029_111508,IMRPhenomXPHM-SpinTaylor,SEOBNRv5PHM,chi_eff,13134,11823,0.015847846924045814,0.19970278593692825,0.07935716494736839,0.0,212943966,4000,0.05840018649285256,0.07805982717318924,0.09846607111668088
GW231029_111508,IMRPhenomXPHM-SpinTaylor,SEOBNRv5PHM,luminosity_distance,13134,11823,36.90170771597985,1733.0470882075483,0.021292963109355825,7.105427357601002e-15,136216874,4000,0.015625975929829936,0.027398084729791647,0.04189649419219701
GW231029_111508,IMRPhenomXPHM-SpinTaylor,SEOBNRv5PHM,final_mass_source,13134,11823,0.6449397659817977,15.10456470482746,0.042698335144717756,0.0,142328307,4000,0.027829107535136864,0.04187111674023417,0.061952648945965465
GW231029_111508,IMRPhenomXPHM-SpinTaylor,SEOBNRv5PHM,final_spin,13134,11823,0.005043551144506197,0.09726790048201994,0.05185216417248054,8.673617379884035e-19,687060331,4000,0.040409061866456236,0.05492216803594087,0.06977955548646476
GW231029_111508,IMRPhenomXPHM-SpinTaylor,NRSur7dq4,chirp_mass_source,13134,13905,0.26353490370206684,7.656171790467699,0.034421236998649955,5.551115123125783e-17,677874103,4000,0.02432736037044348,0.03782934561686478,0.05714905145932421
GW231029_111508,IMRPhenomXPHM-SpinTaylor,NRSur7dq4,chi_eff,13134,13905,0.010603755166695166,0.19568968857532804,0.05418658102986043,0.0,488168274,4000,0.04098732067476284,0.05719374008660264,0.07078252916745896
GW231029_111508,IMRPhenomXPHM-SpinTaylor,NRSur7dq4,luminosity_distance,13134,13905,85.23647183089062,1771.9452785588455,0.04810333189307909,1.4210854715202004e-14,549805732,4000,0.025363806883365578,0.051621068864804096,0.06734948490669007
GW231029_111508,IMRPhenomXPHM-SpinTaylor,NRSur7dq4,final_mass_source,13134,13905,0.48503054220814074,14.99227187045004,0.03235203752969169,5.551115123125783e-17,32821695,4000,0.02412462702701932,0.03681578642432444,0.05433114552810677
GW231029_111508,IMRPhenomXPHM-SpinTaylor,NRSur7dq4,final_spin,13134,13905,0.010136672312632504,0.09305589894149269,0.10893100198844745,0.0,78995698,4000,0.09704601707305277,0.11296347194494216,0.12502297882490035
GW231029_111508,SEOBNRv5PHM,NRSur7dq4,chirp_mass_source,11823,13905,0.38952578988371295,7.709777901668556,0.05052360714559773,5.551115123125783e-17,278709689,4000,0.028837529671360152,0.05495024197642616,0.07049332003178788
GW231029_111508,SEOBNRv5PHM,NRSur7dq4,chi_eff,11823,13905,0.010211661369077269,0.19170163031600165,0.05326851603840995,3.469446951953614e-18,534593635,4000,0.03966418049969803,0.05407520230575952,0.07245947195994296
GW231029_111508,SEOBNRv5PHM,NRSur7dq4,luminosity_distance,11823,13905,119.04577362789959,1737.4773671051103,0.06851644567102888,1.4210854715202004e-14,556845125,4000,0.05173904701692788,0.06885315681739079,0.09080388796240894
GW231029_111508,SEOBNRv5PHM,NRSur7dq4,final_mass_source,11823,13905,1.102271655101482,15.358256018696103,0.07177062641485146,0.0,32384935,4000,0.049005368108002934,0.07150307219979932,0.09646260331945675
GW231029_111508,SEOBNRv5PHM,NRSur7dq4,final_spin,11823,13905,0.006104321554154136,0.08929199921402386,0.0683635892116459,8.673617379884035e-19,762954196,4000,0.057630119531442245,0.07562181989247255,0.10273912880518851
GW231102_071736,IMRPhenomXPHM-SpinTaylor,SEOBNRv5PHM,chirp_mass_source,13942,14700,0.4342218834878981,6.437068194397899,0.06745646781648143,0.0,515167030,4000,0.049422606265547245,0.06770759059226744,0.08739099193081429
GW231102_071736,IMRPhenomXPHM-SpinTaylor,SEOBNRv5PHM,chi_eff,13942,14700,0.005577435274321934,0.17464837861645502,0.03193522504191424,0.0,890765093,4000,0.019755738613014655,0.033888828771805816,0.061584543941771895
GW231102_071736,IMRPhenomXPHM-SpinTaylor,SEOBNRv5PHM,luminosity_distance,13942,14700,116.68485233418252,1661.124680638559,0.07024448778241454,0.0,542497688,4000,0.0515730035388677,0.0706777565817179,0.09138979013202245
GW231102_071736,IMRPhenomXPHM-SpinTaylor,SEOBNRv5PHM,final_mass_source,13942,14700,0.798720329438666,13.15695259030678,0.06070709185553448,0.0,523679096,4000,0.04173385317976189,0.060049652967767805,0.08168850236184615
GW231102_071736,IMRPhenomXPHM-SpinTaylor,SEOBNRv5PHM,final_spin,13942,14700,0.0034323000726641222,0.07912210986340806,0.043379784469719664,8.673617379884035e-19,551856756,4000,0.029539636112080825,0.04380572573602402,0.0660163334006331
GW231102_071736,IMRPhenomXPHM-SpinTaylor,NRSur7dq4,chirp_mass_source,13942,14524,0.523822024535082,6.58069818997215,0.07959976425195985,1.1102230246251565e-16,812380239,4000,0.054001169970549594,0.07997588365589507,0.09864451719230785
GW231102_071736,IMRPhenomXPHM-SpinTaylor,NRSur7dq4,chi_eff,13942,14524,0.003555831791566159,0.17240768314656058,0.0206245552789165,4.336808689942018e-19,874838772,4000,0.015887234332070233,0.028117336293352675,0.04052883623738757
GW231102_071736,IMRPhenomXPHM-SpinTaylor,NRSur7dq4,luminosity_distance,13942,14524,21.63484106637032,1641.1632137398474,0.013182626130809567,3.552713678800501e-15,529391187,4000,0.013820196301883513,0.021574824361857734,0.03173192060427794
GW231102_071736,IMRPhenomXPHM-SpinTaylor,NRSur7dq4,final_mass_source,13942,14524,0.9675099950036807,13.341701370240315,0.0725177372926204,0.0,817552761,4000,0.05099675729565525,0.07149719819932587,0.09632396634693466
GW231102_071736,IMRPhenomXPHM-SpinTaylor,NRSur7dq4,final_spin,13942,14524,0.011447710023857728,0.07632793983754604,0.14998059751413007,0.0,287386509,4000,0.1290105689926433,0.148829181649427,0.174985790248706
GW231102_071736,SEOBNRv5PHM,NRSur7dq4,chirp_mass_source,14700,14524,0.1766796718491773,6.377204310450971,0.027704878697336767,2.7755575615628914e-17,278533035,4000,0.02254606011406017,0.03466044166094013,0.051222472145888334
GW231102_071736,SEOBNRv5PHM,NRSur7dq4,chi_eff,14700,14524,0.004195822942018778,0.1731447800061266,0.02423303169677025,0.0,93143284,4000,0.018106297922753176,0.030284609247164515,0.048591203703229315
GW231102_071736,SEOBNRv5PHM,NRSur7dq4,luminosity_distance,14700,14524,114.43132966763724,1650.7849215372105,0.0693193451034668,0.0,518611064,4000,0.04752241543682908,0.07040421767820101,0.08891449025535562
GW231102_071736,SEOBNRv5PHM,NRSur7dq4,final_mass_source,14700,14524,0.242729194062178,13.095997218554565,0.018534609469699367,2.7755575615628914e-17,953750873,4000,0.015060391470569775,0.025121474838524727,0.039695303564599216
GW231102_071736,SEOBNRv5PHM,NRSur7dq4,final_spin,14700,14524,0.008849210278116302,0.07509860092233367,0.11783455576313705,0.0,489443757,4000,0.09304336933233624,0.11679529576968509,0.14431999080487964
GW231118_071402,IMRPhenomXPHM-SpinTaylor,SEOBNRv5PHM,chirp_mass_source,15575,15949,0.17997126982768819,5.762894361377532,0.031229319599165584,2.7755575615628914e-17,70950456,4000,0.02148670201319295,0.036087106805415575,0.04939390644902226
GW231118_071402,IMRPhenomXPHM-SpinTaylor,SEOBNRv5PHM,chi_eff,15575,15949,0.01663165728321819,0.23652697223434474,0.07031611289870138,3.469446951953614e-18,82577567,4000,0.05264614621741869,0.07302222802198982,0.09670335709596613
GW231118_071402,IMRPhenomXPHM-SpinTaylor,SEOBNRv5PHM,luminosity_distance,15575,15949,26.40033897918821,2415.733609324815,0.010928497611359958,0.0,671423239,4000,0.01256083792964456,0.019716914787103523,0.03571365444281117
GW231118_071402,IMRPhenomXPHM-SpinTaylor,SEOBNRv5PHM,final_mass_source,15575,15949,0.45817513008408695,12.38153338263034,0.03700471629199387,1.1102230246251565e-16,733676778,4000,0.022488501114831694,0.03988300006583112,0.058039396933080085
GW231118_071402,IMRPhenomXPHM-SpinTaylor,SEOBNRv5PHM,final_spin,15575,15949,0.006509989372098415,0.09956793776037454,0.06538238632365471,8.673617379884035e-19,612827697,4000,0.045063742931277864,0.06931664222775077,0.09544469979314477
GW231118_071402,IMRPhenomXPHM-SpinTaylor,NRSur7dq4,chirp_mass_source,15575,15549,0.4320282491122903,5.803881440035038,0.07443781434475377,0.0,232804147,4000,0.0535869474441393,0.07333173891593125,0.10106297980156703
GW231118_071402,IMRPhenomXPHM-SpinTaylor,NRSur7dq4,chi_eff,15575,15549,0.022625925121206907,0.2328060889641812,0.09718785802328417,3.469446951953614e-18,388250064,4000,0.07666069127775918,0.09788004359945887,0.1183512321663473
GW231118_071402,IMRPhenomXPHM-SpinTaylor,NRSur7dq4,luminosity_distance,15575,15549,63.650238445890594,2442.2342083327367,0.02606229911476971,0.0,234436782,4000,0.01701648694068142,0.028279081535283027,0.04871015833880617
GW231118_071402,IMRPhenomXPHM-SpinTaylor,NRSur7dq4,final_mass_source,15575,15549,1.0073423991500856,12.321666041875158,0.08175374951135946,0.0,809744902,4000,0.05462495049242149,0.07935590874700174,0.10192265520112331
GW231118_071402,IMRPhenomXPHM-SpinTaylor,NRSur7dq4,final_spin,15575,15549,0.016797895510209503,0.09563375325081963,0.17564818841893082,3.469446951953614e-18,175545132,4000,0.15111074486392725,0.17723905359558967,0.2020157952684899
GW231118_071402,SEOBNRv5PHM,NRSur7dq4,chirp_mass_source,15949,15549,0.29728238139590835,5.699621427158961,0.052158267912206235,0.0,175402918,4000,0.031172582809299833,0.0547295689635066,0.07876449869933304
GW231118_071402,SEOBNRv5PHM,NRSur7dq4,chi_eff,15949,15549,0.006044251081328831,0.23088608478474368,0.026178498747397094,0.0,235512161,4000,0.020485856220608483,0.034401226249377095,0.05113048434906592
GW231118_071402,SEOBNRv5PHM,NRSur7dq4,luminosity_distance,15949,15549,56.91152799408582,2412.6144761485184,0.023589151336329127,0.0,696362963,4000,0.012991090473681384,0.025507365561823654,0.04724847249415051
GW231118_071402,SEOBNRv5PHM,NRSur7dq4,final_mass_source,15949,15549,0.5497636711314592,12.20934039066941,0.045028122203194375,0.0,144941455,4000,0.028062562339626906,0.04678420120442038,0.07098762994352142
GW231118_071402,SEOBNRv5PHM,NRSur7dq4,final_spin,15949,15549,0.010508170807659287,0.09584290403469659,0.10963952849190765,1.734723475976807e-18,603405040,4000,0.08277830646040686,0.10904196576352809,0.13234460931974718
GW231119_075248,IMRPhenomXPHM-SpinTaylor,SEOBNRv5PHM,chirp_mass_source,13286,13124,0.20381645313920788,8.359851754346618,0.02438039084045188,5.551115123125783e-17,225861390,4000,0.017957989628295153,0.028659880480598785,0.04523639133233315
GW231119_075248,IMRPhenomXPHM-SpinTaylor,SEOBNRv5PHM,chi_eff,13286,13124,0.0040923903697560075,0.22405216615376217,0.01826534614687674,8.673617379884035e-19,425147407,4000,0.015215757290307667,0.024587930031134145,0.04360373338746602
GW231119_075248,IMRPhenomXPHM-SpinTaylor,SEOBNRv5PHM,luminosity_distance,13286,13124,25.71957228374835,3809.0270417939932,0.006752268230585947,0.0,1007075473,4000,0.01153689126229558,0.017475656514809812,0.030069941942980672
GW231119_075248,IMRPhenomXPHM-SpinTaylor,SEOBNRv5PHM,final_mass_source,13286,13124,0.425397513944743,18.295023094492826,0.023252089475240746,0.0,609963133,4000,0.014887893100895548,0.029538880923327474,0.05002721202379372
GW231119_075248,IMRPhenomXPHM-SpinTaylor,SEOBNRv5PHM,final_spin,13286,13124,0.003236409499385342,0.09618701505257476,0.03364705202273255,0.0,79001469,4000,0.02458449977995535,0.0399964438157829,0.049650609069570376
GW231119_075248,IMRPhenomXPHM-SpinTaylor,NRSur7dq4,chirp_mass_source,13286,12491,0.19623448024568452,8.372702706493056,0.02343741168470058,2.7755575615628914e-17,246877362,4000,0.017560457995935867,0.028782028775795148,0.04643339138906563
GW231119_075248,IMRPhenomXPHM-SpinTaylor,NRSur7dq4,chi_eff,13286,12491,0.009652356442547584,0.21894432474323527,0.044085894685177554,0.0,564969238,4000,0.03045244008849487,0.04661704505814456,0.06421703969075465
GW231119_075248,IMRPhenomXPHM-SpinTaylor,NRSur7dq4,luminosity_distance,13286,12491,44.09258301264525,3822.2064577583146,0.011535897785726914,0.0,371230097,4000,0.013806547909408249,0.020392263816096327,0.02908716825017844
GW231119_075248,IMRPhenomXPHM-SpinTaylor,NRSur7dq4,final_mass_source,13286,12491,0.6456913326975082,18.213979337301346,0.03545031652556911,0.0,311628482,4000,0.020739242068295024,0.0365246900935148,0.053906201858567086
GW231119_075248,IMRPhenomXPHM-SpinTaylor,NRSur7dq4,final_spin,13286,12491,0.009102502862061124,0.09419488450935398,0.09663478977095835,1.734723475976807e-18,179025602,4000,0.08627493660331328,0.10540899524892297,0.12665367677495393
GW231119_075248,SEOBNRv5PHM,NRSur7dq4,chirp_mass_source,13124,12491,0.08463014782994524,8.222908557574078,0.010291996711065558,1.3877787807814457e-17,49137115,4000,0.012031910260533681,0.019162943667549698,0.03648841335768447
GW231119_075248,SEOBNRv5PHM,NRSur7dq4,chi_eff,13124,12491,0.00613763979190064,0.21940352028962928,0.02797420836182797,1.734723475976807e-18,299630724,4000,0.019471851640507677,0.03486498975393451,0.055030144315845866
GW231119_075248,SEOBNRv5PHM,NRSur7dq4,luminosity_distance,13124,12491,36.48953232649369,3783.712001375403,0.009643845068871393,7.105427357601002e-15,459530187,4000,0.012835462719363458,0.019554824806704136,0.03304608832405214
GW231119_075248,SEOBNRv5PHM,NRSur7dq4,final_mass_source,13124,12491,0.23729979993568057,18.255967856335587,0.012998478185495247,0.0,473947273,4000,0.011618268166632457,0.020465234284080692,0.034215276265818086
GW231119_075248,SEOBNRv5PHM,NRSur7dq4,final_spin,13124,12491,0.0079884543376404,0.09170890757044947,0.08710663499621107,0.0,360931583,4000,0.06021146341515072,0.09033018920356711,0.11983660259046096
GW231123_135430,IMRPhenomXPHM-SpinTaylor,SEOBNRv5PHM,chirp_mass_source,19774,17939,3.449376528538896,10.124091280000684,0.34070974205387283,0.0,217393943,4000,0.31353306038684803,0.3399626207595519,0.3652132968583308
GW231123_135430,IMRPhenomXPHM-SpinTaylor,SEOBNRv5PHM,chi_eff,19774,17939,0.4140714486873082,0.17264507388144892,2.3983971241000526,0.0,187421765,4000,2.3534335042368633,2.392448360504063,2.4462263707620195
GW231123_135430,IMRPhenomXPHM-SpinTaylor,SEOBNRv5PHM,luminosity_distance,19774,17939,1449.1447157334417,596.8788259808047,2.4278708720353324,2.2737367544323206e-13,41418713,4000,2.378309724603667,2.4237510970614835,2.4730185868424814
GW231123_135430,IMRPhenomXPHM-SpinTaylor,SEOBNRv5PHM,final_mass_source,19774,17939,3.7816972288444486,19.166467724415938,0.19730799035165927,0.0,844143397,4000,0.18295915965745194,0.2000186592358924,0.2213551283145708
GW231123_135430,IMRPhenomXPHM-SpinTaylor,SEOBNRv5PHM,final_spin,19774,17939,0.17748117175240796,0.05749356411140366,3.086974594382559,2.7755575615628914e-17,230877816,4000,3.0147406148722085,3.0963870795164734,3.15520654925344
GW231123_135430,IMRPhenomXPHM-SpinTaylor,NRSur7dq4,chirp_mass_source,19774,18185,1.5770211887116596,10.485888504921114,0.15039461729652673,2.220446049250313e-16,267516627,4000,0.13193780840242814,0.15186781661902543,0.1672208878505624
GW231123_135430,IMRPhenomXPHM-SpinTaylor,NRSur7dq4,chi_eff,19774,18185,0.23941176979081988,0.19152641348093163,1.2500195948933994,0.0,775238769,4000,1.2106610803391387,1.2460828016901866,1.2812561317254947
GW231123_135430,IMRPhenomXPHM-SpinTaylor,NRSur7dq4,luminosity_distance,19774,18185,1081.1094364444705,696.9067739129351,1.55129707001461,0.0,690931580,4000,1.5106901593513995,1.5501454854583065,1.5878494766364668
GW231123_135430,IMRPhenomXPHM-SpinTaylor,NRSur7dq4,final_mass_source,19774,18185,10.606632801538526,21.038053322034045,0.504164175229547,1.7763568394002505e-15,785850279,4000,0.47943988026662454,0.5042558615570281,0.5322773032840978
GW231123_135430,IMRPhenomXPHM-SpinTaylor,NRSur7dq4,final_spin,19774,18185,0.11406683453068665,0.06539299202324528,1.7443281153145471,1.3877787807814457e-17,674728598,4000,1.698348841937161,1.7432886812569888,1.7840136179333612
GW231123_135430,SEOBNRv5PHM,NRSur7dq4,chirp_mass_source,17939,18185,2.878365354443804,9.004601123184578,0.3196549536250683,0.0,911296716,4000,0.29147971726452465,0.32024722007067685,0.3399295747080608
GW231123_135430,SEOBNRv5PHM,NRSur7dq4,chi_eff,17939,18185,0.1746596788964883,0.20051900182159155,0.8710380428279254,0.0,242385726,4000,0.844547271328134,0.8728945279427975,0.8977027337100357
GW231123_135430,SEOBNRv5PHM,NRSur7dq4,luminosity_distance,17939,18185,399.1044193477243,1003.8267745903061,0.39758295898275037,0.0,562082215,4000,0.3780607529396374,0.3984546732923896,0.4188522633097691
GW231123_135430,SEOBNRv5PHM,NRSur7dq4,final_mass_source,17939,18185,6.829076866976459,19.19079666746866,0.35585166084078157,8.881784197001252e-16,465266926,4000,0.3319344706545987,0.35481846745057516,0.3775185965638707
GW231123_135430,SEOBNRv5PHM,NRSur7dq4,final_spin,17939,18185,0.0634143372217213,0.05210971694358568,1.2169388156603127,0.0,885940961,4000,1.1886097800096576,1.2210272830090303,1.2474498404768608
GW231127_165300,IMRPhenomXPHM-SpinTaylor,SEOBNRv5PHM,chirp_mass_source,13235,13584,0.2708206103026075,6.620284266986873,0.04090770114707893,0.0,366168845,4000,0.024014792421652456,0.04220401690563161,0.06569322685866615
GW231127_165300,IMRPhenomXPHM-SpinTaylor,SEOBNRv5PHM,chi_eff,13235,13584,0.008599073434280237,0.2438710472887391,0.03526073935336441,0.0,459652350,4000,0.026873904956617563,0.03956801061529913,0.05379279036914892
GW231127_165300,IMRPhenomXPHM-SpinTaylor,SEOBNRv5PHM,luminosity_distance,13235,13584,27.732058656124654,2573.1147196758257,0.010777622328326847,3.552713678800501e-15,218971882,4000,0.011717093123058329,0.020095571341642367,0.03401840264626064
GW231127_165300,IMRPhenomXPHM-SpinTaylor,SEOBNRv5PHM,final_mass_source,13235,13584,0.22332863106726347,14.350975056138878,0.01556191340265279,0.0,763161546,4000,0.012492397351684115,0.022094800323998905,0.03767216263636773
GW231127_165300,IMRPhenomXPHM-SpinTaylor,SEOBNRv5PHM,final_spin,13235,13584,0.006113454074825297,0.11364264348231551,0.05379542298113332,8.673617379884035e-19,799735952,4000,0.037970615646105925,0.0594254204009059,0.07620127178449901
GW231127_165300,IMRPhenomXPHM-SpinTaylor,NRSur7dq4,chirp_mass_source,13235,12846,0.3175431941769696,6.8385520564065985,0.04643427315574557,5.551115123125783e-17,74761502,4000,0.0233456801277499,0.04562480271782457,0.06677207757113193
GW231127_165300,IMRPhenomXPHM-SpinTaylor,NRSur7dq4,chi_eff,13235,12846,0.010217136075113594,0.23882456176986322,0.042780926716235575,0.0,892651537,4000,0.03280850897048313,0.04669476082382138,0.059115522344875646
GW231127_165300,IMRPhenomXPHM-SpinTaylor,NRSur7dq4,luminosity_distance,13235,12846,29.87811443437689,2595.362142720423,0.01151211768969515,3.552713678800501e-15,930144175,4000,0.012868985204725639,0.019440646789002952,0.036520322334642634
GW231127_165300,IMRPhenomXPHM-SpinTaylor,NRSur7dq4,final_mass_source,13235,12846,0.2644529693177058,14.645822268855554,0.018056546396856592,0.0,101837507,4000,0.01354504155688624,0.022148676371059668,0.04355977697897014
GW231127_165300,IMRPhenomXPHM-SpinTaylor,NRSur7dq4,final_spin,13235,12846,0.00904175972588258,0.11122641291276253,0.08129148004596932,0.0,660886730,4000,0.06825544915312998,0.08419146655888252,0.09850898306632994
GW231127_165300,SEOBNRv5PHM,NRSur7dq4,chirp_mass_source,13584,12846,0.14740832061028414,6.6599096168916905,0.022133681850037248,0.0,751181389,4000,0.018053592767118244,0.02691080086296176,0.038207645646422365
GW231127_165300,SEOBNRv5PHM,NRSur7dq4,chi_eff,13584,12846,0.00771881837871409,0.23490972799533827,0.0328586578537406,8.673617379884035e-19,31020237,4000,0.024131078722417577,0.03824143073636181,0.053494930043014484
GW231127_165300,SEOBNRv5PHM,NRSur7dq4,luminosity_distance,13584,12846,48.48343969922172,2602.6013469471927,0.018628838318281812,7.105427357601002e-15,99832355,4000,0.012739062301699966,0.022326781214878105,0.03586423569363692
GW231127_165300,SEOBNRv5PHM,NRSur7dq4,final_mass_source,13584,12846,0.2265789209033688,14.373132354893286,0.01576406000507125,0.0,654128028,4000,0.01629197427562781,0.024224882536368633,0.03679345985170758
GW231127_165300,SEOBNRv5PHM,NRSur7dq4,final_spin,13584,12846,0.010894021923974597,0.10700374702088189,0.10180972374592281,1.734723475976807e-18,933973062,4000,0.08335277204873189,0.10698657759147064,0.12472924120828877
GW231129_081745,IMRPhenomXPHM-SpinTaylor,SEOBNRv5PHM,chirp_mass_source,15628,16305,0.08098955329092294,5.533272570249373,0.014636826988494606,0.0,522453092,4000,0.012916983149337804,0.021454510866561867,0.0371770998048611
GW231129_081745,IMRPhenomXPHM-SpinTaylor,SEOBNRv5PHM,chi_eff,15628,16305,0.008484353858769849,0.20509909486984845,0.041367095569845594,1.734723475976807e-18,524545353,4000,0.031024781507487127,0.04340017300026904,0.05808849478419958
GW231129_081745,IMRPhenomXPHM-SpinTaylor,SEOBNRv5PHM,luminosity_distance,15628,16305,82.21222892587663,2227.619694242846,0.03690586375149644,1.4210854715202004e-14,314650876,4000,0.020971854067706835,0.037218538019430245,0.06309179362035129
GW231129_081745,IMRPhenomXPHM-SpinTaylor,SEOBNRv5PHM,final_mass_source,15628,16305,1.2531533217312834,12.468685087611512,0.10050404777456258,2.220446049250313e-16,54033283,4000,0.07247466162498596,0.10216790146361282,0.12429727523151521
GW231129_081745,IMRPhenomXPHM-SpinTaylor,SEOBNRv5PHM,final_spin,15628,16305,0.005522968480945489,0.1160496914993473,0.04759141027941941,8.673617379884035e-19,692196475,4000,0.036741290664213874,0.0497356830327107,0.06723304759534056
GW231129_081745,IMRPhenomXPHM-SpinTaylor,NRSur7dq4,chirp_mass_source,15628,15631,0.13898569281063555,5.497728813437119,0.025280565398376434,0.0,262348878,4000,0.015504206433686486,0.02888947817016528,0.04926540274481479
GW231129_081745,IMRPhenomXPHM-SpinTaylor,NRSur7dq4,chi_eff,15628,15631,0.006193033448624532,0.19603220977760433,0.0315919177549977,1.734723475976807e-18,720020954,4000,0.01810063201452167,0.031803936849328036,0.05685422765336459
GW231129_081745,IMRPhenomXPHM-SpinTaylor,NRSur7dq4,luminosity_distance,15628,15631,20.85468828578069,2259.9993494642417,0.009227740835732775,0.0,415990014,4000,0.013267373637691848,0.020814204818233123,0.036979137379644936
GW231129_081745,IMRPhenomXPHM-SpinTaylor,NRSur7dq4,final_mass_source,15628,15631,0.18382101135064072,12.287727059527416,0.014959724484449155,2.7755575615628914e-17,1018404997,4000,0.016834470079778563,0.026351004531724904,0.038025139137840946
GW231129_081745,IMRPhenomXPHM-SpinTaylor,NRSur7dq4,final_spin,15628,15631,0.005192065108080281,0.10763232172206866,0.04823890282221528,8.673617379884035e-19,376258768,4000,0.03572549212316135,0.052956152244266114,0.07026444342239223
GW231129_081745,SEOBNRv5PHM,NRSur7dq4,chirp_mass_source,16305,15631,0.2182370959666398,5.496609277728025,0.039703949278498865,0.0,982782356,4000,0.018442810051975574,0.043116549063201226,0.061151675553960026
GW231129_081745,SEOBNRv5PHM,NRSur7dq4,chi_eff,16305,15631,0.008874247484206864,0.2039194483367045,0.043518396879703325,0.0,164793250,4000,0.0348953506052018,0.04864527229729253,0.06066003257154318
GW231129_081745,SEOBNRv5PHM,NRSur7dq4,luminosity_distance,16305,15631,66.80039605001738,2228.119500358698,0.02998061640736208,0.0,258220185,4000,0.016736321055969134,0.03413441054979936,0.05605385703569311
GW231129_081745,SEOBNRv5PHM,NRSur7dq4,final_mass_source,16305,15631,1.191976701167198,12.540582809816346,0.09504954588188348,0.0,31377713,4000,0.07414746242770415,0.09949386904569299,0.1171767025060203
GW231129_081745,SEOBNRv5PHM,NRSur7dq4,final_spin,16305,15631,0.008926706661203227,0.11291685285455272,0.07905557439421063,0.0,191095925,4000,0.06622362648324585,0.08326552082063067,0.09617956068290995
GW231206_233134,IMRPhenomXPHM-SpinTaylor,SEOBNRv5PHM,chirp_mass_source,13167,15156,0.7815318904917724,4.3598144987959415,0.1792580603389455,0.0,803028649,4000,0.16161403947593997,0.17802249686706556,0.20348402461465798
GW231206_233134,IMRPhenomXPHM-SpinTaylor,SEOBNRv5PHM,chi_eff,13167,15156,0.012400870573543296,0.1885984889843481,0.0657527567708798,1.734723475976807e-18,329359619,4000,0.04592896077828245,0.06639495918576356,0.08745880511570814
GW231206_233134,IMRPhenomXPHM-SpinTaylor,SEOBNRv5PHM,luminosity_distance,13167,15156,192.5374076976853,1664.4170143480333,0.11567858657891927,2.842170943040401e-14,211647103,4000,0.09298172900287702,0.11709091436018247,0.13672804076643796
GW231206_233134,IMRPhenomXPHM-SpinTaylor,SEOBNRv5PHM,final_mass_source,13167,15156,1.6340634397628848,9.42680907038838,0.17334215932046687,0.0,973452474,4000,0.15008286827968018,0.17220398509894552,0.19682050407697826
GW231206_233134,IMRPhenomXPHM-SpinTaylor,SEOBNRv5PHM,final_spin,13167,15156,0.002959336179570734,0.06981023629475491,0.04239114973162008,8.673617379884035e-19,700735716,4000,0.032665099052371874,0.04796410414660203,0.0648107125417294
GW231206_233134,IMRPhenomXPHM-SpinTaylor,NRSur7dq4,chirp_mass_source,13167,15643,0.35498437338424094,4.132192826905527,0.08590702037738106,5.551115123125783e-17,841918204,4000,0.06558181690222689,0.09122658432450242,0.10651366778296809
GW231206_233134,IMRPhenomXPHM-SpinTaylor,NRSur7dq4,chi_eff,13167,15643,0.009478184830734293,0.1847258029359006,0.051309479672545795,0.0,449552495,4000,0.034329372379996684,0.05362571570181708,0.0750386806543701
GW231206_233134,IMRPhenomXPHM-SpinTaylor,NRSur7dq4,luminosity_distance,13167,15643,141.64506899536173,1634.436833404359,0.08666292027959871,5.684341886080802e-14,325034489,4000,0.06713500880481675,0.08649982367351469,0.10829657137202217
GW231206_233134,IMRPhenomXPHM-SpinTaylor,NRSur7dq4,final_mass_source,13167,15643,0.7964612029125657,8.894402209402774,0.08954634433673145,2.220446049250313e-16,876210194,4000,0.07098773805022134,0.09024639509851597,0.1165813065134219
GW231206_233134,IMRPhenomXPHM-SpinTaylor,NRSur7dq4,final_spin,13167,15643,0.005956178523679568,0.0668359975642358,0.08911632564405295,8.673617379884035e-19,402178870,4000,0.06605907724617512,0.09159143425313564,0.1153691630841777
GW231206_233134,SEOBNRv5PHM,NRSur7dq4,chirp_mass_source,15156,15643,0.4286708195585002,4.4007243349236695,0.0974091506156419,0.0,273929617,4000,0.08300542936640247,0.09976672564886246,0.12245518288805633
GW231206_233134,SEOBNRv5PHM,NRSur7dq4,chi_eff,15156,15643,0.004512257415516557,0.18971083494641167,0.023784922019826394,0.0,963944198,4000,0.01678450081927805,0.028761917200593585,0.04410446484266219
GW231206_233134,SEOBNRv5PHM,NRSur7dq4,luminosity_distance,15156,15643,51.680782564664696,1673.094671612779,0.03088933545813461,7.105427357601002e-15,73292419,4000,0.019633788303691033,0.03528522593640423,0.0534245815900879
GW231206_233134,SEOBNRv5PHM,NRSur7dq4,final_mass_source,15156,15643,0.8418804487502747,9.54187237317527,0.08823010996426903,1.1102230246251565e-16,900377715,4000,0.06723481962253144,0.09001413016877992,0.11160629361946724
GW231206_233134,SEOBNRv5PHM,NRSur7dq4,final_spin,15156,15643,0.0069379133925230214,0.06926647844157191,0.10016264069748158,8.673617379884035e-19,134564970,4000,0.07929802267844571,0.10223301900632667,0.1268435109470116
GW231206_233901,IMRPhenomXPHM-SpinTaylor,SEOBNRv5PHM,chirp_mass_source,13711,14792,0.47893905845215257,1.7558235187056628,0.27277175259915143,5.551115123125783e-17,843070139,4000,0.25049493125808675,0.2721751194596498,0.2932144050281263
GW231206_233901,IMRPhenomXPHM-SpinTaylor,SEOBNRv5PHM,chi_eff,13711,14792,0.04089212332267215,0.11486538199008897,0.35600041208412536,6.938893903907228e-18,609185262,4000,0.3306122100394593,0.3517988175920648,0.37343175975101905
GW231206_233901,IMRPhenomXPHM-SpinTaylor,SEOBNRv5PHM,luminosity_distance,13711,14792,14.219633574836763,321.52593765224776,0.04422546335971273,0.0,76986473,4000,0.029609587478435333,0.046332660623510616,0.06694091442476414
GW231206_233901,IMRPhenomXPHM-SpinTaylor,SEOBNRv5PHM,final_mass_source,13711,14792,0.8764432066140251,3.2868400605115546,0.2666522223407542,0.0,139359084,4000,0.2343491542187571,0.2644359124637862,0.29010675474663955
GW231206_233901,IMRPhenomXPHM-SpinTaylor,SEOBNRv5PHM,final_spin,13711,14792,0.019858313004949533,0.0518733741298632,0.38282285156995827,3.469446951953614e-18,528814984,4000,0.3601762271871949,0.3833556966466304,0.406733544014345
GW231206_233901,IMRPhenomXPHM-SpinTaylor,NRSur7dq4,chirp_mass_source,13711,15046,0.20353746311238838,1.7781432825991619,0.11446628913665043,2.7755575615628914e-17,705290971,4000,0.090726576104867,0.11610846659626978,0.13799450062977947
GW231206_233901,IMRPhenomXPHM-SpinTaylor,NRSur7dq4,chi_eff,13711,15046,0.029806927902536307,0.11016716269700656,0.2705609110086141,0.0,522043127,4000,0.2465898164455267,0.2686037297051254,0.2932648397152258
GW231206_233901,IMRPhenomXPHM-SpinTaylor,NRSur7dq4,luminosity_distance,13711,15046,14.812894153942818,333.08903177675006,0.04447127566743485,1.7763568394002505e-15,958801164,4000,0.024452037268815605,0.043860735852534284,0.0668199610191214
GW231206_233901,IMRPhenomXPHM-SpinTaylor,NRSur7dq4,final_mass_source,13711,15046,0.6985631390201715,3.34217574243074,0.20901448423299,0.0,557823975,4000,0.18338049273990867,0.2081136760617642,0.2296516014965307
GW231206_233901,IMRPhenomXPHM-SpinTaylor,NRSur7dq4,final_spin,13711,15046,0.014945140385559181,0.04993141467171214,0.2993133778367813,0.0,829724301,4000,0.2764688978680384,0.3004628057833797,0.3273756377815885
GW231206_233901,SEOBNRv5PHM,NRSur7dq4,chirp_mass_source,14792,15046,0.2817479053618636,1.6435675584207736,0.17142459640209853,5.551115123125783e-17,174153144,4000,0.14828804553213373,0.17464407208050148,0.19637438298373763
GW231206_233901,SEOBNRv5PHM,NRSur7dq4,chi_eff,14792,15046,0.011302511337772892,0.11452375002698503,0.09869141846219409,1.734723475976807e-18,638695410,4000,0.07374588123705397,0.09897567768328791,0.11572215723652116
GW231206_233901,SEOBNRv5PHM,NRSur7dq4,luminosity_distance,14792,15046,23.7957226248394,322.8585667034944,0.073703240610285,3.552713678800501e-15,903971174,4000,0.054669633162675264,0.0767545224468721,0.10368509705959418
GW231206_233901,SEOBNRv5PHM,NRSur7dq4,final_mass_source,14792,15046,0.17936674864566038,3.1759333874128295,0.05647686105651468,0.0,403691223,4000,0.03715364908949942,0.05787647547752982,0.08211287057876401
GW231206_233901,SEOBNRv5PHM,NRSur7dq4,final_spin,14792,15046,0.005516776513965283,0.04786092687081872,0.115266813132466,0.0,860257907,4000,0.09827854568458415,0.11323929095281327,0.13539047541322083
GW231213_111417,IMRPhenomXPHM-SpinTaylor,SEOBNRv5PHM,chirp_mass_source,14648,14850,0.1103222806037909,4.188458275778489,0.026339591644442446,2.7755575615628914e-17,45500711,4000,0.020331090962902656,0.030084226882224056,0.04607232816481084
GW231213_111417,IMRPhenomXPHM-SpinTaylor,SEOBNRv5PHM,chi_eff,14648,14850,0.01768726290516039,0.19174949907938976,0.09224150774880177,3.469446951953614e-18,675122340,4000,0.06779813323432604,0.09434921047039135,0.1129373228916048
GW231213_111417,IMRPhenomXPHM-SpinTaylor,SEOBNRv5PHM,luminosity_distance,14648,14850,35.785193014907925,1885.3415618131162,0.018980747966163555,7.105427357601002e-15,799226248,4000,0.012858017253768422,0.023255891632514156,0.04191136265129719
GW231213_111417,IMRPhenomXPHM-SpinTaylor,SEOBNRv5PHM,final_mass_source,14648,14850,0.24037092064017074,8.96480664960469,0.02681272781837075,5.551115123125783e-17,998485716,4000,0.01534978129965095,0.030872577767246175,0.046606560414868325
GW231213_111417,IMRPhenomXPHM-SpinTaylor,SEOBNRv5PHM,final_spin,14648,14850,0.008294936590101153,0.07525871134832951,0.11021895593865058,1.734723475976807e-18,122269583,4000,0.09178094536987691,0.11087465608117641,0.13821231708963053
GW231213_111417,IMRPhenomXPHM-SpinTaylor,NRSur7dq4,chirp_mass_source,14648,14146,0.05449372075047832,4.311656831649788,0.012638696185296163,0.0,287828307,4000,0.012555015344039144,0.021452085937006104,0.04129255400563299
GW231213_111417,IMRPhenomXPHM-SpinTaylor,NRSur7dq4,chi_eff,14648,14146,0.024031313879197966,0.18296704511997008,0.13134230737256986,3.469446951953614e-18,249488266,4000,0.10575810136628108,0.1324153502543053,0.1547704881617155
GW231213_111417,IMRPhenomXPHM-SpinTaylor,NRSur7dq4,luminosity_distance,14648,14146,61.75964945129633,1890.8542994550855,0.03266229950615153,7.105427357601002e-15,943469072,4000,0.014534948143640562,0.03546180669963519,0.05129355639424448
GW231213_111417,IMRPhenomXPHM-SpinTaylor,NRSur7dq4,final_mass_source,14648,14146,0.26608486304823936,9.206266363391357,0.028902581409801877,5.551115123125783e-17,928740665,4000,0.0182091934288919,0.029841421528825407,0.053574636486610476
GW231213_111417,IMRPhenomXPHM-SpinTaylor,NRSur7dq4,final_spin,14648,14146,0.017010749361486378,0.07160242797581168,0.23757224220431256,0.0,136203806,4000,0.2138640509383747,0.23920242909978745,0.2597976943400159
GW231213_111417,SEOBNRv5PHM,NRSur7dq4,chirp_mass_source,14850,14146,0.10810354863421093,4.209168247877384,0.025682876584637786,0.0,133109428,4000,0.019176687052395433,0.030952968123568958,0.044316923990771216
GW231213_111417,SEOBNRv5PHM,NRSur7dq4,chi_eff,14850,14146,0.007523240888281626,0.18296486807983764,0.04111849978214846,0.0,152525953,4000,0.03202848835463259,0.04599632628735081,0.06253018145056909
GW231213_111417,SEOBNRv5PHM,NRSur7dq4,luminosity_distance,14850,14146,93.28657075789957,1882.5826948061456,0.04955244251169828,0.0,277604178,4000,0.02841081164260986,0.04878566841353533,0.07001878098752636
GW231213_111417,SEOBNRv5PHM,NRSur7dq4,final_mass_source,14850,14146,0.1919413977844506,9.053353646279525,0.021201137753337283,2.7755575615628914e-17,969399289,4000,0.01577138699880357,0.027879621147320975,0.0411723282636245
GW231213_111417,SEOBNRv5PHM,NRSur7dq4,final_spin,14850,14146,0.008806647217443227,0.0690561975055794,0.12752870177556033,0.0,905246484,4000,0.11013612708994239,0.13057551957566857,0.1589280312749779
GW231223_032836,IMRPhenomXPHM-SpinTaylor,SEOBNRv5PHM,chirp_mass_source,14965,15350,0.2620464547329695,6.444156067323981,0.04066420055555664,0.0,812513357,4000,0.027992352197291483,0.04173829190241708,0.05902753730196397
GW231223_032836,IMRPhenomXPHM-SpinTaylor,SEOBNRv5PHM,chi_eff,14965,15350,0.021408575958599338,0.30195820638696613,0.07089913605846423,0.0,693129926,4000,0.049469759187710106,0.07201240218285523,0.09983026313617664
GW231223_032836,IMRPhenomXPHM-SpinTaylor,SEOBNRv5PHM,luminosity_distance,14965,15350,65.65495508287817,2213.0231633260455,0.02966754084227595,1.4210854715202004e-14,887589813,4000,0.01703508797301869,0.03736941406626723,0.0548832320382141
GW231223_032836,IMRPhenomXPHM-SpinTaylor,SEOBNRv5PHM,final_mass_source,14965,15350,0.7404950199553767,12.658600185488176,0.05849738589613412,1.1102230246251565e-16,299765159,4000,0.03559302821035914,0.058912470564856795,0.08002288896990373
GW231223_032836,IMRPhenomXPHM-SpinTaylor,SEOBNRv5PHM,final_spin,14965,15350,0.011657516642226654,0.1118928683244153,0.10418462603378409,1.734723475976807e-18,166510577,4000,0.08352758235726337,0.10594351914453426,0.1312835951297477
GW231223_032836,IMRPhenomXPHM-SpinTaylor,NRSur7dq4,chirp_mass_source,14965,14186,0.21793505681815978,6.490473742379425,0.03357768099347771,8.326672684688674e-17,603313443,4000,0.024768204859087397,0.0371102360553168,0.05175482603738032
GW231223_032836,IMRPhenomXPHM-SpinTaylor,NRSur7dq4,chi_eff,14965,14186,0.020188978231304246,0.2937093497855294,0.06873794874438459,3.469446951953614e-18,769775692,4000,0.05026050832555667,0.0709235686804224,0.08875205905098263
GW231223_032836,IMRPhenomXPHM-SpinTaylor,NRSur7dq4,luminosity_distance,14965,14186,77.59251763638444,2240.4990717810183,0.03463180084011576,1.4210854715202004e-14,505081933,4000,0.018629392735333684,0.037012253598976724,0.05697591907868035
GW231223_032836,IMRPhenomXPHM-SpinTaylor,NRSur7dq4,final_mass_source,14965,14186,0.9252457255757833,12.768038230428353,0.07246577029905575,1.1102230246251565e-16,67420724,4000,0.052700651441922756,0.0699561844411662,0.0993060483718773
GW231223_032836,IMRPhenomXPHM-SpinTaylor,NRSur7dq4,final_spin,14965,14186,0.015249456536703827,0.10918869312813301,0.13966149882212237,0.0,719516340,4000,0.12067235108767445,0.14233359123704004,0.16428693101879924
GW231223_032836,SEOBNRv5PHM,NRSur7dq4,chirp_mass_source,15350,14186,0.13604072921540228,6.279331177665181,0.02166484381318868,0.0,174004179,4000,0.012727170464134824,0.027276119218866378,0.04646910956998035
GW231223_032836,SEOBNRv5PHM,NRSur7dq4,chi_eff,15350,14186,0.006784113288182783,0.29903641225382116,0.022686579326749175,0.0,723913129,4000,0.015548248561997362,0.02690859401908706,0.0374892881227214
GW231223_032836,SEOBNRv5PHM,NRSur7dq4,luminosity_distance,15350,14186,31.3996623576909,2262.569184370943,0.013877879436610854,0.0,227931250,4000,0.012518577506329558,0.021255263470015592,0.033427115084645374
GW231223_032836,SEOBNRv5PHM,NRSur7dq4,final_mass_source,15350,14186,0.19433356896510515,12.4647860539433,0.015590606058066012,2.7755575615628914e-17,617574317,4000,0.015455469809536233,0.02317555269517616,0.0409101199827626
GW231223_032836,SEOBNRv5PHM,NRSur7dq4,final_spin,15350,14186,0.004489497641330644,0.10633095027164186,0.04222192719863221,0.0,344773052,4000,0.034947973536947355,0.050608512826643665,0.06283985195627757
GW231226_101520,IMRPhenomXPHM-SpinTaylor,SEOBNRv5PHM,chirp_mass_source,15250,16785,0.025104065347779418,1.3134246694565856,0.01911344131990907,0.0,968718681,4000,0.013448628871578596,0.024616862256114078,0.04169867852355898
GW231226_101520,IMRPhenomXPHM-SpinTaylor,SEOBNRv5PHM,chi_eff,15250,16785,0.02431733263719533,0.0757342777764973,0.3210875359366238,0.0,296847435,4000,0.2998797322115268,0.32166033635034047,0.346127807966199
GW231226_101520,IMRPhenomXPHM-SpinTaylor,SEOBNRv5PHM,luminosity_distance,15250,16785,27.37342146658579,250.92705150776567,0.10908916078240627,0.0,951533029,4000,0.08876984415065976,0.10705060223073729,0.13181777605410588
GW231226_101520,IMRPhenomXPHM-SpinTaylor,SEOBNRv5PHM,final_mass_source,15250,16785,0.10128655963557054,2.6362884853997457,0.03842013504838878,2.7755575615628914e-17,834670407,4000,0.02742688465264575,0.04507256587021691,0.06058706107223652
GW231226_101520,IMRPhenomXPHM-SpinTaylor,SEOBNRv5PHM,final_spin,15250,16785,0.006895108608239494,0.030211679263677738,0.22822659237380427,8.673617379884035e-19,946452645,4000,0.2059650605273583,0.23250046650133877,0.25857460588006065
GW231226_101520,IMRPhenomXPHM-SpinTaylor,NRSur7dq4,chirp_mass_source,15250,14175,0.038988158766889075,1.3061795645235748,0.029849003786175367,0.0,778278467,4000,0.017549661871812384,0.031327138053633616,0.05132414660170803
GW231226_101520,IMRPhenomXPHM-SpinTaylor,NRSur7dq4,chi_eff,15250,14175,0.005958062239297247,0.07329470215610667,0.08128912546240344,0.0,438477805,4000,0.06213289254811744,0.08316783613110884,0.10616305256318802
GW231226_101520,IMRPhenomXPHM-SpinTaylor,NRSur7dq4,luminosity_distance,15250,14175,5.617470829109589,247.6535511849213,0.022682779238303998,0.0,775870946,4000,0.016376881099412238,0.02632199227580281,0.04306301957506772
GW231226_101520,IMRPhenomXPHM-SpinTaylor,NRSur7dq4,final_mass_source,15250,14175,0.0729909992632663,2.5796111719846095,0.02829534933635408,1.3877787807814457e-17,634234564,4000,0.020305465403299583,0.03318395620095875,0.05134333469288942
GW231226_101520,IMRPhenomXPHM-SpinTaylor,NRSur7dq4,final_spin,15250,14175,0.004099322790045828,0.028098324692512833,0.1458920713211826,0.0,691108602,4000,0.12757957050338192,0.14900253285495135,0.17109133118292544
GW231226_101520,SEOBNRv5PHM,NRSur7dq4,chirp_mass_source,16785,14175,0.06357915208077965,1.3182999395315544,0.048228138509489656,1.3877787807814457e-17,375697566,4000,0.03031292144717185,0.04832474693265433,0.06855839499990064
GW231226_101520,SEOBNRv5PHM,NRSur7dq4,chi_eff,16785,14175,0.03019165130154767,0.07650274105544039,0.394647967968471,3.469446951953614e-18,414298788,4000,0.37634033442774123,0.39396542663591294,0.41867336617988093
GW231226_101520,SEOBNRv5PHM,NRSur7dq4,luminosity_distance,16785,14175,31.221422241198354,254.13911058366364,0.12285170184744207,0.0,368502940,4000,0.09737850408706254,0.12117930413990413,0.14074072489748102
GW231226_101520,SEOBNRv5PHM,NRSur7dq4,final_mass_source,16785,14175,0.07293090521597723,2.6471616261871276,0.027550605333088094,0.0,103032452,4000,0.02474618247541388,0.032925244879967466,0.04324681790615884
GW231226_101520,SEOBNRv5PHM,NRSur7dq4,final_spin,16785,14175,0.0045505525153381726,0.028762003523493673,0.15821403093915706,8.673617379884035e-19,100023538,4000,0.14463028949984014,0.16181429204989917,0.1753589105054762
GW240104_164932,IMRPhenomXPHM-SpinTaylor,SEOBNRv5PHM,chirp_mass_source,13845,13963,0.2686951798010453,3.815141378662826,0.07042862980223831,0.0,600116471,4000,0.056737459587884356,0.07198613038117477,0.08785361030349258
GW240104_164932,IMRPhenomXPHM-SpinTaylor,SEOBNRv5PHM,chi_eff,13845,13963,0.04475484514495013,0.15616232216057246,0.2865918265414328,6.938893903907228e-18,920595450,4000,0.26579466597717066,0.2895228764511298,0.31605800933698974
GW240104_164932,IMRPhenomXPHM-SpinTaylor,SEOBNRv5PHM,luminosity_distance,13845,13963,78.518639585012,918.0159675829404,0.0855307994170788,1.4210854715202004e-14,935125417,4000,0.060161736381187554,0.08653074989862182,0.10676773690295623
GW240104_164932,IMRPhenomXPHM-SpinTaylor,SEOBNRv5PHM,final_mass_source,13845,13963,0.5028610236204953,7.939716226851573,0.0633348861915057,0.0,584099069,4000,0.04681096877407647,0.06579002923903035,0.08893345742457512
GW240104_164932,IMRPhenomXPHM-SpinTaylor,SEOBNRv5PHM,final_spin,13845,13963,0.01927500707598838,0.06328801590098465,0.30456014146729626,0.0,442273199,4000,0.28234775133633744,0.30717376037027067,0.3244909703743982
GW240104_164932,IMRPhenomXPHM-SpinTaylor,NRSur7dq4,chirp_mass_source,13845,14248,0.68873279995637,3.873098475663932,0.17782475820946084,1.1102230246251565e-16,555346343,4000,0.1554471449492553,0.178809665563235,0.19964480271224333
GW240104_164932,IMRPhenomXPHM-SpinTaylor,NRSur7dq4,chi_eff,13845,14248,0.04138024127720266,0.15484624545135872,0.26723438567453855,6.938893903907228e-18,670648880,4000,0.24858403744807953,0.26711911762091256,0.290176874669307
GW240104_164932,IMRPhenomXPHM-SpinTaylor,NRSur7dq4,luminosity_distance,13845,14248,18.867474980055622,935.4077990801261,0.020170320365737567,0.0,191386058,4000,0.014224226352881316,0.025329341720314008,0.04017290765966484
GW240104_164932,IMRPhenomXPHM-SpinTaylor,NRSur7dq4,final_mass_source,13845,14248,1.452596222883427,7.994593119125099,0.18169732983764333,2.220446049250313e-16,818972973,4000,0.1602553566263369,0.18197114579799561,0.20275176229406067
GW240104_164932,IMRPhenomXPHM-SpinTaylor,NRSur7dq4,final_spin,13845,14248,0.02860269496372736,0.06156932214803584,0.46456082292015016,0.0,892433697,4000,0.44353326421192485,0.46381158013457663,0.4969835662917133
GW240104_164932,SEOBNRv5PHM,NRSur7dq4,chirp_mass_source,13963,14248,0.4868397353447888,3.706308222796599,0.13135435751143312,5.551115123125783e-17,361404516,4000,0.11126256683173899,0.13066217031258526,0.15678142972926332
GW240104_164932,SEOBNRv5PHM,NRSur7dq4,chi_eff,13963,14248,0.0036058936502549903,0.15076504079251643,0.023917306235584405,4.336808689942018e-19,810561490,4000,0.016993997805889012,0.032098247754004126,0.050731065001041985
GW240104_164932,SEOBNRv5PHM,NRSur7dq4,luminosity_distance,13963,14248,97.20294082490277,914.5662180476379,0.10628310876429033,1.4210854715202004e-14,631252094,4000,0.09252992395689423,0.11043984674616972,0.12854642959687004
GW240104_164932,SEOBNRv5PHM,NRSur7dq4,final_mass_source,13963,14248,0.9659120971553823,7.747762163753947,0.12466981777966431,2.220446049250313e-16,845417843,4000,0.0993501111644816,0.12358542197628439,0.1466314729449564
GW240104_164932,SEOBNRv5PHM,NRSur7dq4,final_spin,13963,14248,0.009350689341122539,0.058600773491923774,0.15956597129918823,0.0,214402572,4000,0.1378351178324401,0.15508199875882162,0.1893584555006269
