event,model,parameter,median,lower_error,upper_error,q05_reconstructed,q95_reconstructed,mask_pass,finite_pass,nonnegative_error_pass,positive_width_pass,triplet_pass
GW230601_224134,IMRPhenomXPHM-SpinTaylor,chirp_mass_source,45.16109595408657,7.585641797289696,9.973298481880995,37.57545415679687,55.134394435967565,True,True,True,True,True
GW230601_224134,IMRPhenomXPHM-SpinTaylor,chi_eff,-0.03004288805184886,0.31963696275068165,0.28022613479630715,-0.3496798508025305,0.2501832467444583,True,True,True,True,True
GW230601_224134,IMRPhenomXPHM-SpinTaylor,luminosity_distance,3642.398460908386,1801.6153870715186,2136.7331310586255,1840.7830738368673,5779.131591967011,True,True,True,True,True
GW230601_224134,IMRPhenomXPHM-SpinTaylor,final_mass_source,102.73409517617844,14.49471100732164,20.34539247279561,88.2393841688568,123.07948764897405,True,True,True,True,True
GW230601_224134,IMRPhenomXPHM-SpinTaylor,final_spin,0.6680936585612027,0.12764113103134433,0.13197404371546306,0.5404525275298584,0.8000677022766658,True,True,True,True,True
GW230601_224134,SEOBNRv5PHM,chirp_mass_source,44.93734282063997,7.187041269896618,9.752563384067528,37.75030155074335,54.6899062047075,True,True,True,True,True
GW230601_224134,SEOBNRv5PHM,chi_eff,-0.021489233516372202,0.3241140706085873,0.275213070652652,-0.34560330412495954,0.2537238371362798,True,True,True,True,True
GW230601_224134,SEOBNRv5PHM,luminosity_distance,3688.289356338252,1809.654852792609,2057.6488057080096,1878.6345035456432,5745.938162046262,True,True,True,True,True
GW230601_224134,SEOBNRv5PHM,final_mass_source,102.06174786698952,13.714918898637777,20.747642590686624,88.34682896835174,122.80939045767614,True,True,True,True,True
GW230601_224134,SEOBNRv5PHM,final_spin,0.669588565250125,0.12659611782174063,0.12129114476179326,0.5429924474283844,0.7908797100119183,True,True,True,True,True
GW230601_224134,NRSur7dq4,chirp_mass_source,45.06318934971476,7.4575226902420795,9.747897489229914,37.60566665947268,54.811086838944675,True,True,True,True,True
GW230601_224134,NRSur7dq4,chi_eff,-0.027820859147986994,0.32471281637017985,0.2647098968751746,-0.35253367551816683,0.2368890377271876,True,True,True,True,True
GW230601_224134,NRSur7dq4,luminosity_distance,3683.323940481596,1814.7721123078752,2142.0386698748325,1868.5518281737207,5825.362610356428,True,True,True,True,True
GW230601_224134,NRSur7dq4,final_mass_source,102.04400347701211,14.356756379240949,20.512910604628274,87.68724709777116,122.55691408164039,True,True,True,True,True
GW230601_224134,NRSur7dq4,final_spin,0.6657618797909391,0.12631958850042768,0.10448755502449625,0.5394422912905115,0.7702494348154354,True,True,True,True,True
GW230606_004305,IMRPhenomXPHM-SpinTaylor,chirp_mass_source,26.469324148257428,3.666897543364538,5.708934062160509,22.80242660489289,32.17825821041794,True,True,True,True,True
GW230606_004305,IMRPhenomXPHM-SpinTaylor,chi_eff,-0.11038489917244837,0.3057068779674214,0.2457864508333849,-0.4160917771398698,0.13540155166093654,True,True,True,True,True
GW230606_004305,IMRPhenomXPHM-SpinTaylor,luminosity_distance,2743.135890325288,1406.6015130663816,1531.3237519752943,1336.5343772589065,4274.459642300582,True,True,True,True,True
GW230606_004305,IMRPhenomXPHM-SpinTaylor,final_mass_source,60.662680536838195,7.948243294976244,12.74758461327933,52.71443724186195,73.41026515011752,True,True,True,True,True
GW230606_004305,IMRPhenomXPHM-SpinTaylor,final_spin,0.64204368468334,0.1497923258858156,0.09971195351463125,0.49225135879752446,0.7417556381979713,True,True,True,True,True
GW230606_004305,SEOBNRv5PHM,chirp_mass_source,26.538482787697788,3.598624624739177,5.664227677076845,22.93985816295861,32.20271046477463,True,True,True,True,True
GW230606_004305,SEOBNRv5PHM,chi_eff,-0.1074981531367,0.3128269896295257,0.2729709188828736,-0.4203251427662257,0.16547276574617362,True,True,True,True,True
GW230606_004305,SEOBNRv5PHM,luminosity_distance,2761.4491792388158,1404.3046341052923,1503.5356590386705,1357.1445451335235,4264.984838277486,True,True,True,True,True
GW230606_004305,SEOBNRv5PHM,final_mass_source,60.95163739851298,8.150658117326017,12.770327721398964,52.80097928118696,73.72196511991194,True,True,True,True,True
GW230606_004305,SEOBNRv5PHM,final_spin,0.6465318846085851,0.14490629918540632,0.11250024809886194,0.5016255854231788,0.7590321327074471,True,True,True,True,True
GW230606_004305,NRSur7dq4,chirp_mass_source,26.636367283610596,3.538950696827822,5.895019878618058,23.097416586782774,32.531387162228654,True,True,True,True,True
GW230606_004305,NRSur7dq4,chi_eff,-0.09939652150413633,0.29852517922476485,0.26319141805318985,-0.3979217007289012,0.16379489654905352,True,True,True,True,True
GW230606_004305,NRSur7dq4,luminosity_distance,2774.4609530469015,1425.2540995568816,1477.6035601360772,1349.20685349002,4252.064513182979,True,True,True,True,True
GW230606_004305,NRSur7dq4,final_mass_source,60.83262548361863,7.922120481009372,13.037832089880297,52.910505002609256,73.87045757349892,True,True,True,True,True
GW230606_004305,NRSur7dq4,final_spin,0.6462558649379435,0.14033294154707787,0.10457507515839448,0.5059229233908656,0.750830940096338,True,True,True,True,True
GW230608_205047,IMRPhenomXPHM-SpinTaylor,chirp_mass_source,32.68688264177604,5.490299949171305,7.504674511090556,27.196582692604732,40.191557152866594,True,True,True,True,True
GW230608_205047,IMRPhenomXPHM-SpinTaylor,chi_eff,0.049521115739103894,0.2714766532414551,0.25583465800898014,-0.2219555375023512,0.30535577374808404,True,True,True,True,True
GW230608_205047,IMRPhenomXPHM-SpinTaylor,luminosity_distance,3490.7609504540555,1731.693061497948,2241.677196250314,1759.0678889561075,5732.4381467043695,True,True,True,True,True
GW230608_205047,IMRPhenomXPHM-SpinTaylor,final_mass_source,75.1730183297306,10.696554196661978,15.003703945490116,64.47646413306862,90.17672227522071,True,True,True,True,True
GW230608_205047,IMRPhenomXPHM-SpinTaylor,final_spin,0.6972143642996689,0.1567880262242255,0.11295137648840159,0.5404263380754434,0.8101657407880705,True,True,True,True,True
GW230608_205047,SEOBNRv5PHM,chirp_mass_source,32.66564157737562,5.230611338588343,7.143056461944056,27.435030238787274,39.80869803931967,True,True,True,True,True
GW230608_205047,SEOBNRv5PHM,chi_eff,0.03672927718395996,0.2545009995372157,0.2520284550884613,-0.21777172235325576,0.28875773227242124,True,True,True,True,True
GW230608_205047,SEOBNRv5PHM,luminosity_distance,3475.945313161196,1703.1210605998165,2164.996325663235,1772.8242525613794,5640.941638824431,True,True,True,True,True
GW230608_205047,SEOBNRv5PHM,final_mass_source,75.2824944989126,10.940613089774303,14.927554784432687,64.3418814091383,90.21004928334528,True,True,True,True,True
GW230608_205047,SEOBNRv5PHM,final_spin,0.6892263077332645,0.1414869456657556,0.11314491132937132,0.547739362067509,0.8023712190626359,True,True,True,True,True
GW230608_205047,NRSur7dq4,chirp_mass_source,32.64024909065196,5.358423266086891,7.305792139918509,27.28182582456507,39.94604123057047,True,True,True,True,True
GW230608_205047,NRSur7dq4,chi_eff,0.036882710965459475,0.2511623730850068,0.24323618572332167,-0.2142796621195473,0.28011889668878115,True,True,True,True,True
GW230608_205047,NRSur7dq4,luminosity_distance,3469.3484766589495,1721.6197038406071,2215.972888394587,1747.7287728183423,5685.321365053536,True,True,True,True,True
GW230608_205047,NRSur7dq4,final_mass_source,75.02086272972184,10.68427745341782,14.83836653005389,64.33658527630402,89.85922925977573,True,True,True,True,True
GW230608_205047,NRSur7dq4,final_spin,0.6859147467808627,0.13999118948269573,0.10099192412133162,0.545923557298167,0.7869066709021943,True,True,True,True,True
GW230609_064958,IMRPhenomXPHM-SpinTaylor,chirp_mass_source,25.572737729472955,3.6394298490990735,5.656998288042811,21.93330788037388,31.229736017515766,True,True,True,True,True
GW230609_064958,IMRPhenomXPHM-SpinTaylor,chi_eff,-0.12424078470413832,0.2698738986846251,0.21755921252209057,-0.39411468338876343,0.09331842781795224,True,True,True,True,True
GW230609_064958,IMRPhenomXPHM-SpinTaylor,luminosity_distance,3362.4591590613004,1760.947543537622,1926.5414638555471,1601.5116155236783,5289.0006229168475,True,True,True,True,True
GW230609_064958,IMRPhenomXPHM-SpinTaylor,final_mass_source,57.970373032697324,7.786569909181438,12.197942330611909,50.18380312351589,70.16831536330923,True,True,True,True,True
GW230609_064958,IMRPhenomXPHM-SpinTaylor,final_spin,0.6460200240404322,0.13470233121175457,0.09111521279058155,0.5113176928286777,0.7371352368310138,True,True,True,True,True
GW230609_064958,SEOBNRv5PHM,chirp_mass_source,25.549660583055093,3.6531308299939127,5.531871890786409,21.89652975306118,31.081532473841502,True,True,True,True,True
GW230609_064958,SEOBNRv5PHM,chi_eff,-0.14391685706403415,0.26774233692424976,0.22553819852316476,-0.4116591939882839,0.08162134145913061,True,True,True,True,True
GW230609_064958,SEOBNRv5PHM,luminosity_distance,3351.7237857106566,1742.305158371517,1891.8758257288018,1609.4186273391394,5243.599611439458,True,True,True,True,True
GW230609_064958,SEOBNRv5PHM,final_mass_source,58.10898424716652,7.923395315880342,12.140039214536202,50.185588931286176,70.24902346170272,True,True,True,True,True
GW230609_064958,SEOBNRv5PHM,final_spin,0.6390388801411979,0.13542138719476116,0.08841299191985086,0.5036174929464368,0.7274518720610488,True,True,True,True,True
GW230609_064958,NRSur7dq4,chirp_mass_source,25.525877972464713,3.6822331295076083,5.615531371101781,21.843644842957104,31.141409343566494,True,True,True,True,True
GW230609_064958,NRSur7dq4,chi_eff,-0.13857058437937536,0.2639552884963452,0.2138886457752264,-0.40252587287572056,0.07531806139585104,True,True,True,True,True
GW230609_064958,NRSur7dq4,luminosity_distance,3360.313601845372,1753.916239279299,1955.7819430740087,1606.397362566073,5316.095544919381,True,True,True,True,True
GW230609_064958,NRSur7dq4,final_mass_source,57.856184398553424,7.939495847903984,12.093160033612577,49.91668855064944,69.949344432166,True,True,True,True,True
GW230609_064958,NRSur7dq4,final_spin,0.6384066942569155,0.1353706902989934,0.08206326955977428,0.5030360039579221,0.7204699638166898,True,True,True,True,True
GW230628_231200,IMRPhenomXPHM-SpinTaylor,chirp_mass_source,25.515745142865875,2.168861811575418,3.6930492933573262,23.346883331290456,29.2087944362232,True,True,True,True,True
GW230628_231200,IMRPhenomXPHM-SpinTaylor,chi_eff,-0.0018854476135868716,0.16389091569360678,0.15973466323883495,-0.16577636330719364,0.1578492156252481,True,True,True,True,True
GW230628_231200,IMRPhenomXPHM-SpinTaylor,luminosity_distance,2289.7341156415478,1066.5992994683081,812.2582178723605,1223.1348161732396,3101.9923335139083,True,True,True,True,True
GW230628_231200,IMRPhenomXPHM-SpinTaylor,final_mass_source,56.428436457287916,4.507722158268145,7.817834306686365,51.92071429901977,64.24627076397428,True,True,True,True,True
GW230628_231200,IMRPhenomXPHM-SpinTaylor,final_spin,0.6999371541954426,0.06299081717257571,0.08424412307205575,0.6369463370228668,0.7841812772674983,True,True,True,True,True
GW230628_231200,SEOBNRv5PHM,chirp_mass_source,25.358624575174755,2.10243816404272,3.570226688249683,23.256186411132035,28.928851263424438,True,True,True,True,True
GW230628_231200,SEOBNRv5PHM,chi_eff,-0.024266614624054095,0.17667022111770908,0.15795615756842282,-0.2009368357417632,0.13368954294436872,True,True,True,True,True
GW230628_231200,SEOBNRv5PHM,luminosity_distance,2306.180747433324,1062.518764218267,751.8705385861676,1243.661983215057,3058.0512860194917,True,True,True,True,True
GW230628_231200,SEOBNRv5PHM,final_mass_source,56.07326110468742,4.411540622949396,7.699121650098014,51.66172048173802,63.77238275478543,True,True,True,True,True
GW230628_231200,SEOBNRv5PHM,final_spin,0.6879000540067585,0.06246927673533209,0.07146208241572427,0.6254307772714264,0.7593621364224827,True,True,True,True,True
GW230628_231200,NRSur7dq4,chirp_mass_source,25.719222659034237,2.2813814642477226,3.9042619174625592,23.437841194786515,29.623484576496796,True,True,True,True,True
GW230628_231200,NRSur7dq4,chi_eff,-0.014277219803631369,0.16096293918518578,0.14799408517701848,-0.17524015898881715,0.13371686537338712,True,True,True,True,True
GW230628_231200,NRSur7dq4,luminosity_distance,2181.5737752122,1080.3142620825367,811.5569352535645,1101.2595131296632,2993.1307104657644,True,True,True,True,True
GW230628_231200,NRSur7dq4,final_mass_source,56.71785390148013,4.756504155085203,8.335669080061272,51.96134974639493,65.0535229815414,True,True,True,True,True
GW230628_231200,NRSur7dq4,final_spin,0.6872463899262403,0.05687328933965563,0.060012130106371964,0.6303731005865847,0.7472585200326123,True,True,True,True,True
GW230630_125806,IMRPhenomXPHM-SpinTaylor,chirp_mass_source,34.69198485136724,8.400485285497368,11.978107882201634,26.29149956586987,46.67009273356887,True,True,True,True,True
GW230630_125806,IMRPhenomXPHM-SpinTaylor,chi_eff,0.19830327916732204,0.31700251000212015,0.3026831899636413,-0.11869923083479811,0.5009864691309633,True,True,True,True,True
GW230630_125806,IMRPhenomXPHM-SpinTaylor,luminosity_distance,5535.620672253735,3093.9595027744717,5170.813400228017,2441.6611694792637,10706.434072481752,True,True,True,True,True
GW230630_125806,IMRPhenomXPHM-SpinTaylor,final_mass_source,80.0543393313714,18.511304259020363,25.02486005369937,61.54303507235103,105.07919938507077,True,True,True,True,True
GW230630_125806,IMRPhenomXPHM-SpinTaylor,final_spin,0.760495114055567,0.17869094607807967,0.1137653029639949,0.5818041679774874,0.8742604170195619,True,True,True,True,True
GW230630_125806,SEOBNRv5PHM,chirp_mass_source,35.58443416243339,8.391550321815494,10.837435222779824,27.192883840617895,46.42186938521321,True,True,True,True,True
GW230630_125806,SEOBNRv5PHM,chi_eff,0.17282206431905509,0.30451268465209413,0.29680096117479404,-0.13169062033303905,0.46962302549384916,True,True,True,True,True
GW230630_125806,SEOBNRv5PHM,luminosity_distance,5133.987686008162,2843.847458708685,5053.616436468648,2290.1402272994774,10187.60412247681,True,True,True,True,True
GW230630_125806,SEOBNRv5PHM,final_mass_source,81.74624447339339,18.98939523522764,23.89956934570344,62.75684923816575,105.64581381909683,True,True,True,True,True
GW230630_125806,SEOBNRv5PHM,final_spin,0.7485128596539085,0.15535953758759502,0.11109039150569533,0.5931533220663134,0.8596032511596038,True,True,True,True,True
GW230630_125806,NRSur7dq4,chirp_mass_source,34.69004139530732,8.200546769185532,11.419681641641986,26.489494626121786,46.109723036949305,True,True,True,True,True
GW230630_125806,NRSur7dq4,chi_eff,0.16502051612857355,0.2878545949629072,0.28960431072949505,-0.12283407883433367,0.4546248268580686,True,True,True,True,True
GW230630_125806,NRSur7dq4,luminosity_distance,5553.37974823868,3141.9419710462876,5071.660192607918,2411.4377771923923,10625.039940846598,True,True,True,True,True
GW230630_125806,NRSur7dq4,final_mass_source,79.2186452486994,17.767864096212918,23.80691894666934,61.450781152486485,103.02556419536874,True,True,True,True,True
GW230630_125806,NRSur7dq4,final_spin,0.7343237207572368,0.14534914128374776,0.1009916467439097,0.5889745794734891,0.8353153675011465,True,True,True,True,True
GW230702_185453,IMRPhenomXPHM-SpinTaylor,chirp_mass_source,22.82024682197537,3.541662311682604,4.1922769403797915,19.278584510292767,27.012523762355162,True,True,True,True,True
GW230702_185453,IMRPhenomXPHM-SpinTaylor,chi_eff,0.06105707918557994,0.2631316810170746,0.30549696637149304,-0.20207460183149467,0.366554045557073,True,True,True,True,True
GW230702_185453,IMRPhenomXPHM-SpinTaylor,luminosity_distance,2481.9710046206474,1147.9435782582184,1940.070620733598,1334.027426362429,4422.041625354245,True,True,True,True,True
GW230702_185453,IMRPhenomXPHM-SpinTaylor,final_mass_source,57.8764885935701,11.379440894450674,16.683467977194397,46.49704769911943,74.5599565707645,True,True,True,True,True
GW230702_185453,IMRPhenomXPHM-SpinTaylor,final_spin,0.6371258466528831,0.15814977105280453,0.1353117715683182,0.47897607560007854,0.7724376182212013,True,True,True,True,True
GW230702_185453,SEOBNRv5PHM,chirp_mass_source,23.25041438154311,3.811173728902048,3.9918718681534386,19.43924065264106,27.242286249696548,True,True,True,True,True
GW230702_185453,SEOBNRv5PHM,chi_eff,0.0341213134497432,0.26852337739509724,0.3071560251435328,-0.23440206394535404,0.341277338593276,True,True,True,True,True
GW230702_185453,SEOBNRv5PHM,luminosity_distance,2362.6970561072076,1057.1148760110887,1997.5603814483902,1305.582180096119,4360.257437555598,True,True,True,True,True
GW230702_185453,SEOBNRv5PHM,final_mass_source,56.69078222149694,10.54834129425199,14.772563776257464,46.14244092724495,71.4633459977544,True,True,True,True,True
GW230702_185453,SEOBNRv5PHM,final_spin,0.6518099655687066,0.15400131187877053,0.12535153401640287,0.4978086536899361,0.7771614995851095,True,True,True,True,True
GW230702_185453,NRSur7dq4,chirp_mass_source,22.681456576862658,3.4290990622948847,4.064262454887356,19.252357514567773,26.745719031750014,True,True,True,True,True
GW230702_185453,NRSur7dq4,chi_eff,0.05868449700009463,0.2557894692261304,0.2845910142701878,-0.19710497222603576,0.34327551127028244,True,True,True,True,True
GW230702_185453,NRSur7dq4,luminosity_distance,2573.4184342052768,1201.6773131489758,1934.1792903189098,1371.741121056301,4507.597724524187,True,True,True,True,True
GW230702_185453,NRSur7dq4,final_mass_source,57.50820884226707,11.73146278089466,15.480162573574034,45.77674606137241,72.9883714158411,True,True,True,True,True
GW230702_185453,NRSur7dq4,final_spin,0.6367576299778674,0.15833637843214354,0.134287372051639,0.4784212515457239,0.7710450020295064,True,True,True,True,True
GW230704_021211,IMRPhenomXPHM-SpinTaylor,chirp_mass_source,21.90830215252495,3.204405544194138,4.415845679853767,18.703896608330812,26.324147832378717,True,True,True,True,True
GW230704_021211,IMRPhenomXPHM-SpinTaylor,chi_eff,-0.0043249203795803675,0.2347448046659872,0.211017838641231,-0.2390697250455676,0.20669291826165062,True,True,True,True,True
GW230704_021211,IMRPhenomXPHM-SpinTaylor,luminosity_distance,2712.532276027265,1464.0731119995833,1888.5554231646133,1248.459164027682,4601.0876991918785,True,True,True,True,True
GW230704_021211,IMRPhenomXPHM-SpinTaylor,final_mass_source,50.72646929968148,7.9027199077475885,10.52404314302057,42.823749391933895,61.25051244270205,True,True,True,True,True
GW230704_021211,IMRPhenomXPHM-SpinTaylor,final_spin,0.6617205566710903,0.13316004226052447,0.09715081067065201,0.5285605144105658,0.7588713673417423,True,True,True,True,True
GW230704_021211,SEOBNRv5PHM,chirp_mass_source,21.78123468903145,3.158900046666062,4.321974619257894,18.622334642365388,26.103209308289344,True,True,True,True,True
GW230704_021211,SEOBNRv5PHM,chi_eff,-0.015090658986517971,0.241961341425523,0.21968501196640955,-0.25705200041204096,0.2045943529798916,True,True,True,True,True
GW230704_021211,SEOBNRv5PHM,luminosity_distance,2716.587010754635,1458.5175256620107,1888.7868534367312,1258.069485092624,4605.373864191366,True,True,True,True,True
GW230704_021211,SEOBNRv5PHM,final_mass_source,50.81037450954902,8.022936077709787,10.745074379744239,42.787438431839234,61.55544888929326,True,True,True,True,True
GW230704_021211,SEOBNRv5PHM,final_spin,0.6563358941791437,0.13608680818228125,0.09771599663334063,0.5202490859968625,0.7540518908124844,True,True,True,True,True
GW230704_021211,NRSur7dq4,chirp_mass_source,21.867672835067275,3.236308023189764,4.440078840868281,18.63136481187751,26.307751675935556,True,True,True,True,True
GW230704_021211,NRSur7dq4,chi_eff,-0.008856659132840514,0.23418932517334068,0.21014982959338624,-0.24304598430618118,0.20129317046054573,True,True,True,True,True
GW230704_021211,NRSur7dq4,luminosity_distance,2716.905020895386,1453.700157928391,1864.9882582961227,1263.2048629669948,4581.893279191509,True,True,True,True,True
GW230704_021211,NRSur7dq4,final_mass_source,50.62005649589338,7.898604951281143,10.620413628901304,42.721451544612236,61.24047012479468,True,True,True,True,True
GW230704_021211,NRSur7dq4,final_spin,0.659303973445395,0.1271172890833715,0.09370312539988512,0.5321866843620235,0.7530070988452802,True,True,True,True,True
GW230707_124047,IMRPhenomXPHM-SpinTaylor,chirp_mass_source,34.91577045510619,5.172183604451483,8.718919474853529,29.743586850654708,43.63468992995972,True,True,True,True,True
GW230707_124047,IMRPhenomXPHM-SpinTaylor,chi_eff,-0.03717263436657739,0.28349916544607434,0.25940000028227894,-0.3206717998126517,0.22222736591570155,True,True,True,True,True
GW230707_124047,IMRPhenomXPHM-SpinTaylor,luminosity_distance,4525.364964512155,2287.056299742663,2334.732221960465,2238.3086647694918,6860.09718647262,True,True,True,True,True
GW230707_124047,IMRPhenomXPHM-SpinTaylor,final_mass_source,77.8767526211299,10.741356510699191,18.70986925065607,67.1353961104307,96.58662187178597,True,True,True,True,True
GW230707_124047,IMRPhenomXPHM-SpinTaylor,final_spin,0.6857708354830965,0.10803970407927377,0.09812150949332143,0.5777311314038227,0.7838923449764179,True,True,True,True,True
GW230707_124047,SEOBNRv5PHM,chirp_mass_source,35.4726498598163,5.44385351959167,8.523789882417645,30.02879634022463,43.996439742233946,True,True,True,True,True
GW230707_124047,SEOBNRv5PHM,chi_eff,-0.055992020592242835,0.28624967935395534,0.24852740505698434,-0.3422416999461982,0.1925353844647415,True,True,True,True,True
GW230707_124047,SEOBNRv5PHM,luminosity_distance,4343.519550005104,2252.2862611165983,2352.1713307393456,2091.2332888885057,6695.69088074445,True,True,True,True,True
GW230707_124047,SEOBNRv5PHM,final_mass_source,78.8765717808779,11.383159589992886,18.41410229992657,67.49341219088501,97.29067408080446,True,True,True,True,True
GW230707_124047,SEOBNRv5PHM,final_spin,0.6777260749678238,0.1031501954225551,0.09258616830346811,0.5745758795452687,0.7703122432712919,True,True,True,True,True
GW230707_124047,NRSur7dq4,chirp_mass_source,35.035946558683214,5.3404185234518415,8.55779261661553,29.695528035231373,43.593739175298744,True,True,True,True,True
GW230707_124047,NRSur7dq4,chi_eff,-0.055278532017337435,0.28767670673708845,0.2393718518893144,-0.3429552387544259,0.18409331987197697,True,True,True,True,True
GW230707_124047,NRSur7dq4,luminosity_distance,4462.474790796152,2306.136480678847,2406.845668191948,2156.338310117305,6869.3204589881,True,True,True,True,True
GW230707_124047,NRSur7dq4,final_mass_source,77.87950179624234,11.169141521228639,18.388323756353856,66.7103602750137,96.2678255525962,True,True,True,True,True
GW230707_124047,NRSur7dq4,final_spin,0.6733338718712029,0.10112604787704005,0.08082029915519517,0.5722078239941628,0.754154171026398,True,True,True,True,True
GW230708_053705,IMRPhenomXPHM-SpinTaylor,chirp_mass_source,22.125332634131993,3.3037960896778102,4.424730760776857,18.821536544454183,26.55006339490885,True,True,True,True,True
GW230708_053705,IMRPhenomXPHM-SpinTaylor,chi_eff,0.07562399917313581,0.23613733990210634,0.2377347426049193,-0.16051334072897053,0.3133587417780551,True,True,True,True,True
GW230708_053705,IMRPhenomXPHM-SpinTaylor,luminosity_distance,3307.1398914610954,1684.6468001377357,2076.7291194709633,1622.4930913233597,5383.869010932059,True,True,True,True,True
GW230708_053705,IMRPhenomXPHM-SpinTaylor,final_mass_source,49.18784484625004,7.278302979852043,9.697645484322997,41.909541866397994,58.885490330573035,True,True,True,True,True
GW230708_053705,IMRPhenomXPHM-SpinTaylor,final_spin,0.7255537216789555,0.0914287600446847,0.09405546428144651,0.6341249616342708,0.819609185960402,True,True,True,True,True
GW230708_053705,SEOBNRv5PHM,chirp_mass_source,22.410319524782476,3.267080023935968,4.311151748430326,19.14323950084651,26.721471273212803,True,True,True,True,True
GW230708_053705,SEOBNRv5PHM,chi_eff,0.06490771913384258,0.23585402947317938,0.2305004098287214,-0.1709463103393368,0.29540812896256397,True,True,True,True,True
GW230708_053705,SEOBNRv5PHM,luminosity_distance,3217.8318195348525,1665.237778984853,2010.1877306951624,1552.5940405499994,5228.019550230015,True,True,True,True,True
GW230708_053705,SEOBNRv5PHM,final_mass_source,49.79086502918448,7.241307473054896,9.73599321938891,42.549557556129585,59.52685824857339,True,True,True,True,True
GW230708_053705,SEOBNRv5PHM,final_spin,0.7244122697385788,0.08813810050835669,0.0885122895046977,0.6362741692302221,0.8129245592432764,True,True,True,True,True
GW230708_053705,NRSur7dq4,chirp_mass_source,22.125147273658698,3.2765816310067493,4.281683143067465,18.84856564265195,26.406830416726162,True,True,True,True,True
GW230708_053705,NRSur7dq4,chi_eff,0.054246647088572075,0.2361462602279329,0.22894499349612207,-0.18189961313936082,0.28319164058469415,True,True,True,True,True
GW230708_053705,NRSur7dq4,luminosity_distance,3233.18708442018,1662.3244621943054,2125.9288335575097,1570.8626222258745,5359.11591797769,True,True,True,True,True
GW230708_053705,NRSur7dq4,final_mass_source,49.11272264988347,7.230895102319749,9.281690748206351,41.881827547563724,58.394413398089824,True,True,True,True,True
GW230708_053705,NRSur7dq4,final_spin,0.7141409621493555,0.0823003778964474,0.07743322366824501,0.6318405842529081,0.7915741858176005,True,True,True,True,True
GW230708_230935,IMRPhenomXPHM-SpinTaylor,chirp_mass_source,42.801184626321515,8.07939556359338,10.394106890527546,34.721789062728135,53.19529151684906,True,True,True,True,True
GW230708_230935,IMRPhenomXPHM-SpinTaylor,chi_eff,0.028541864759764793,0.29727519550894227,0.2882310219281418,-0.2687333307491775,0.3167728866879066,True,True,True,True,True
GW230708_230935,IMRPhenomXPHM-SpinTaylor,luminosity_distance,3482.326223945998,1623.2350294436571,2287.33074254837,1859.091194502341,5769.656966494368,True,True,True,True,True
GW230708_230935,IMRPhenomXPHM-SpinTaylor,final_mass_source,99.3405304357286,15.173684127218877,22.138290191315676,84.16684630850972,121.47882062704427,True,True,True,True,True
GW230708_230935,IMRPhenomXPHM-SpinTaylor,final_spin,0.6845032059206992,0.157392198766802,0.12889680208486787,0.5271110071538972,0.8134000080055671,True,True,True,True,True
GW230708_230935,SEOBNRv5PHM,chirp_mass_source,42.63530928354179,7.496090498633194,9.288600696542737,35.13921878490859,51.923909980084524,True,True,True,True,True
GW230708_230935,SEOBNRv5PHM,chi_eff,0.004108949719975177,0.2957089381919361,0.28044396927769255,-0.29159998847196095,0.2845529189976677,True,True,True,True,True
GW230708_230935,SEOBNRv5PHM,luminosity_distance,3519.7733864154434,1650.2974409202036,2275.9133583238654,1869.4759454952398,5795.686744739309,True,True,True,True,True
GW230708_230935,SEOBNRv5PHM,final_mass_source,98.56594620215655,14.559077813256295,20.12676759578271,84.00686838890026,118.69271379793926,True,True,True,True,True
GW230708_230935,SEOBNRv5PHM,final_spin,0.6710174172672563,0.15343154570549444,0.12054799150691753,0.5175858715617618,0.7915654087741738,True,True,True,True,True
GW230708_230935,NRSur7dq4,chirp_mass_source,42.38708767035717,7.720118166936572,9.34528355300067,34.666969503420596,51.73237122335784,True,True,True,True,True
GW230708_230935,NRSur7dq4,chi_eff,0.007011424644221175,0.29030736482311437,0.266541891990811,-0.2832959401788932,0.2735533166350322,True,True,True,True,True
GW230708_230935,NRSur7dq4,luminosity_distance,3567.3577945327884,1661.8964906348472,2301.849252147948,1905.4613038979412,5869.207046680736,True,True,True,True,True
GW230708_230935,NRSur7dq4,final_mass_source,97.7907862384665,14.783483903781516,19.95477874558547,83.00730233468498,117.74556498405197,True,True,True,True,True
GW230708_230935,NRSur7dq4,final_spin,0.6684880449312705,0.15254026278224686,0.11009043040233324,0.5159477821490236,0.7785784753336037,True,True,True,True,True
GW230709_122727,IMRPhenomXPHM-SpinTaylor,chirp_mass_source,31.0754536030374,6.973991158960491,9.480121739667982,24.10146244407691,40.55557534270538,True,True,True,True,True
GW230709_122727,IMRPhenomXPHM-SpinTaylor,chi_eff,0.08402474681106899,0.3076238001022563,0.30823288969056584,-0.22359905329118734,0.3922576365016348,True,True,True,True,True
GW230709_122727,IMRPhenomXPHM-SpinTaylor,luminosity_distance,4715.867713363765,2488.9036110874968,3481.9730630668328,2226.964102276268,8197.840776430598,True,True,True,True,True
GW230709_122727,IMRPhenomXPHM-SpinTaylor,final_mass_source,71.07120840861639,13.426009036104396,19.313903420018576,57.64519937251199,90.38511182863496,True,True,True,True,True
GW230709_122727,IMRPhenomXPHM-SpinTaylor,final_spin,0.7128321912260932,0.15782818853312242,0.11832515183628844,0.5550040026929708,0.8311573430623816,True,True,True,True,True
GW230709_122727,SEOBNRv5PHM,chirp_mass_source,30.989948102273488,6.651960108411529,9.219102093935078,24.337987993861958,40.209050196208565,True,True,True,True,True
GW230709_122727,SEOBNRv5PHM,chi_eff,0.07759718372459494,0.30902131113284054,0.3102656749307615,-0.23142412740824558,0.38786285865535647,True,True,True,True,True
GW230709_122727,SEOBNRv5PHM,luminosity_distance,4606.690242832373,2471.5798929254943,3581.8512633034925,2135.1103499068786,8188.541506135865,True,True,True,True,True
GW230709_122727,SEOBNRv5PHM,final_mass_source,71.11536029418419,13.287487398598465,19.00313130577733,57.82787289558572,90.11849159996152,True,True,True,True,True
GW230709_122727,SEOBNRv5PHM,final_spin,0.7079502327608092,0.15553836857728098,0.12143673368010843,0.5524118641835282,0.8293869664409176,True,True,True,True,True
GW230709_122727,NRSur7dq4,chirp_mass_source,30.779008562473802,6.657533045912718,9.120498689123867,24.121475516561084,39.89950725159767,True,True,True,True,True
GW230709_122727,NRSur7dq4,chi_eff,0.07250763633167363,0.3042153484771184,0.30019828307379065,-0.23170771214544478,0.37270591940546427,True,True,True,True,True
GW230709_122727,NRSur7dq4,luminosity_distance,4665.062034266774,2520.2335768734074,3540.581075918876,2144.828457393367,8205.64311018565,True,True,True,True,True
GW230709_122727,NRSur7dq4,final_mass_source,70.42318128954525,13.096507148981885,18.492991162777642,57.32667414056337,88.9161724523229,True,True,True,True,True
GW230709_122727,NRSur7dq4,final_spin,0.7003178078427145,0.15396467324576202,0.1107745652589247,0.5463531345969524,0.8110923731016392,True,True,True,True,True
GW230726_002940,IMRPhenomXPHM-SpinTaylor,chirp_mass_source,27.2641300992898,3.3411275671334337,4.464893587505436,23.923002532156367,31.729023686795237,True,True,True,True,True
GW230726_002940,IMRPhenomXPHM-SpinTaylor,chi_eff,-0.010354681002351547,0.22936524343263717,0.2161645386821496,-0.2397199244349887,0.20580985767979806,True,True,True,True,True
GW230726_002940,IMRPhenomXPHM-SpinTaylor,luminosity_distance,2067.582948537854,1063.8603826624474,1289.0790445792036,1003.7225658754066,3356.6619931170576,True,True,True,True,True
GW230726_002940,IMRPhenomXPHM-SpinTaylor,final_mass_source,60.776262788001794,7.461849329846949,9.913260938509815,53.314413458154846,70.68952372651161,True,True,True,True,True
GW230726_002940,IMRPhenomXPHM-SpinTaylor,final_spin,0.6916104292792037,0.0828624222677592,0.08780581438043611,0.6087480070114445,0.7794162436596398,True,True,True,True,True
GW230726_002940,SEOBNRv5PHM,chirp_mass_source,27.25029317471864,3.3829059983730225,4.300392847736212,23.867387176345616,31.55068602245485,True,True,True,True,True
GW230726_002940,SEOBNRv5PHM,chi_eff,-0.025540189221479184,0.2313697748790202,0.21827390393819582,-0.2569099641004994,0.19273371471671663,True,True,True,True,True
GW230726_002940,SEOBNRv5PHM,luminosity_distance,2055.3510186125345,1024.938419497518,1269.2416199764607,1030.4125991150165,3324.592638588995,True,True,True,True,True
GW230726_002940,SEOBNRv5PHM,final_mass_source,60.63165917455722,7.425653441870118,9.550199856881726,53.2060057326871,70.18185903143895,True,True,True,True,True
GW230726_002940,SEOBNRv5PHM,final_spin,0.6842402105641209,0.08067705355952182,0.08257348209351234,0.6035631570045991,0.7668136926576332,True,True,True,True,True
GW230726_002940,NRSur7dq4,chirp_mass_source,27.21266998348512,3.358458281021317,4.3960070849594715,23.854211702463804,31.608677068444592,True,True,True,True,True
GW230726_002940,NRSur7dq4,chi_eff,-0.017451751822555137,0.23088491228273705,0.20348821120133065,-0.2483366641052922,0.1860364593787755,True,True,True,True,True
GW230726_002940,NRSur7dq4,luminosity_distance,2061.3768793577156,1039.9240982532378,1278.484800166521,1021.4527811044777,3339.8616795242365,True,True,True,True,True
GW230726_002940,NRSur7dq4,final_mass_source,60.48190097741697,7.4229768821850115,9.64706214499229,53.05892409523196,70.12896312240926,True,True,True,True,True
GW230726_002940,NRSur7dq4,final_spin,0.6822600107582596,0.0789991708199812,0.07176896075713624,0.6032608399382784,0.7540289715153958,True,True,True,True,True
GW230805_034249,IMRPhenomXPHM-SpinTaylor,chirp_mass_source,23.2301130378452,4.285239063140825,5.979164528687743,18.944873974704375,29.209277566532943,True,True,True,True,True
GW230805_034249,IMRPhenomXPHM-SpinTaylor,chi_eff,0.07818874279639651,0.28194618539945987,0.25745727943842345,-0.20375744260306336,0.33564602223482,True,True,True,True,True
GW230805_034249,IMRPhenomXPHM-SpinTaylor,luminosity_distance,3357.108436380685,1648.001906923784,2479.2003675767937,1709.106529456901,5836.308803957479,True,True,True,True,True
GW230805_034249,IMRPhenomXPHM-SpinTaylor,final_mass_source,53.39891775822727,9.825923070203181,13.277528795609399,43.57299468802409,66.67644655383667,True,True,True,True,True
GW230805_034249,IMRPhenomXPHM-SpinTaylor,final_spin,0.7251605919922818,0.12903519090368543,0.10498825481938057,0.5961254010885964,0.8301488468116623,True,True,True,True,True
GW230805_034249,SEOBNRv5PHM,chirp_mass_source,23.02342798869546,4.100187491966345,5.964647821066624,18.923240496729115,28.988075809762083,True,True,True,True,True
GW230805_034249,SEOBNRv5PHM,chi_eff,0.05424676009241569,0.28886369385566285,0.2787047553529479,-0.23461693376324716,0.3329515154453636,True,True,True,True,True
GW230805_034249,SEOBNRv5PHM,luminosity_distance,3599.7689376513054,1782.9520355778025,2519.1182568736594,1816.816902073503,6118.887194524965,True,True,True,True,True
GW230805_034249,SEOBNRv5PHM,final_mass_source,52.034430594973365,8.879231771030817,12.85457580036853,43.15519882394255,64.8890063953419,True,True,True,True,True
GW230805_034249,SEOBNRv5PHM,final_spin,0.7096646709869443,0.12273336694637305,0.11267608684246011,0.5869313040405713,0.8223407578294044,True,True,True,True,True
GW230805_034249,NRSur7dq4,chirp_mass_source,23.04393040933293,4.2228988214172105,5.868082129887984,18.82103158791572,28.912012539220914,True,True,True,True,True
GW230805_034249,NRSur7dq4,chi_eff,0.047497617745866486,0.2710858473397068,0.2711241410744646,-0.22358822959384034,0.31862175882033106,True,True,True,True,True
GW230805_034249,NRSur7dq4,luminosity_distance,3505.9127144298836,1722.232288698352,2447.031538699328,1783.6804257315316,5952.944253129212,True,True,True,True,True
GW230805_034249,NRSur7dq4,final_mass_source,51.78642397752109,8.845305616355581,12.404616048585375,42.94111836116551,64.19104002610646,True,True,True,True,True
GW230805_034249,NRSur7dq4,final_spin,0.7014621140518988,0.11769250106636908,0.10039653023816764,0.5837696129855298,0.8018586442900665,True,True,True,True,True
GW230806_204041,IMRPhenomXPHM-SpinTaylor,chirp_mass_source,35.92481508024297,6.9588494655470114,10.716377303662128,28.96596561469596,46.6411923839051,True,True,True,True,True
GW230806_204041,IMRPhenomXPHM-SpinTaylor,chi_eff,0.08583575582436151,0.27215829839205014,0.27267976609321687,-0.18632254256768863,0.3585155219175784,True,True,True,True,True
GW230806_204041,IMRPhenomXPHM-SpinTaylor,luminosity_distance,5471.8061571798125,2865.3754983754525,3719.273823094173,2606.43065880436,9191.079980273986,True,True,True,True,True
GW230806_204041,IMRPhenomXPHM-SpinTaylor,final_mass_source,81.56338444151902,14.759495081673364,22.424182483310958,66.80388935984566,103.98756692482998,True,True,True,True,True
GW230806_204041,IMRPhenomXPHM-SpinTaylor,final_spin,0.7131152154452784,0.13291991735466868,0.10777979929447079,0.5801952980906098,0.8208950147397492,True,True,True,True,True
GW230806_204041,SEOBNRv5PHM,chirp_mass_source,36.0712127431459,6.901038809067767,10.663103168967595,29.170173934078132,46.734315912113495,True,True,True,True,True
GW230806_204041,SEOBNRv5PHM,chi_eff,0.07255856284803275,0.2685554729901274,0.27210729840557013,-0.19599691014209464,0.3446658612536029,True,True,True,True,True
GW230806_204041,SEOBNRv5PHM,luminosity_distance,5551.583735267715,2943.162528353865,3607.6321820363573,2608.4212069138503,9159.215917304073,True,True,True,True,True
GW230806_204041,SEOBNRv5PHM,final_mass_source,81.72415233596138,14.7181695282396,22.89829348560231,67.00598280772178,104.62244582156369,True,True,True,True,True
GW230806_204041,SEOBNRv5PHM,final_spin,0.7073861195240743,0.1279513951722676,0.10574819719941364,0.5794347243518067,0.8131343167234879,True,True,True,True,True
GW230806_204041,NRSur7dq4,chirp_mass_source,35.793669770210975,7.047290840292639,10.754749531472207,28.746378929918336,46.54841930168318,True,True,True,True,True
GW230806_204041,NRSur7dq4,chi_eff,0.06902698047821182,0.26679249204181477,0.27009445523558817,-0.19776551156360295,0.3391214357138,True,True,True,True,True
GW230806_204041,NRSur7dq4,luminosity_distance,5484.177460797837,2913.8586373477665,3783.7718118701396,2570.3188234500703,9267.949272667976,True,True,True,True,True
GW230806_204041,NRSur7dq4,final_mass_source,81.3171707726013,14.968659924538144,22.629626727489594,66.34851084806316,103.9467975000909,True,True,True,True,True
GW230806_204041,NRSur7dq4,final_spin,0.7008263275195816,0.12726917200941645,0.0987464445093652,0.5735571555101652,0.7995727720289468,True,True,True,True,True
GW230811_032116,IMRPhenomXPHM-SpinTaylor,chirp_mass_source,24.025951034545074,2.4931742527759617,4.085645445857875,21.532776781769112,28.111596480402948,True,True,True,True,True
GW230811_032116,IMRPhenomXPHM-SpinTaylor,chi_eff,0.027367385459619035,0.17697080847743335,0.18184429618759101,-0.14960342301781432,0.20921168164721005,True,True,True,True,True
GW230811_032116,IMRPhenomXPHM-SpinTaylor,luminosity_distance,2108.3898418974104,1116.4907138023177,1187.4895627680603,991.8991280950927,3295.8794046654707,True,True,True,True,True
GW230811_032116,IMRPhenomXPHM-SpinTaylor,final_mass_source,55.18765101835671,6.3523779422877595,8.462084589671676,48.83527307606895,63.64973560802839,True,True,True,True,True
GW230811_032116,IMRPhenomXPHM-SpinTaylor,final_spin,0.6932426977902111,0.08931792621763335,0.08409144789546563,0.6039247715725777,0.7773341456856767,True,True,True,True,True
GW230811_032116,SEOBNRv5PHM,chirp_mass_source,24.07409489275608,2.3875071762591524,3.9669590042021454,21.686587716496927,28.041053896958225,True,True,True,True,True
GW230811_032116,SEOBNRv5PHM,chi_eff,0.02710758046964336,0.17814183246534018,0.18438253149581016,-0.1510342519956968,0.21149011196545353,True,True,True,True,True
GW230811_032116,SEOBNRv5PHM,luminosity_distance,2100.438393615154,1076.0795153119739,1122.4851086053272,1024.35887830318,3222.923502220481,True,True,True,True,True
GW230811_032116,SEOBNRv5PHM,final_mass_source,55.72790563345808,6.599047535646854,8.314141669730049,49.128858097811225,64.04204730318813,True,True,True,True,True
GW230811_032116,SEOBNRv5PHM,final_spin,0.6998352148835766,0.09250032452090351,0.08742275930113252,0.6073348903626731,0.7872579741847091,True,True,True,True,True
GW230811_032116,NRSur7dq4,chirp_mass_source,24.12592743291738,2.6664678308359946,4.100809812228228,21.459459602081385,28.226737245145607,True,True,True,True,True
GW230811_032116,NRSur7dq4,chi_eff,0.022505541873435606,0.17238190309892903,0.17610186606224615,-0.14987636122549342,0.19860740793568177,True,True,True,True,True
GW230811_032116,NRSur7dq4,luminosity_distance,2075.6916545893746,1081.2951043704343,1212.8099029352934,994.3965502189403,3288.501557524668,True,True,True,True,True
GW230811_032116,NRSur7dq4,final_mass_source,55.12250533728836,6.534050912362581,8.463899431950956,48.58845442492578,63.586404769239316,True,True,True,True,True
GW230811_032116,NRSur7dq4,final_spin,0.6895836195701778,0.08617456856795147,0.07634063804444124,0.6034090510022263,0.765924257614619,True,True,True,True,True
GW230814_061920,IMRPhenomXPHM-SpinTaylor,chirp_mass_source,45.10795936971721,9.568869739556618,12.196305848793322,35.53908963016059,57.30426521851053,True,True,True,True,True
GW230814_061920,IMRPhenomXPHM-SpinTaylor,chi_eff,0.05231201617123026,0.26948126651794013,0.2840787751923817,-0.21716925034670986,0.336390791363612,True,True,True,True,True
GW230814_061920,IMRPhenomXPHM-SpinTaylor,luminosity_distance,4140.915225779712,2104.4730814180543,3495.084766279366,2036.442144361658,7635.999992059078,True,True,True,True,True
GW230814_061920,IMRPhenomXPHM-SpinTaylor,final_mass_source,104.2447907400582,19.057956131996008,24.28028059631275,85.1868346080622,128.52507133637096,True,True,True,True,True
GW230814_061920,IMRPhenomXPHM-SpinTaylor,final_spin,0.6881609179057154,0.1467975306600623,0.11448130942462664,0.5413633872456531,0.8026422273303421,True,True,True,True,True
GW230814_061920,SEOBNRv5PHM,chirp_mass_source,45.43380021432419,9.910831723952136,11.68086860200517,35.52296849037205,57.114668816329356,True,True,True,True,True
GW230814_061920,SEOBNRv5PHM,chi_eff,0.07837565605827951,0.2798405916054438,0.29534569345843914,-0.20146493554716427,0.37372134951671865,True,True,True,True,True
GW230814_061920,SEOBNRv5PHM,luminosity_distance,3971.824364157678,1986.4936343418437,3327.5414829288816,1985.330729815834,7299.365847086559,True,True,True,True,True
GW230814_061920,SEOBNRv5PHM,final_mass_source,106.41104906944304,19.88990973797766,24.30353204090966,86.52113933146538,130.7145811103527,True,True,True,True,True
GW230814_061920,SEOBNRv5PHM,final_spin,0.6974332425781494,0.14615050187460576,0.12703003382218425,0.5512827407035437,0.8244632764003337,True,True,True,True,True
GW230814_061920,NRSur7dq4,chirp_mass_source,46.51534689052374,10.889205598109541,11.726852719592436,35.6261412924142,58.242199610116174,True,True,True,True,True
GW230814_061920,NRSur7dq4,chi_eff,0.06757284865023257,0.27295096029569615,0.2694890580505868,-0.2053781116454636,0.33706190670081937,True,True,True,True,True
GW230814_061920,NRSur7dq4,luminosity_distance,3811.441127451405,1869.9630751536008,3525.0162362838837,1941.4780522978042,7336.457363735289,True,True,True,True,True
GW230814_061920,NRSur7dq4,final_mass_source,107.11929260738904,21.171856556754122,23.73247322284385,85.94743605063492,130.8517658302329,True,True,True,True,True
GW230814_061920,NRSur7dq4,final_spin,0.6910846803200497,0.13965321060245195,0.10564593276347889,0.5514314697175977,0.7967306130835285,True,True,True,True,True
GW230814_230901,IMRPhenomXPHM-SpinTaylor,chirp_mass_source,26.82537637746824,0.9879101273110997,0.8884875755638717,25.83746625015714,27.71386395303211,True,True,True,True,True
GW230814_230901,IMRPhenomXPHM-SpinTaylor,chi_eff,-0.008474030195195327,0.06979400587128885,0.061328336516300146,-0.07826803606648418,0.05285430632110482,True,True,True,True,True
GW230814_230901,IMRPhenomXPHM-SpinTaylor,luminosity_distance,282.16068475012815,126.69502138475283,167.03252414826767,155.46566336537532,449.1932088983958,True,True,True,True,True
GW230814_230901,IMRPhenomXPHM-SpinTaylor,final_mass_source,59.061806417213035,1.7970694635097857,1.861966729473579,57.26473695370325,60.923773146686614,True,True,True,True,True
GW230814_230901,IMRPhenomXPHM-SpinTaylor,final_spin,0.6790672624149551,0.02512796048753929,0.020920017466567686,0.6539393019274158,0.6999872798815228,True,True,True,True,True
GW230814_230901,SEOBNRv5PHM,chirp_mass_source,26.795106729065225,0.9778169094966671,0.867524796690553,25.817289819568558,27.662631525755778,True,True,True,True,True
GW230814_230901,SEOBNRv5PHM,chi_eff,-0.008943379548446753,0.06907489879282047,0.06590618739791407,-0.07801827834126722,0.05696280784946731,True,True,True,True,True
GW230814_230901,SEOBNRv5PHM,luminosity_distance,285.7187754168797,127.47299936747822,173.64505689540556,158.24577604940146,459.36383231228524,True,True,True,True,True
GW230814_230901,SEOBNRv5PHM,final_mass_source,58.97267311210536,1.80283085033971,1.8468581954256962,57.16984226176565,60.81953130753106,True,True,True,True,True
GW230814_230901,SEOBNRv5PHM,final_spin,0.6797136388025654,0.025389208802077623,0.022002412665765636,0.6543244300004878,0.701716051468331,True,True,True,True,True
GW230814_230901,NRSur7dq4,chirp_mass_source,26.726314074780838,1.0882971974275648,0.8720396281239537,25.638016877353273,27.59835370290479,True,True,True,True,True
GW230814_230901,NRSur7dq4,chi_eff,-0.005756149955639096,0.05547567704735839,0.05211333673096554,-0.06123182700299749,0.046357186775326444,True,True,True,True,True
GW230814_230901,NRSur7dq4,luminosity_distance,302.0406451875939,135.6776108099638,197.06179126900037,166.3630343776301,499.10243645659426,True,True,True,True,True
GW230814_230901,NRSur7dq4,final_mass_source,58.86957416583555,1.9872205097662885,1.8591928417568084,56.88235365606926,60.72876700759236,True,True,True,True,True
GW230814_230901,NRSur7dq4,final_spin,0.6783553668422692,0.023372177331999033,0.017024642673229784,0.6549831895102701,0.6953800095154989,True,True,True,True,True
GW230824_033047,IMRPhenomXPHM-SpinTaylor,chirp_mass_source,37.03548738372929,6.459910484800666,9.517260871493171,30.575576898928624,46.55274825522246,True,True,True,True,True
GW230824_033047,IMRPhenomXPHM-SpinTaylor,chi_eff,-8.132400243541551e-06,0.2709986881885744,0.2366331563071818,-0.271006820588818,0.23662502390693824,True,True,True,True,True
GW230824_033047,IMRPhenomXPHM-SpinTaylor,luminosity_distance,4735.2083160482,2330.8532373458306,2864.148018526379,2404.355078702369,7599.356334574579,True,True,True,True,True
GW230824_033047,IMRPhenomXPHM-SpinTaylor,final_mass_source,84.48430707902752,13.11917637478571,19.422006587057695,71.3651307042418,103.90631366608521,True,True,True,True,True
GW230824_033047,IMRPhenomXPHM-SpinTaylor,final_spin,0.6832718750578982,0.14536996252461554,0.10523804111646051,0.5379019125332827,0.7885099161743587,True,True,True,True,True
GW230824_033047,SEOBNRv5PHM,chirp_mass_source,36.93215948958791,6.097179154282749,9.047250137508286,30.83498033530516,45.979409627096196,True,True,True,True,True
GW230824_033047,SEOBNRv5PHM,chi_eff,-0.007278308448447893,0.2624046215196432,0.22846602949284803,-0.2696829299680911,0.22118772104440013,True,True,True,True,True
GW230824_033047,SEOBNRv5PHM,luminosity_distance,4767.240132407477,2349.5807370967727,2819.09112989771,2417.6593953107044,7586.331262305187,True,True,True,True,True
GW230824_033047,SEOBNRv5PHM,final_mass_source,84.07881666860676,12.551459176685228,19.004346993764102,71.52735749192153,103.08316366237086,True,True,True,True,True
GW230824_033047,SEOBNRv5PHM,final_spin,0.6780779512447977,0.1331354211365483,0.09680935240320576,0.5449425301082494,0.7748873036480035,True,True,True,True,True
GW230824_033047,NRSur7dq4,chirp_mass_source,36.80082009961204,6.241272650195494,9.306282927020042,30.559547449416545,46.10710302663208,True,True,True,True,True
GW230824_033047,NRSur7dq4,chi_eff,-0.008490346831285727,0.26217100504961993,0.2368094400506726,-0.2706613518809057,0.22831909321938687,True,True,True,True,True
GW230824_033047,NRSur7dq4,luminosity_distance,4690.179261464515,2337.9909389340087,2960.242892116851,2352.188322530506,7650.422153581366,True,True,True,True,True
GW230824_033047,NRSur7dq4,final_mass_source,84.17525381636013,13.004122045716485,18.74412825696068,71.17113177064364,102.9193820733208,True,True,True,True,True
GW230824_033047,NRSur7dq4,final_spin,0.6735974144784628,0.13560922203887515,0.09367342968199521,0.5379881924395876,0.767270844160458,True,True,True,True,True
GW230825_041334,IMRPhenomXPHM-SpinTaylor,chirp_mass_source,28.816260282778515,6.043794182449584,9.65485065075552,22.77246610032893,38.471110933534035,True,True,True,True,True
GW230825_041334,IMRPhenomXPHM-SpinTaylor,chi_eff,0.3004424604108214,0.3123404500214797,0.24521751068435732,-0.0118979896106583,0.5456599710951787,True,True,True,True,True
GW230825_041334,IMRPhenomXPHM-SpinTaylor,luminosity_distance,5217.8042567924085,3023.961974969836,4251.611829292763,2193.8422818225727,9469.416086085172,True,True,True,True,True
GW230825_041334,IMRPhenomXPHM-SpinTaylor,final_mass_source,65.46021297386473,13.746371490509794,20.595640466013535,51.71384148335493,86.05585343987826,True,True,True,True,True
GW230825_041334,IMRPhenomXPHM-SpinTaylor,final_spin,0.7956212841043374,0.16279133787226907,0.08413761131550757,0.6328299462320683,0.879758895419845,True,True,True,True,True
GW230825_041334,SEOBNRv5PHM,chirp_mass_source,30.54234148826174,6.713919317196094,9.182982334107031,23.828422171065647,39.72532382236877,True,True,True,True,True
GW230825_041334,SEOBNRv5PHM,chi_eff,0.29936445408016155,0.30571373357285614,0.2422429522812839,-0.006349279492694593,0.5416074063614454,True,True,True,True,True
GW230825_041334,SEOBNRv5PHM,luminosity_distance,4534.364499428926,2653.5957459048677,4247.915615809001,1880.7687535240584,8782.280115237927,True,True,True,True,True
GW230825_041334,SEOBNRv5PHM,final_mass_source,70.0916060345728,16.118873153161253,20.265199214880766,53.97273288141155,90.35680524945357,True,True,True,True,True
GW230825_041334,SEOBNRv5PHM,final_spin,0.8060785110768786,0.15139933876164202,0.08312724833434038,0.6546791723152365,0.8892057594112189,True,True,True,True,True
GW230825_041334,NRSur7dq4,chirp_mass_source,29.10637789236033,6.003044743286885,9.134182922708622,23.103333149073446,38.24056081506895,True,True,True,True,True
GW230825_041334,NRSur7dq4,chi_eff,0.27799305464976665,0.28250466309901395,0.2407381741902863,-0.004511608449247306,0.518731228840053,True,True,True,True,True
GW230825_041334,NRSur7dq4,luminosity_distance,4879.467612828499,2828.9171425536915,4094.3864281504448,2050.5504702748076,8973.854040978944,True,True,True,True,True
GW230825_041334,NRSur7dq4,final_mass_source,66.55689602077034,14.142423137264714,19.58717321013563,52.414472883505624,86.14406923090597,True,True,True,True,True
GW230825_041334,NRSur7dq4,final_spin,0.783473304713912,0.1427054680019646,0.0771139103270625,0.6407678367119474,0.8605872150409745,True,True,True,True,True
GW230914_111401,IMRPhenomXPHM-SpinTaylor,chirp_mass_source,39.77782781180267,6.510403543299574,7.811122754980232,33.2674242685031,47.588950566782906,True,True,True,True,True
GW230914_111401,IMRPhenomXPHM-SpinTaylor,chi_eff,0.13205195772165307,0.1995136343794298,0.20118796022666113,-0.06746167665777672,0.3332399179483142,True,True,True,True,True
GW230914_111401,IMRPhenomXPHM-SpinTaylor,luminosity_distance,2647.4966186798433,1204.8228074756662,1668.0112518635501,1442.6738112041771,4315.507870543393,True,True,True,True,True
GW230914_111401,IMRPhenomXPHM-SpinTaylor,final_mass_source,91.05894053221412,9.600717817791107,14.47591956060684,81.45822271442302,105.53486009282096,True,True,True,True,True
GW230914_111401,IMRPhenomXPHM-SpinTaylor,final_spin,0.7049162534130953,0.1444874237390701,0.09416014999507105,0.5604288296740252,0.7990764034081663,True,True,True,True,True
GW230914_111401,SEOBNRv5PHM,chirp_mass_source,39.604729930219506,6.043044372415537,7.3850623822458346,33.56168555780397,46.98979231246534,True,True,True,True,True
GW230914_111401,SEOBNRv5PHM,chi_eff,0.11259810531961328,0.18899620931550165,0.18625942185798433,-0.07639810399588837,0.2988575271775976,True,True,True,True,True
GW230914_111401,SEOBNRv5PHM,luminosity_distance,2695.559468697077,1199.85907599919,1517.9130768735176,1495.700392697887,4213.472545570595,True,True,True,True,True
GW230914_111401,SEOBNRv5PHM,final_mass_source,91.70153381449217,9.712717642790082,13.685087010208306,81.98881617170208,105.38662082470047,True,True,True,True,True
GW230914_111401,SEOBNRv5PHM,final_spin,0.7099549256292486,0.1323191725587568,0.10042774588500047,0.5776357530704918,0.810382671514249,True,True,True,True,True
GW230914_111401,NRSur7dq4,chirp_mass_source,40.08766593695899,6.051882584585641,7.520036897590963,34.03578335237335,47.607702834549954,True,True,True,True,True
GW230914_111401,NRSur7dq4,chi_eff,0.12937626534204352,0.18180044929032807,0.18061985134227762,-0.05242418394828455,0.30999611668432114,True,True,True,True,True
GW230914_111401,NRSur7dq4,luminosity_distance,2765.784714496446,1290.4318116221943,1668.5308266801212,1475.3529028742519,4434.315541176567,True,True,True,True,True
GW230914_111401,NRSur7dq4,final_mass_source,90.78090217467117,10.112829504626575,14.469866279434882,80.6680726700446,105.25076845410605,True,True,True,True,True
GW230914_111401,NRSur7dq4,final_spin,0.7114521791634751,0.1210128102389596,0.07712959652327511,0.5904393689245155,0.7885817756867503,True,True,True,True,True
GW230920_071124,IMRPhenomXPHM-SpinTaylor,chirp_mass_source,23.76482216530662,3.436164668192628,4.555139869681469,20.32865749711399,28.319962034988087,True,True,True,True,True
GW230920_071124,IMRPhenomXPHM-SpinTaylor,chi_eff,-0.004712734867676373,0.2243772428201426,0.21574363836611032,-0.22908997768781897,0.21103090349843395,True,True,True,True,True
GW230920_071124,IMRPhenomXPHM-SpinTaylor,luminosity_distance,2885.5581401074023,1353.5105291795169,1764.1093730217544,1532.0476109278854,4649.667513129157,True,True,True,True,True
GW230920_071124,IMRPhenomXPHM-SpinTaylor,final_mass_source,53.612991298660894,7.504842474406843,9.60418731319782,46.10814882425405,63.217178611858714,True,True,True,True,True
GW230920_071124,IMRPhenomXPHM-SpinTaylor,final_spin,0.6865664617678142,0.10419596635467732,0.09724735966998488,0.5823704954131369,0.7838138214377991,True,True,True,True,True
GW230920_071124,SEOBNRv5PHM,chirp_mass_source,23.86833596551687,3.463114205565198,4.450280174461803,20.405221759951672,28.318616139978673,True,True,True,True,True
GW230920_071124,SEOBNRv5PHM,chi_eff,0.004614496591051068,0.246772117503196,0.2296534153096898,-0.24215762091214493,0.23426791190074087,True,True,True,True,True
GW230920_071124,SEOBNRv5PHM,luminosity_distance,2933.9350624607678,1379.7819970138285,1817.6917958870454,1554.1530654469393,4751.626858347813,True,True,True,True,True
GW230920_071124,SEOBNRv5PHM,final_mass_source,53.7405467829677,7.593070139965732,9.443822470128204,46.147476643001966,63.1843692530959,True,True,True,True,True
GW230920_071124,SEOBNRv5PHM,final_spin,0.6907537426466831,0.10479885031087766,0.10183046725947498,0.5859548923358054,0.7925842099061581,True,True,True,True,True
GW230920_071124,NRSur7dq4,chirp_mass_source,24.090761401143975,3.56265660450066,4.613627366454757,20.528104796643316,28.704388767598733,True,True,True,True,True
GW230920_071124,NRSur7dq4,chi_eff,0.006242622542948293,0.2371538842133292,0.22287177157575855,-0.2309112616703809,0.22911439411870685,True,True,True,True,True
GW230920_071124,NRSur7dq4,luminosity_distance,2813.941381037177,1322.5940992705775,1775.615731363122,1491.3472817665995,4589.557112400299,True,True,True,True,True
GW230920_071124,NRSur7dq4,final_mass_source,54.10469417472042,7.75235729685447,9.708446177884085,46.35233687786595,63.813140352604506,True,True,True,True,True
GW230920_071124,NRSur7dq4,final_spin,0.6873880517330203,0.10193634297848597,0.08873424183253487,0.5854517087545343,0.7761222935655552,True,True,True,True,True
GW230922_020344,IMRPhenomXPHM-SpinTaylor,chirp_mass_source,29.582839998642974,2.7948921637730777,3.6683208685960054,26.787947834869897,33.25116086723898,True,True,True,True,True
GW230922_020344,IMRPhenomXPHM-SpinTaylor,chi_eff,0.04418906382610436,0.20317233851116245,0.19888081811212444,-0.1589832746850581,0.2430698819382288,True,True,True,True,True
GW230922_020344,IMRPhenomXPHM-SpinTaylor,luminosity_distance,1581.3082591291948,686.8829258478685,740.4140946405962,894.4253332813263,2321.722353769791,True,True,True,True,True
GW230922_020344,IMRPhenomXPHM-SpinTaylor,final_mass_source,66.46931468624464,6.679315941895531,9.17204438438381,59.78999874434911,75.64135907062845,True,True,True,True,True
GW230922_020344,IMRPhenomXPHM-SpinTaylor,final_spin,0.7095344903906047,0.07940216064357963,0.07656475922915862,0.630132329747025,0.7860992496197633,True,True,True,True,True
GW230922_020344,SEOBNRv5PHM,chirp_mass_source,29.09080816146239,2.5857827585645907,3.6451792222237884,26.5050254028978,32.73598738368618,True,True,True,True,True
GW230922_020344,SEOBNRv5PHM,chi_eff,0.022862145592950377,0.20551975793084418,0.1986895051767157,-0.1826576123378938,0.2215516507696661,True,True,True,True,True
GW230922_020344,SEOBNRv5PHM,luminosity_distance,1669.4641178263437,757.03146891038,704.7700010731405,912.4326489159637,2374.234118899484,True,True,True,True,True
GW230922_020344,SEOBNRv5PHM,final_mass_source,65.12059380982869,5.961558662728834,8.153210885538485,59.15903514709986,73.27380469536718,True,True,True,True,True
GW230922_020344,SEOBNRv5PHM,final_spin,0.6966069434241827,0.07506156561353916,0.07414264567816375,0.6215453778106436,0.7707495891023465,True,True,True,True,True
GW230922_020344,NRSur7dq4,chirp_mass_source,29.06398192295066,2.6644041851235976,3.6990352032569263,26.399577737827062,32.763017126207586,True,True,True,True,True
GW230922_020344,NRSur7dq4,chi_eff,0.021080101353354738,0.20301643578231043,0.1959595026461865,-0.18193633442895568,0.21703960399954125,True,True,True,True,True
GW230922_020344,NRSur7dq4,luminosity_distance,1669.8129497443126,772.249182861106,734.0077922246448,897.5637668832067,2403.8207419689575,True,True,True,True,True
GW230922_020344,NRSur7dq4,final_mass_source,64.8495810006678,5.907331983979368,7.99726141228939,58.94224901668843,72.84684241295719,True,True,True,True,True
GW230922_020344,NRSur7dq4,final_spin,0.6913179234794525,0.07431464567343615,0.07188072244431043,0.6170032778060164,0.763198645923763,True,True,True,True,True
GW230922_040658,IMRPhenomXPHM-SpinTaylor,chirp_mass_source,51.49217108080485,11.418385329021511,17.789622274799456,40.07378575178334,69.28179335560431,True,True,True,True,True
GW230922_040658,IMRPhenomXPHM-SpinTaylor,chi_eff,0.31685054495257975,0.31625875686600097,0.2520539862605184,0.0005917880865787817,0.5689045312130981,True,True,True,True,True
GW230922_040658,IMRPhenomXPHM-SpinTaylor,luminosity_distance,6396.036461686912,3465.683656548454,4111.169980919156,2930.352805138458,10507.206442606068,True,True,True,True,True
GW230922_040658,IMRPhenomXPHM-SpinTaylor,final_mass_source,118.79252292561858,20.094363365804824,34.712703228789536,98.69815955981376,153.50522615440812,True,True,True,True,True
GW230922_040658,IMRPhenomXPHM-SpinTaylor,final_spin,0.790238456737734,0.15482411952751296,0.0855827814740403,0.635414337210221,0.8758212382117743,True,True,True,True,True
GW230922_040658,SEOBNRv5PHM,chirp_mass_source,52.79042654366912,10.605585100573514,16.21556504717153,42.18484144309561,69.00599159084065,True,True,True,True,True
GW230922_040658,SEOBNRv5PHM,chi_eff,0.31320422357947214,0.3181064141697268,0.2544065607845744,-0.004902190590254651,0.5676107843640466,True,True,True,True,True
GW230922_040658,SEOBNRv5PHM,luminosity_distance,6616.366674748015,3529.9907378033245,4029.4996233450147,3086.3759369446902,10645.86629809303,True,True,True,True,True
GW230922_040658,SEOBNRv5PHM,final_mass_source,119.43109703093356,20.410892257336982,33.32271243329416,99.02020477359657,152.75380946422771,True,True,True,True,True
GW230922_040658,SEOBNRv5PHM,final_spin,0.7908469783692903,0.13331053899357093,0.08236782564436507,0.6575364393757194,0.8732148040136554,True,True,True,True,True
GW230922_040658,NRSur7dq4,chirp_mass_source,51.90660577347152,11.42977827497738,17.273284631936967,40.47682749849414,69.17989040540849,True,True,True,True,True
GW230922_040658,NRSur7dq4,chi_eff,0.2990391159749583,0.306963845360067,0.2646623773952758,-0.007924729385108686,0.5637014933702341,True,True,True,True,True
GW230922_040658,NRSur7dq4,luminosity_distance,6363.534497674669,3337.893901744318,4175.06411131694,3025.640595930351,10538.59860899161,True,True,True,True,True
GW230922_040658,NRSur7dq4,final_mass_source,118.16829613097578,21.375824337975857,34.62241467286502,96.79247179299992,152.7907108038408,True,True,True,True,True
GW230922_040658,NRSur7dq4,final_spin,0.7790370138130233,0.130053803284209,0.08767427771188063,0.6489832105288142,0.8667112915249039,True,True,True,True,True
GW230924_124453,IMRPhenomXPHM-SpinTaylor,chirp_mass_source,22.224567043138826,2.0800765403836543,3.06346963438482,20.144490502755172,25.288036677523646,True,True,True,True,True
GW230924_124453,IMRPhenomXPHM-SpinTaylor,chi_eff,0.0233802975347212,0.16946039326709572,0.1733780931928935,-0.14608009573237452,0.1967583907276147,True,True,True,True,True
GW230924_124453,IMRPhenomXPHM-SpinTaylor,luminosity_distance,2395.4716909441568,1024.358682295992,1011.5308083346199,1371.1130086481649,3407.0024992787767,True,True,True,True,True
GW230924_124453,IMRPhenomXPHM-SpinTaylor,final_mass_source,49.277727808730134,4.577371748330705,6.607800710350048,44.70035606039943,55.88552851908018,True,True,True,True,True
GW230924_124453,IMRPhenomXPHM-SpinTaylor,final_spin,0.696424577117259,0.06038344984499078,0.06991487011517072,0.6360411272722682,0.7663394472324297,True,True,True,True,True
GW230924_124453,SEOBNRv5PHM,chirp_mass_source,22.320029926328836,2.096833348490801,3.0497892828866533,20.223196577838035,25.36981920921549,True,True,True,True,True
GW230924_124453,SEOBNRv5PHM,chi_eff,0.02160632175622658,0.1867721885547724,0.1897286584564961,-0.16516586679854584,0.21133498021272268,True,True,True,True,True
GW230924_124453,SEOBNRv5PHM,luminosity_distance,2369.6380347810637,1026.3130003346325,1023.0328143219144,1343.3250344464311,3392.670849102978,True,True,True,True,True
GW230924_124453,SEOBNRv5PHM,final_mass_source,49.422613616093514,4.581739327918477,6.6651718048140225,44.84087428817504,56.08778542090754,True,True,True,True,True
GW230924_124453,SEOBNRv5PHM,final_spin,0.6980990999363184,0.06371455294286876,0.07929860130816702,0.6343845469934496,0.7773977012444854,True,True,True,True,True
GW230924_124453,NRSur7dq4,chirp_mass_source,22.309066639043607,2.1276080685636245,3.1513481903772487,20.181458570479982,25.460414829420856,True,True,True,True,True
GW230924_124453,NRSur7dq4,chi_eff,0.025896470314059457,0.1705914002168369,0.1742466348241114,-0.14469492990277746,0.20014310513817085,True,True,True,True,True
GW230924_124453,NRSur7dq4,luminosity_distance,2376.0406736236782,1038.6345247923045,1005.2010644050933,1337.4061488313737,3381.2417380287716,True,True,True,True,True
GW230924_124453,NRSur7dq4,final_mass_source,49.36686619757781,4.666086765419799,6.706583335285686,44.70077943215801,56.07344953286349,True,True,True,True,True
GW230924_124453,NRSur7dq4,final_spin,0.6955114690263305,0.05793606137255847,0.06841909999275175,0.6375754076537721,0.7639305690190823,True,True,True,True,True
GW230927_043729,IMRPhenomXPHM-SpinTaylor,chirp_mass_source,26.6092002227469,3.6104772611350135,5.453550109387088,22.998722961611886,32.06275033213399,True,True,True,True,True
GW230927_043729,IMRPhenomXPHM-SpinTaylor,chi_eff,0.010951522100926717,0.2201336735777747,0.20680843759753165,-0.209182151476848,0.21775995969845835,True,True,True,True,True
GW230927_043729,IMRPhenomXPHM-SpinTaylor,luminosity_distance,3189.0846383535036,1648.8849824230174,1807.1550206604243,1540.1996559304862,4996.239659013928,True,True,True,True,True
GW230927_043729,IMRPhenomXPHM-SpinTaylor,final_mass_source,59.275744679596066,7.827176258114193,11.457295910516216,51.44856842148187,70.73304059011228,True,True,True,True,True
GW230927_043729,IMRPhenomXPHM-SpinTaylor,final_spin,0.6939573396723737,0.084651330984029,0.08252852465266536,0.6093060086883447,0.7764858643250391,True,True,True,True,True
GW230927_043729,SEOBNRv5PHM,chirp_mass_source,26.46842038981529,3.4771812463210807,5.668980934578723,22.99123914349421,32.13740132439401,True,True,True,True,True
GW230927_043729,SEOBNRv5PHM,chi_eff,0.0058050855363893095,0.22045609577339823,0.20814132558094195,-0.21465101023700892,0.21394641111733126,True,True,True,True,True
GW230927_043729,SEOBNRv5PHM,luminosity_distance,3242.8483072378385,1745.2854299938203,1782.9270063184804,1497.5628772440182,5025.775313556319,True,True,True,True,True
GW230927_043729,SEOBNRv5PHM,final_mass_source,59.096657511345434,7.756704426735055,12.019974430918147,51.33995308461038,71.11663194226358,True,True,True,True,True
GW230927_043729,SEOBNRv5PHM,final_spin,0.6925936772355885,0.08583276055890021,0.08668481260476624,0.6067609166766883,0.7792784898403547,True,True,True,True,True
GW230927_043729,NRSur7dq4,chirp_mass_source,26.351190299829124,3.4946792930847757,5.583003418909605,22.85651100674435,31.93419371873873,True,True,True,True,True
GW230927_043729,NRSur7dq4,chi_eff,0.001301956383330455,0.20872371578034482,0.19721895838734804,-0.20742175939701438,0.19852091477067849,True,True,True,True,True
GW230927_043729,NRSur7dq4,luminosity_distance,3276.744267412064,1726.9532393132863,1755.5622767200093,1549.7910280987776,5032.306544132073,True,True,True,True,True
GW230927_043729,NRSur7dq4,final_mass_source,58.63012691830298,7.648500272527642,11.991579116856485,50.981626645775336,70.62170603515946,True,True,True,True,True
GW230927_043729,NRSur7dq4,final_spin,0.6871732902020573,0.07963832932527737,0.07267372746396772,0.6075349608767799,0.759847017666025,True,True,True,True,True
GW230928_215827,IMRPhenomXPHM-SpinTaylor,chirp_mass_source,34.381408351949084,8.057965557563023,9.760216948669438,26.32344279438606,44.14162530061852,True,True,True,True,True
GW230928_215827,IMRPhenomXPHM-SpinTaylor,chi_eff,0.3998558299578588,0.2696309535224388,0.189808879592051,0.13022487643541997,0.5896647095499098,True,True,True,True,True
GW230928_215827,IMRPhenomXPHM-SpinTaylor,luminosity_distance,4624.11124733547,2290.9419371379527,3957.820439542749,2333.169310197517,8581.931686878219,True,True,True,True,True
GW230928_215827,IMRPhenomXPHM-SpinTaylor,final_mass_source,80.69123741085215,17.972791004431045,20.24902659814238,62.71844640642111,100.94026400899453,True,True,True,True,True
GW230928_215827,IMRPhenomXPHM-SpinTaylor,final_spin,0.8355668625595182,0.13592717029240586,0.060188817053735466,0.6996396922671123,0.8957556796132536,True,True,True,True,True
GW230928_215827,SEOBNRv5PHM,chirp_mass_source,32.67140147168678,6.61495116963961,10.10877296206845,26.056450302047168,42.78017443375523,True,True,True,True,True
GW230928_215827,SEOBNRv5PHM,chi_eff,0.4053464641473399,0.2873179774060365,0.20927084421307995,0.1180284867413034,0.6146173083604198,True,True,True,True,True
GW230928_215827,SEOBNRv5PHM,luminosity_distance,5452.282343535297,2766.3490253986874,3890.6573323774337,2685.933318136609,9342.93967591273,True,True,True,True,True
GW230928_215827,SEOBNRv5PHM,final_mass_source,76.94168332632125,15.775320247274983,21.285373318338017,61.16636307904627,98.22705664465927,True,True,True,True,True
GW230928_215827,SEOBNRv5PHM,final_spin,0.8306477736983728,0.15196656469218583,0.06945739699177889,0.678681209006187,0.9001051706901517,True,True,True,True,True
GW230928_215827,NRSur7dq4,chirp_mass_source,33.89012454440077,7.6830911023521615,9.645596926843616,26.20703344204861,43.535721471244386,True,True,True,True,True
GW230928_215827,NRSur7dq4,chi_eff,0.381376163459438,0.26602783979563505,0.20624541175162953,0.11534832366380293,0.5876215752110675,True,True,True,True,True
GW230928_215827,NRSur7dq4,luminosity_distance,4772.44742740361,2383.6799958332895,3974.658331835947,2388.7674315703207,8747.105759239557,True,True,True,True,True
GW230928_215827,NRSur7dq4,final_mass_source,79.07611143356814,17.28600026072047,20.049044755880985,61.79011117284767,99.12515618944913,True,True,True,True,True
GW230928_215827,NRSur7dq4,final_spin,0.814770934196781,0.1547424975702565,0.06602669982801235,0.6600284366265246,0.8807976340247934,True,True,True,True,True
GW230930_110730,IMRPhenomXPHM-SpinTaylor,chirp_mass_source,24.763413884022132,4.138591039261492,6.5723661965742615,20.62482284476064,31.335780080596393,True,True,True,True,True
GW230930_110730,IMRPhenomXPHM-SpinTaylor,chi_eff,0.027109999320441443,0.2679792985289251,0.26359413862586495,-0.24086929920848366,0.2907041379463064,True,True,True,True,True
GW230930_110730,IMRPhenomXPHM-SpinTaylor,luminosity_distance,4882.838436391241,2485.5537092575128,3132.53581170938,2397.284727133728,8015.374248100621,True,True,True,True,True
GW230930_110730,IMRPhenomXPHM-SpinTaylor,final_mass_source,56.25260624048808,9.586062133657705,14.823560497593732,46.66654410683037,71.07616673808181,True,True,True,True,True
GW230930_110730,IMRPhenomXPHM-SpinTaylor,final_spin,0.6933244567976834,0.12457384117549597,0.10634149301283202,0.5687506156221874,0.7996659498105154,True,True,True,True,True
GW230930_110730,SEOBNRv5PHM,chirp_mass_source,24.831362638415275,4.095485828088762,6.385993142473442,20.735876810326513,31.217355780888717,True,True,True,True,True
GW230930_110730,SEOBNRv5PHM,chi_eff,0.02268830379426363,0.2685680521006727,0.26438162228614326,-0.24587974830640907,0.2870699260804069,True,True,True,True,True
GW230930_110730,SEOBNRv5PHM,luminosity_distance,4865.426005966588,2485.494506860954,3253.3518563734897,2379.9314991056335,8118.777862340077,True,True,True,True,True
GW230930_110730,SEOBNRv5PHM,final_mass_source,56.461274038380814,9.663029208502053,14.226522160954381,46.79824482987876,70.6877961993352,True,True,True,True,True
GW230930_110730,SEOBNRv5PHM,final_spin,0.6904730167807015,0.12796599822869015,0.10371674792497643,0.5625070185520114,0.7941897647056779,True,True,True,True,True
GW230930_110730,NRSur7dq4,chirp_mass_source,24.817794133490757,4.212844416054754,6.651434309984591,20.604949717436003,31.469228443475348,True,True,True,True,True
GW230930_110730,NRSur7dq4,chi_eff,0.018489926853033082,0.2673915192107457,0.2650152931534332,-0.24890159235771264,0.2835052200064663,True,True,True,True,True
GW230930_110730,NRSur7dq4,luminosity_distance,4854.925936616826,2501.748896186517,3182.0953736937126,2353.1770404303093,8037.021310310539,True,True,True,True,True
GW230930_110730,NRSur7dq4,final_mass_source,56.17444711851043,9.670801197345753,14.534894903477024,46.503645921164676,70.70934202198745,True,True,True,True,True
GW230930_110730,NRSur7dq4,final_spin,0.6859728131091818,0.12185099732494908,0.09821926854422303,0.5641218157842327,0.7841920816534048,True,True,True,True,True
GW231005_091549,IMRPhenomXPHM-SpinTaylor,chirp_mass_source,21.297636021523687,3.485832346559693,4.678693259374462,17.811803674963993,25.97632928089815,True,True,True,True,True
GW231005_091549,IMRPhenomXPHM-SpinTaylor,chi_eff,-0.030235269828821423,0.2749532925112268,0.2383881274811237,-0.3051885623400482,0.2081528576523023,True,True,True,True,True
GW231005_091549,IMRPhenomXPHM-SpinTaylor,luminosity_distance,3713.373316893163,1842.7451423013083,2517.8183684052865,1870.6281745918548,6231.19168529845,True,True,True,True,True
GW231005_091549,IMRPhenomXPHM-SpinTaylor,final_mass_source,48.1922451738871,7.988232155607363,10.57892435366226,40.20401301827974,58.77116952754936,True,True,True,True,True
GW231005_091549,IMRPhenomXPHM-SpinTaylor,final_spin,0.676636819651227,0.11761530784087815,0.09955838182394572,0.5590215118103489,0.7761952014751727,True,True,True,True,True
GW231005_091549,SEOBNRv5PHM,chirp_mass_source,21.385159077846467,3.5192810159068237,4.802563070568205,17.865878061939643,26.18772214841467,True,True,True,True,True
GW231005_091549,SEOBNRv5PHM,chi_eff,-0.027414292006612103,0.2579808131688271,0.2404589344765434,-0.2853951051754392,0.2130446424699313,True,True,True,True,True
GW231005_091549,SEOBNRv5PHM,luminosity_distance,3734.4075180932177,1851.0856049638178,2551.6233344801576,1883.3219131294,6286.030852573375,True,True,True,True,True
GW231005_091549,SEOBNRv5PHM,final_mass_source,48.11714415397666,7.999522351341035,10.635149137650146,40.117621802635625,58.752293291626806,True,True,True,True,True
GW231005_091549,SEOBNRv5PHM,final_spin,0.6790001307058823,0.10822894718308351,0.10035365600138113,0.5707711835227988,0.7793537867072634,True,True,True,True,True
GW231005_091549,NRSur7dq4,chirp_mass_source,21.18114063565705,3.3930569669064745,4.942507956544027,17.788083668750577,26.12364859220108,True,True,True,True,True
GW231005_091549,NRSur7dq4,chi_eff,-0.027828851566224506,0.2617457616780757,0.23273953334777547,-0.28957461324430017,0.20491068178155097,True,True,True,True,True
GW231005_091549,NRSur7dq4,luminosity_distance,3855.574789608676,1939.9378320423425,2499.5191339674147,1915.6369575663334,6355.093923576091,True,True,True,True,True
GW231005_091549,NRSur7dq4,final_mass_source,47.741830680042796,7.771669230447635,10.968220777184648,39.97016144959516,58.71005145722744,True,True,True,True,True
GW231005_091549,NRSur7dq4,final_spin,0.674713598300328,0.11184509848725943,0.09065652307243288,0.5628684998130685,0.7653701213727608,True,True,True,True,True
GW231008_142521,IMRPhenomXPHM-SpinTaylor,chirp_mass_source,28.755774919092055,5.7391560008874585,6.680974739572669,23.016618918204596,35.43674965866472,True,True,True,True,True
GW231008_142521,IMRPhenomXPHM-SpinTaylor,chi_eff,-0.018373713213687196,0.2766991829438532,0.23381900022466043,-0.2950728961575404,0.21544528701097324,True,True,True,True,True
GW231008_142521,IMRPhenomXPHM-SpinTaylor,luminosity_distance,3001.2365909015843,1368.6234527479037,2587.2191043498588,1632.6131381536807,5588.455695251443,True,True,True,True,True
GW231008_142521,IMRPhenomXPHM-SpinTaylor,final_mass_source,67.87438079849527,12.51059359708497,14.230772760288872,55.3637872014103,82.10515355878414,True,True,True,True,True
GW231008_142521,IMRPhenomXPHM-SpinTaylor,final_spin,0.6573826263330796,0.194270433614256,0.1148961217950234,0.46311219271882365,0.772278748128103,True,True,True,True,True
GW231008_142521,SEOBNRv5PHM,chirp_mass_source,29.07510591377647,5.729454229555156,6.992235489624278,23.345651684221313,36.06734140340075,True,True,True,True,True
GW231008_142521,SEOBNRv5PHM,chi_eff,-5.3359112156105734e-05,0.28570440281698656,0.26612153423046736,-0.28575776192914265,0.26606817511831127,True,True,True,True,True
GW231008_142521,SEOBNRv5PHM,luminosity_distance,3013.639369752261,1341.9184506447236,2527.885041732393,1671.7209191075372,5541.524411484654,True,True,True,True,True
GW231008_142521,SEOBNRv5PHM,final_mass_source,69.05403990845555,13.011436061464003,15.72031899395138,56.04260384699155,84.77435890240693,True,True,True,True,True
GW231008_142521,SEOBNRv5PHM,final_spin,0.6694011582458921,0.1873849241624173,0.13448427830570153,0.48201623408347477,0.8038854365515936,True,True,True,True,True
GW231008_142521,NRSur7dq4,chirp_mass_source,29.054930912777284,5.586509301315633,6.849344696147018,23.46842161146165,35.9042756089243,True,True,True,True,True
GW231008_142521,NRSur7dq4,chi_eff,-0.0037551274520085504,0.28143091785630303,0.25626224386311963,-0.2851860453083116,0.25250711641111107,True,True,True,True,True
GW231008_142521,NRSur7dq4,luminosity_distance,2966.5738258883007,1335.3326681120682,2503.890248593951,1631.2411577762325,5470.464074482252,True,True,True,True,True
GW231008_142521,NRSur7dq4,final_mass_source,68.62181484333534,12.643525655602332,14.681746335348137,55.97828918773301,83.30356117868348,True,True,True,True,True
GW231008_142521,NRSur7dq4,final_spin,0.6627640183139639,0.17724657886407952,0.11888014333927177,0.4855174394498844,0.7816441616532357,True,True,True,True,True
GW231028_153006,IMRPhenomXPHM-SpinTaylor,chirp_mass_source,64.20893512652866,7.985007721024189,12.693811115883292,56.22392740550447,76.90274624241195,True,True,True,True,True
GW231028_153006,IMRPhenomXPHM-SpinTaylor,chi_eff,0.4868585143990686,0.15463643321175946,0.14524012869692404,0.3322220811873091,0.6320986430959926,True,True,True,True,True
GW231028_153006,IMRPhenomXPHM-SpinTaylor,luminosity_distance,4484.078767811524,1916.1051851848592,1210.1772848925884,2567.9735826266647,5694.256052704112,True,True,True,True,True
GW231028_153006,IMRPhenomXPHM-SpinTaylor,final_mass_source,143.2412718296509,12.111021955505834,26.325282317227703,131.13024987414508,169.56655414687862,True,True,True,True,True
GW231028_153006,IMRPhenomXPHM-SpinTaylor,final_spin,0.8543659051859825,0.057871853284300556,0.04463983724422926,0.796494051901682,0.8990057424302118,True,True,True,True,True
GW231028_153006,SEOBNRv5PHM,chirp_mass_source,63.51127586575797,7.734145220470033,13.68744342973634,55.77713064528794,77.19871929549431,True,True,True,True,True
GW231028_153006,SEOBNRv5PHM,chi_eff,0.4566118305014743,0.16828673090153262,0.14499073468077334,0.2883250995999417,0.6016025651822476,True,True,True,True,True
GW231028_153006,SEOBNRv5PHM,luminosity_distance,4059.517888502925,1812.5342516796632,1341.2100917735102,2246.983636823262,5400.727980276435,True,True,True,True,True
GW231028_153006,SEOBNRv5PHM,final_mass_source,148.25871257173316,14.696088317205408,26.94532953512382,133.56262425452775,175.20404210685697,True,True,True,True,True
GW231028_153006,SEOBNRv5PHM,final_spin,0.844772905663746,0.056790280693340356,0.04665160123450751,0.7879826249704056,0.8914245068982535,True,True,True,True,True
GW231028_153006,NRSur7dq4,chirp_mass_source,60.61105517970182,9.587685606233947,13.54270671981648,51.023369573467875,74.1537618995183,True,True,True,True,True
GW231028_153006,NRSur7dq4,chi_eff,0.38791994717875106,0.1834152034336727,0.1695855223152663,0.20450474374507835,0.5575054694940174,True,True,True,True,True
GW231028_153006,NRSur7dq4,luminosity_distance,4185.77073596128,1884.243730100577,1354.8229631061395,2301.5270058607025,5540.593699067419,True,True,True,True,True
GW231028_153006,NRSur7dq4,final_mass_source,140.11715107269958,11.725876253335827,25.97792814076479,128.39127481936376,166.09507921346437,True,True,True,True,True
GW231028_153006,NRSur7dq4,final_spin,0.8141704581484215,0.09784443039140944,0.051735875295713885,0.716326027757012,0.8659063334441354,True,True,True,True,True
GW231029_111508,IMRPhenomXPHM-SpinTaylor,chirp_mass_source,44.080635571774394,7.9160339960516595,10.48222199638753,36.164601575722735,54.562857568161924,True,True,True,True,True
GW231029_111508,IMRPhenomXPHM-SpinTaylor,chi_eff,0.15008314645773754,0.24476376373057662,0.2395950724319235,-0.09468061727283908,0.38967821888966103,True,True,True,True,True
GW231029_111508,IMRPhenomXPHM-SpinTaylor,luminosity_distance,3082.7374626675337,1662.3342317212293,2431.3274668785243,1420.4032309463043,5514.064929546058,True,True,True,True,True
GW231029_111508,IMRPhenomXPHM-SpinTaylor,final_mass_source,101.13697989052906,15.01092298465933,20.573948734707187,86.12605690586973,121.71092862523625,True,True,True,True,True
GW231029_111508,IMRPhenomXPHM-SpinTaylor,final_spin,0.7289397786681893,0.16399046946768314,0.09975830111074624,0.5649493092005061,0.8286980797789355,True,True,True,True,True
GW231029_111508,SEOBNRv5PHM,chirp_mass_source,44.76443799038104,8.195991939614721,10.447426085310873,36.56844605076632,55.21186407569191,True,True,True,True,True
GW231029_111508,SEOBNRv5PHM,chi_eff,0.13120663803778618,0.22427093605948023,0.2379914763297903,-0.09306429802169405,0.3691981143675765,True,True,True,True,True
GW231029_111508,SEOBNRv5PHM,luminosity_distance,3067.633744067988,1657.9069713090144,2287.4061048852345,1409.7267727589738,5355.039848953223,True,True,True,True,True
GW231029_111508,SEOBNRv5PHM,final_mass_source,101.84217655041651,15.720149376873508,20.904663086049837,86.122027173543,122.74683963646635,True,True,True,True,True
GW231029_111508,SEOBNRv5PHM,final_spin,0.727649390504394,0.14544971678124385,0.09423456298809618,0.5821996737231502,0.8218839534924902,True,True,True,True,True
GW231029_111508,NRSur7dq4,chirp_mass_source,44.365926685370646,7.846880781262293,10.247740534434143,36.51904590410835,54.61366721980479,True,True,True,True,True
GW231029_111508,NRSur7dq4,chi_eff,0.1445081551843599,0.22466995938657627,0.22750198941877708,-0.08016180420221639,0.37201014460313697,True,True,True,True,True
GW231029_111508,NRSur7dq4,luminosity_distance,3174.080452496329,1726.3744480872017,2459.542473341817,1447.7060044091274,5633.622925838146,True,True,True,True,True
GW231029_111508,NRSur7dq4,final_mass_source,100.85864450919927,15.806696560886905,20.70453678010574,85.05194794831236,121.563181289305,True,True,True,True,True
GW231029_111508,NRSur7dq4,final_spin,0.722500803007334,0.14098809481074814,0.08603328095751528,0.5815127081965858,0.8085340839648493,True,True,True,True,True
GW231102_071736,IMRPhenomXPHM-SpinTaylor,chirp_mass_source,43.69607059710535,6.545310016338696,9.452525168702074,37.15076058076665,53.14859576580742,True,True,True,True,True
GW231102_071736,IMRPhenomXPHM-SpinTaylor,chi_eff,0.06283352112441892,0.21786418829066304,0.2266036327034398,-0.1550306671662441,0.28943715382785873,True,True,True,True,True
GW231102_071736,IMRPhenomXPHM-SpinTaylor,luminosity_distance,3781.5411688453714,1768.8185054939904,2150.753753040638,2012.722663351381,5932.294921886009,True,True,True,True,True
GW231102_071736,IMRPhenomXPHM-SpinTaylor,final_mass_source,98.32371701629853,12.849256916341673,19.421214677713863,85.47446009995686,117.7449316940124,True,True,True,True,True
GW231102_071736,IMRPhenomXPHM-SpinTaylor,final_spin,0.7052531269162954,0.10611230554938089,0.09688838506257991,0.5991408213669145,0.8021415119788753,True,True,True,True,True
GW231102_071736,SEOBNRv5PHM,chirp_mass_source,43.20797921855286,5.99036470788122,9.311819836397092,37.21761451067164,52.51979905494995,True,True,True,True,True
GW231102_071736,SEOBNRv5PHM,chi_eff,0.05708307611389021,0.22020159353971872,0.2283131441472401,-0.1631185174258285,0.2853962202611303,True,True,True,True,True
GW231102_071736,SEOBNRv5PHM,luminosity_distance,3935.314139686926,1833.8424919071872,2055.8096935726644,2101.4716477797388,5991.12383325959,True,True,True,True,True
GW231102_071736,SEOBNRv5PHM,final_mass_source,97.39787073233543,12.170521236418566,19.12005648193437,85.22734949591687,116.5179272142698,True,True,True,True,True
GW231102_071736,SEOBNRv5PHM,final_spin,0.7023363320639355,0.10243651100327289,0.09565914831992672,0.5998998210606626,0.7979954803838623,True,True,True,True,True
GW231102_071736,NRSur7dq4,chirp_mass_source,43.077575883529875,6.329317181756203,9.558224494769043,36.74825870177367,52.63580037829892,True,True,True,True,True
GW231102_071736,NRSur7dq4,chi_eff,0.05945552166952699,0.21373854726329838,0.21924356344185414,-0.15428302559377138,0.27869908511138114,True,True,True,True,True
GW231102_071736,NRSur7dq4,luminosity_distance,3821.9169805541596,1800.6708441888597,2045.107132434191,2021.2461363653,5867.024112988351,True,True,True,True,True
GW231102_071736,NRSur7dq4,final_mass_source,97.22620608046432,12.569544154560816,19.746946670956106,84.6566619259035,116.97315275142043,True,True,True,True,True
GW231102_071736,NRSur7dq4,final_spin,0.6952503604956589,0.10296664772097941,0.08534599142353194,0.5922837127746795,0.7805963519191909,True,True,True,True,True
GW231118_071402,IMRPhenomXPHM-SpinTaylor,chirp_mass_source,30.494001380824717,6.220665371209815,8.325232651073396,24.2733360096149,38.81923403189811,True,True,True,True,True
GW231118_071402,IMRPhenomXPHM-SpinTaylor,chi_eff,0.1329110281084231,0.2806208151258832,0.28749504325614755,-0.14770978701746013,0.42040607136457064,True,True,True,True,True
GW231118_071402,IMRPhenomXPHM-SpinTaylor,luminosity_distance,4301.9919952799855,2286.8763147782865,3540.053695287591,2015.115680501699,7842.0456905675765,True,True,True,True,True
GW231118_071402,IMRPhenomXPHM-SpinTaylor,final_mass_source,69.1250453928048,13.054155708066084,17.756927705035125,56.07088968473871,86.88197309783992,True,True,True,True,True
GW231118_071402,IMRPhenomXPHM-SpinTaylor,final_spin,0.7324727286843786,0.14028549196352758,0.1082354303650136,0.592187236720851,0.8407081590493922,True,True,True,True,True
GW231118_071402,SEOBNRv5PHM,chirp_mass_source,30.424885878708675,5.972052452252022,7.743473639362644,24.452833426456653,38.16835951807132,True,True,True,True,True
GW231118_071402,SEOBNRv5PHM,chi_eff,0.1124730786184837,0.277062816106646,0.29553925298440237,-0.1645897374881623,0.4080123316028861,True,True,True,True,True
GW231118_071402,SEOBNRv5PHM,luminosity_distance,4294.562202651611,2246.2500558391166,3569.5384255054423,2048.3121468124946,7864.1006281570535,True,True,True,True,True
GW231118_071402,SEOBNRv5PHM,final_mass_source,68.91248333704253,12.979521031945985,16.86508525403049,55.932962305096545,85.77756859107302,True,True,True,True,True
GW231118_071402,SEOBNRv5PHM,final_spin,0.72469744668271,0.1361607810261538,0.11084554819827852,0.5885366656565562,0.8355429948809885,True,True,True,True,True
GW231118_071402,NRSur7dq4,chirp_mass_source,30.11719617847596,6.03901512049498,7.92147392387125,24.07818105798098,38.03867010234721,True,True,True,True,True
GW231118_071402,NRSur7dq4,chi_eff,0.11040301436321369,0.27758768596317207,0.28052024984969615,-0.16718467159995837,0.39092326421290985,True,True,True,True,True
GW231118_071402,NRSur7dq4,luminosity_distance,4336.892764636496,2234.885023189523,3661.0384746019336,2102.0077414469733,7997.93123923843,True,True,True,True,True
GW231118_071402,NRSur7dq4,final_mass_source,68.3700595369957,13.137473422760344,16.846544041307382,55.23258611423535,85.21660357830308,True,True,True,True,True
GW231118_071402,NRSur7dq4,final_spin,0.7172421409690197,0.14034406325797888,0.10080908645745523,0.5768980777110408,0.818051227426475,True,True,True,True,True
GW231119_075248,IMRPhenomXPHM-SpinTaylor,chirp_mass_source,34.483687784265,8.193735370239452,12.739208394033554,26.28995241402555,47.222896178298555,True,True,True,True,True
GW231119_075248,IMRPhenomXPHM-SpinTaylor,chi_eff,0.00027986124146133325,0.30452472730082175,0.28076532357199857,-0.3042448660593604,0.2810451848134599,True,True,True,True,True
GW231119_075248,IMRPhenomXPHM-SpinTaylor,luminosity_distance,6689.463143592233,3727.836211507453,5315.296755536618,2961.62693208478,12004.75989912885,True,True,True,True,True
GW231119_075248,IMRPhenomXPHM-SpinTaylor,final_mass_source,79.10846157798554,17.871951162802212,27.810569925735763,61.236510415183325,106.9190315037213,True,True,True,True,True
GW231119_075248,IMRPhenomXPHM-SpinTaylor,final_spin,0.6829947881904495,0.16127641324809572,0.11649833236277773,0.5217183749423537,0.7994931205532272,True,True,True,True,True
GW231119_075248,SEOBNRv5PHM,chirp_mass_source,34.49196265318939,7.779227546348778,12.034281353540685,26.71273510684061,46.526244006730074,True,True,True,True,True
GW231119_075248,SEOBNRv5PHM,chi_eff,-0.002202853752724965,0.30962398001165975,0.2756037754858881,-0.3118268337643847,0.27340092173316316,True,True,True,True,True
GW231119_075248,SEOBNRv5PHM,luminosity_distance,6705.023958980001,3727.3626384800114,5334.258319188383,2977.66132049999,12039.282278168384,True,True,True,True,True
GW231119_075248,SEOBNRv5PHM,final_mass_source,78.76058231280783,17.64728731094025,26.988484871302717,61.11329500186758,105.74906718411054,True,True,True,True,True
GW231119_075248,SEOBNRv5PHM,final_spin,0.6812430634078706,0.15562855248924778,0.11127890966013543,0.5256145109186228,0.792521973068006,True,True,True,True,True
GW231119_075248,NRSur7dq4,chirp_mass_source,34.39105478468863,7.852649333501052,12.210715437530844,26.538405451187575,46.60177022221947,True,True,True,True,True
GW231119_075248,NRSur7dq4,chi_eff,-0.0074029646979239085,0.30011910076470844,0.27408305744365846,-0.30752206546263233,0.26668009274573456,True,True,True,True,True
GW231119_075248,NRSur7dq4,luminosity_distance,6662.280754689696,3630.2121693886997,5369.523057892647,3032.068585300996,12031.803812582342,True,True,True,True,True
GW231119_075248,NRSur7dq4,final_mass_source,78.58199422639333,17.53970294126382,26.7514764116097,61.042291285129515,105.33347063800304,True,True,True,True,True
GW231119_075248,NRSur7dq4,final_spin,0.6754365569594537,0.15410694709545136,0.10301462802936123,0.5213296098640023,0.7784511849888149,True,True,True,True,True
GW231123_135430,IMRPhenomXPHM-SpinTaylor,chirp_mass_source,101.08250803359634,14.990430496843487,14.48413457984212,86.09207753675285,115.56664261343846,True,True,True,True,True
GW231123_135430,IMRPhenomXPHM-SpinTaylor,chi_eff,0.025046343623017286,0.25015188480338746,0.17275072933221322,-0.22510554118037018,0.1977970729552305,True,True,True,True,True
GW231123_135430,IMRPhenomXPHM-SpinTaylor,luminosity_distance,877.0856349766063,316.93312791315793,397.6384587189086,560.1525070634484,1274.724093695515,True,True,True,True,True
GW231123_135430,IMRPhenomXPHM-SpinTaylor,final_mass_source,230.5582220858857,25.35492265656245,27.099462028620792,205.20329942932324,257.6576841145065,True,True,True,True,True
GW231123_135430,IMRPhenomXPHM-SpinTaylor,final_spin,0.701581111781479,0.11789128127221404,0.07556701934622068,0.5836898305092649,0.7771481311276996,True,True,True,True,True
GW231123_135430,SEOBNRv5PHM,chirp_mass_source,104.25457546130097,11.37036589604827,12.096964997032003,92.8842095652527,116.35154045833298,True,True,True,True,True
GW231123_135430,SEOBNRv5PHM,chi_eff,0.4330713717268449,0.24749876030293075,0.195400581073982,0.18557261142391415,0.6284719528008269,True,True,True,True,True
GW231123_135430,SEOBNRv5PHM,luminosity_distance,2270.704462681838,981.9400042820573,1375.0341750478842,1288.7644583997806,3645.738637729722,True,True,True,True,True
GW231123_135430,SEOBNRv5PHM,final_mass_source,226.33098521054532,21.71706045795179,25.34203886213797,204.61392475259353,251.6730240726833,True,True,True,True,True
GW231123_135430,SEOBNRv5PHM,final_spin,0.8755315832822638,0.06514516473863463,0.042610025286294095,0.8103864185436291,0.9181416085685579,True,True,True,True,True
GW231123_135430,NRSur7dq4,chirp_mass_source,102.39859504276684,14.265918193865431,9.993365041686175,88.13267684890141,112.39196008445302,True,True,True,True,True
GW231123_135430,NRSur7dq4,chi_eff,0.26959265975217533,0.35063830241316085,0.24021645280059117,-0.08104564266098552,0.5098091125527665,True,True,True,True,True
GW231123_135430,NRSur7dq4,luminosity_distance,1872.4131149809032,1045.841535393763,1665.9685168044734,826.5715795871401,3538.3816317853766,True,True,True,True,True
GW231123_135430,NRSur7dq4,final_mass_source,222.09796457535515,31.568185395013188,21.58644497674004,190.52977918034196,243.6844095520952,True,True,True,True,True
GW231123_135430,NRSur7dq4,final_spin,0.8235296939471696,0.13361668020051787,0.04785652959038744,0.6899130137466517,0.871386223537557,True,True,True,True,True
GW231127_165300,IMRPhenomXPHM-SpinTaylor,chirp_mass_source,30.26442230035789,6.815732250587146,9.581565981085422,23.448690049770743,39.84598828144331,True,True,True,True,True
GW231127_165300,IMRPhenomXPHM-SpinTaylor,chi_eff,0.04786099907583227,0.34396742269169034,0.29162562766431854,-0.29610642361585804,0.33948662674015084,True,True,True,True,True
GW231127_165300,IMRPhenomXPHM-SpinTaylor,luminosity_distance,4454.946280862256,2471.968443855087,3607.5667927772583,1982.9778370071685,8062.513073639514,True,True,True,True,True
GW231127_165300,IMRPhenomXPHM-SpinTaylor,final_mass_source,70.74234223691275,14.164414377336996,20.171340639679926,56.57792785957575,90.91368287659267,True,True,True,True,True
GW231127_165300,IMRPhenomXPHM-SpinTaylor,final_spin,0.6946059359554884,0.19165397525404515,0.12522259171817518,0.5029519607014432,0.8198285276736635,True,True,True,True,True
GW231127_165300,SEOBNRv5PHM,chirp_mass_source,30.492450089515682,6.595718441276002,9.624503678556874,23.89673164823968,40.116953768072555,True,True,True,True,True
GW231127_165300,SEOBNRv5PHM,chi_eff,0.050484270563099704,0.3175319241751695,0.30657061103932426,-0.26704765361206984,0.35705488160242393,True,True,True,True,True
GW231127_165300,SEOBNRv5PHM,luminosity_distance,4491.802448761027,2510.500592025502,3532.0786299007823,1981.3018567355252,8023.88107866181,True,True,True,True,True
GW231127_165300,SEOBNRv5PHM,final_mass_source,70.47584250278706,13.976348975111442,20.953745904240463,56.49949352767562,91.42958840702752,True,True,True,True,True
GW231127_165300,SEOBNRv5PHM,final_spin,0.696769490719755,0.17331090244537972,0.12834883565290756,0.5234585882743753,0.8251183263726626,True,True,True,True,True
GW231127_165300,NRSur7dq4,chirp_mass_source,30.54512156167948,6.708413492915511,9.754497577007918,23.83670806876397,40.2996191386874,True,True,True,True,True
GW231127_165300,NRSur7dq4,chi_eff,0.04601654475311506,0.30237047778997433,0.29240113461416056,-0.25635393303685927,0.3384176793672756,True,True,True,True,True
GW231127_165300,NRSur7dq4,luminosity_distance,4437.241545859379,2511.372833351866,3694.5124714527537,1925.8687125075126,8131.754017312132,True,True,True,True,True
GW231127_165300,NRSur7dq4,final_mass_source,70.56630832688192,14.53728829978737,20.95604794283757,56.02902002709455,91.5223562697195,True,True,True,True,True
GW231127_165300,NRSur7dq4,final_spin,0.688468723078667,0.16767534666638717,0.11621956147784163,0.5207933764122799,0.8046882845565086,True,True,True,True,True
GW231129_081745,IMRPhenomXPHM-SpinTaylor,chirp_mass_source,27.787780300479113,5.777430637183702,7.68116163074486,22.01034966329541,35.46894193122397,True,True,True,True,True
GW231129_081745,IMRPhenomXPHM-SpinTaylor,chi_eff,0.029783300430081955,0.25451891020676853,0.26996325585891034,-0.22473560977668658,0.29974655628899227,True,True,True,True,True
GW231129_081745,IMRPhenomXPHM-SpinTaylor,luminosity_distance,3796.474077325572,2104.589356867189,3665.819206368143,1691.884720458383,7462.293283693715,True,True,True,True,True
GW231129_081745,IMRPhenomXPHM-SpinTaylor,final_mass_source,65.88509108275841,13.8476317306351,16.25088754352889,52.03745935212331,82.1359786262873,True,True,True,True,True
GW231129_081745,IMRPhenomXPHM-SpinTaylor,final_spin,0.6697799904281257,0.15763948719764986,0.13306216233055768,0.5121405032304759,0.8028421527586834,True,True,True,True,True
GW231129_081745,SEOBNRv5PHM,chirp_mass_source,27.849213011991434,5.7125295220627486,7.710700712092301,22.136683489928686,35.559913724083735,True,True,True,True,True
GW231129_081745,SEOBNRv5PHM,chi_eff,0.028633386298039788,0.2706281687044573,0.2838798826602816,-0.24199478240641747,0.3125132689583214,True,True,True,True,True
GW231129_081745,SEOBNRv5PHM,luminosity_distance,3750.7917151213105,2040.5548897221643,3471.473599117201,1710.2368253991463,7222.265314238512,True,True,True,True,True
GW231129_081745,SEOBNRv5PHM,final_mass_source,66.89810566746206,13.850735550873523,17.202874573907025,53.04737011658854,84.10098024136909,True,True,True,True,True
GW231129_081745,SEOBNRv5PHM,final_spin,0.6676245114640466,0.1660002835493899,0.14399181737717726,0.5016242279146567,0.8116163288412238,True,True,True,True,True
GW231129_081745,NRSur7dq4,chirp_mass_source,27.65087381077672,5.713867715796113,7.671471573642645,21.937006094980607,35.322345384419364,True,True,True,True,True
GW231129_081745,NRSur7dq4,chi_eff,0.027708848320786787,0.26771163309279083,0.26226403027247214,-0.24000278477200404,0.28997287859325893,True,True,True,True,True
GW231129_081745,NRSur7dq4,luminosity_distance,3815.921190362381,2094.760374011514,3525.4968331432274,1721.1608163508668,7341.418023505608,True,True,True,True,True
GW231129_081745,NRSur7dq4,final_mass_source,65.75035067401004,13.681642825563259,16.5139007720267,52.06870784844678,82.26425144603674,True,True,True,True,True
GW231129_081745,NRSur7dq4,final_spin,0.6663454113169891,0.15475366430163584,0.12044860574232397,0.5115917470153533,0.7867940170593131,True,True,True,True,True
GW231206_233134,IMRPhenomXPHM-SpinTaylor,chirp_mass_source,26.75467692190617,3.6133664952338265,6.065238643365934,23.141310426672344,32.819915565272105,True,True,True,True,True
GW231206_233134,IMRPhenomXPHM-SpinTaylor,chi_eff,-0.07749003961402545,0.24256351967315715,0.20820321925530078,-0.3200535592871826,0.13071317964127532,True,True,True,True,True
GW231206_233134,IMRPhenomXPHM-SpinTaylor,luminosity_distance,3310.4964083474893,1832.8807298428567,1784.3011003640327,1477.6156785046326,5094.797508711522,True,True,True,True,True
GW231206_233134,IMRPhenomXPHM-SpinTaylor,final_mass_source,59.65249508305898,7.696042681832729,12.935650335323189,51.95645240122625,72.58814541838217,True,True,True,True,True
GW231206_233134,IMRPhenomXPHM-SpinTaylor,final_spin,0.6721483335710913,0.09541629232305726,0.08595046056323363,0.576732041248034,0.7580987941343249,True,True,True,True,True
GW231206_233134,SEOBNRv5PHM,chirp_mass_source,27.68098174321246,4.248147784748749,6.153254327106875,23.43283395846371,33.834236070319335,True,True,True,True,True
GW231206_233134,SEOBNRv5PHM,chi_eff,-0.08922601426272767,0.25668961879436647,0.21846682727262154,-0.34591563305709416,0.12924081300989387,True,True,True,True,True
GW231206_233134,SEOBNRv5PHM,luminosity_distance,3081.9777179737753,1761.3134875172004,1887.8344243104043,1320.6642304565748,4969.81214228418,True,True,True,True,True
GW231206_233134,SEOBNRv5PHM,final_mass_source,61.54947614247499,9.034991338821015,13.376369295695753,52.51448480365397,74.92584543817074,True,True,True,True,True
GW231206_233134,SEOBNRv5PHM,final_spin,0.6728754538586803,0.10239470131877582,0.09330279190194679,0.5704807525399045,0.7661782457606271,True,True,True,True,True
GW231206_233134,NRSur7dq4,chirp_mass_source,27.27284747009574,3.934664343147521,5.747371537718394,23.33818312694822,33.020219007814134,True,True,True,True,True
GW231206_233134,NRSur7dq4,chi_eff,-0.08660139902766432,0.24514403177849603,0.20986417222978393,-0.33174543080616037,0.1232627732021196,True,True,True,True,True
GW231206_233134,NRSur7dq4,luminosity_distance,3134.209565317751,1712.5309232995266,1851.4221113876602,1421.6786420182245,4985.631676705411,True,True,True,True,True
GW231206_233134,NRSur7dq4,final_mass_source,60.74148422327166,8.347232434151707,12.326523536100161,52.394251789119956,73.06800775937182,True,True,True,True,True
GW231206_233134,NRSur7dq4,final_spin,0.6684579071878382,0.10006080589450239,0.07958728331447185,0.5683971012933358,0.74804519050231,True,True,True,True,True
GW231206_233901,IMRPhenomXPHM-SpinTaylor,chirp_mass_source,28.3832844004575,1.904836523895284,2.8352529432838516,26.478447876562218,31.218537343741353,True,True,True,True,True
GW231206_233901,IMRPhenomXPHM-SpinTaylor,chi_eff,-0.02380235307619035,0.14639139018524025,0.13465306626891294,-0.1701937432614306,0.11085071319272258,True,True,True,True,True
GW231206_233901,IMRPhenomXPHM-SpinTaylor,luminosity_distance,1495.2422586357006,500.9384751170405,349.7240889777031,994.3037835186601,1844.9663476134037,True,True,True,True,True
GW231206_233901,IMRPhenomXPHM-SpinTaylor,final_mass_source,63.54552809101991,3.557810067259105,5.190029349967183,59.987718023760806,68.7355574409871,True,True,True,True,True
GW231206_233901,IMRPhenomXPHM-SpinTaylor,final_spin,0.6859742785240684,0.07147231847219726,0.06875050778372704,0.6145019600518712,0.7547247863077955,True,True,True,True,True
GW231206_233901,SEOBNRv5PHM,chirp_mass_source,27.922556400121735,1.6772764773454014,2.454159221662465,26.245279922776334,30.3767156217842,True,True,True,True,True
GW231206_233901,SEOBNRv5PHM,chi_eff,-0.0656854397435951,0.14856968825236166,0.14199525612190333,-0.21425512799595675,0.07630981637830823,True,True,True,True,True
GW231206_233901,SEOBNRv5PHM,luminosity_distance,1504.3030797666893,478.67123856248827,330.04388596142644,1025.631841204201,1834.3469657281157,True,True,True,True,True
GW231206_233901,SEOBNRv5PHM,final_mass_source,62.77536319998528,3.3169641725778547,4.522311730569527,59.458399027407424,67.2976749305548,True,True,True,True,True
GW231206_233901,SEOBNRv5PHM,final_spin,0.667604660893353,0.07012403387273114,0.061089065264138376,0.5974806270206219,0.7286937261574914,True,True,True,True,True
GW231206_233901,NRSur7dq4,chirp_mass_source,28.190065826353866,1.6986525261434942,2.5529258019218126,26.49141330021037,30.74299162827568,True,True,True,True,True
GW231206_233901,NRSur7dq4,chi_eff,-0.05319174183102923,0.1403274839169947,0.12659002033249953,-0.19351922574802394,0.0733982785014703,True,True,True,True,True
GW231206_233901,NRSur7dq4,luminosity_distance,1482.7764341099773,507.9027768896972,339.4662822381474,974.8736572202802,1822.2427163481248,True,True,True,True,True
GW231206_233901,NRSur7dq4,final_mass_source,62.91305135924182,3.4227685529082805,4.783062136246301,59.49028280633354,67.69611349548812,True,True,True,True,True
GW231206_233901,NRSur7dq4,final_spin,0.6727220272372391,0.06504701751799236,0.05445303562144488,0.6076750097192467,0.7271750628586839,True,True,True,True,True
GW231213_111417,IMRPhenomXPHM-SpinTaylor,chirp_mass_source,26.735353492610244,4.199992413169696,6.371659227869252,22.53536107944055,33.107012720479496,True,True,True,True,True
GW231213_111417,IMRPhenomXPHM-SpinTaylor,chi_eff,0.07363516370121476,0.23194398779185935,0.24286850782100877,-0.1583088240906446,0.31650367152222353,True,True,True,True,True
GW231213_111417,IMRPhenomXPHM-SpinTaylor,luminosity_distance,4046.287282804201,2033.0569214425343,2331.9331803474106,2013.2303613616666,6378.2204631516115,True,True,True,True,True
GW231213_111417,IMRPhenomXPHM-SpinTaylor,final_mass_source,59.77023889708762,8.800056551188838,13.452970857542638,50.970182345898785,73.22320975463026,True,True,True,True,True
GW231213_111417,IMRPhenomXPHM-SpinTaylor,final_spin,0.718401034574308,0.09916714376646696,0.09817122795564859,0.6192338908078411,0.8165722625299566,True,True,True,True,True
GW231213_111417,SEOBNRv5PHM,chirp_mass_source,26.683702070808202,3.994253579000592,6.182948985052256,22.68944849180761,32.86665105586046,True,True,True,True,True
GW231213_111417,SEOBNRv5PHM,chi_eff,0.05697238691741381,0.23554892969292102,0.23889883698058384,-0.17857654277550722,0.29587122389799764,True,True,True,True,True
GW231213_111417,SEOBNRv5PHM,luminosity_distance,4101.290295938994,2062.7790308636877,2313.624628292734,2038.5112650753063,6414.914924231728,True,True,True,True,True
GW231213_111417,SEOBNRv5PHM,final_mass_source,59.49468092178017,8.663540627017845,13.367129563009328,50.83114029476233,72.8618104847895,True,True,True,True,True
GW231213_111417,SEOBNRv5PHM,final_spin,0.7107005497280291,0.09424908898463513,0.08863534900492431,0.616451460743394,0.7993358987329534,True,True,True,True,True
GW231213_111417,NRSur7dq4,chirp_mass_source,26.699251966827333,4.226820166200412,6.207563626590201,22.47243180062692,32.906815593417534,True,True,True,True,True
GW231213_111417,NRSur7dq4,chi_eff,0.05068660459585202,0.22611475082694454,0.23114544099529083,-0.17542814623109254,0.28183204559114283,True,True,True,True,True
GW231213_111417,NRSur7dq4,luminosity_distance,3979.5340886245585,2000.7705293776132,2358.5552240692077,1978.7635592469453,6338.089312693766,True,True,True,True,True
GW231213_111417,NRSur7dq4,final_mass_source,59.54155208422267,9.016164026525253,13.16777278488587,50.52538805769742,72.70932486910854,True,True,True,True,True
GW231213_111417,NRSur7dq4,final_spin,0.7029506481638484,0.0912564833184436,0.08111404905879016,0.6116941648454048,0.7840646972226386,True,True,True,True,True
GW231223_032836,IMRPhenomXPHM-SpinTaylor,chirp_mass_source,31.972591212015043,7.181806350185148,8.950594097773763,24.790784861829895,40.923185309788806,True,True,True,True,True
GW231223_032836,IMRPhenomXPHM-SpinTaylor,chi_eff,-0.14413051323083673,0.37445713154080085,0.3327720629832951,-0.5185876447716375,0.18864154975245837,True,True,True,True,True
GW231223_032836,IMRPhenomXPHM-SpinTaylor,luminosity_distance,4136.744812103399,2105.06664129031,3099.944379427723,2031.6781708130893,7236.689191531123,True,True,True,True,True
GW231223_032836,IMRPhenomXPHM-SpinTaylor,final_mass_source,73.82368643497684,12.702460038935804,18.19560969090479,61.12122639604103,92.01929612588162,True,True,True,True,True
GW231223_032836,IMRPhenomXPHM-SpinTaylor,final_spin,0.6350236726874129,0.17080018081490805,0.13630430106779312,0.46422349187250483,0.771327973755206,True,True,True,True,True
GW231223_032836,SEOBNRv5PHM,chirp_mass_source,31.840343764997765,6.845206602680072,8.318474520495467,24.995137162317693,40.15881828549323,True,True,True,True,True
GW231223_032836,SEOBNRv5PHM,chi_eff,-0.167091106079922,0.3670442927169045,0.3287656624721976,-0.5341353987968265,0.16167455639227557,True,True,True,True,True
GW231223_032836,SEOBNRv5PHM,luminosity_distance,4207.768749551513,2159.5688447485977,3082.9252797882964,2048.199904802915,7290.694029339809,True,True,True,True,True
GW231223_032836,SEOBNRv5PHM,final_mass_source,73.34097544648847,12.644021181778108,16.915334229348176,60.696954264710364,90.25630967583665,True,True,True,True,True
GW231223_032836,SEOBNRv5PHM,final_spin,0.6253046489144243,0.16999504323480563,0.1242409077503076,0.45530960567961865,0.7495455566647319,True,True,True,True,True
GW231223_032836,NRSur7dq4,chirp_mass_source,31.978741622930443,6.970281362529324,8.316988996827895,25.00846026040112,40.29573061975834,True,True,True,True,True
GW231223_032836,NRSur7dq4,chi_eff,-0.16415374173086997,0.35990947575015464,0.3178766504530006,-0.5240632174810246,0.15372290872213065,True,True,True,True,True
GW231223_032836,NRSur7dq4,luminosity_distance,4210.015786235994,2206.2145452525056,3164.014179201017,2003.8012409834882,7374.029965437011,True,True,True,True,True
GW231223_032836,NRSur7dq4,final_mass_source,73.10796135786327,12.805390620850993,17.072017782872933,60.30257073701228,90.17997914073621,True,True,True,True,True
GW231223_032836,NRSur7dq4,final_spin,0.622115187064897,0.16067648821886304,0.11404216641004206,0.46143869884603395,0.736157353474939,True,True,True,True,True
GW231226_101520,IMRPhenomXPHM-SpinTaylor,chirp_mass_source,32.50460013284426,1.46919123616021,1.7678993564082575,31.03540889668405,34.27249948925252,True,True,True,True,True
GW231226_101520,IMRPhenomXPHM-SpinTaylor,chi_eff,-0.07181408427918981,0.09318265051167188,0.08617606773602533,-0.1649967347908617,0.014361983456835523,True,True,True,True,True
GW231226_101520,IMRPhenomXPHM-SpinTaylor,luminosity_distance,1187.337406944203,353.31576617905307,237.2836911806894,834.0216407651499,1424.6210981248923,True,True,True,True,True
GW231226_101520,IMRPhenomXPHM-SpinTaylor,final_mass_source,71.66774545322336,2.823816450483136,3.578024173823337,68.84392900274023,75.2457696270467,True,True,True,True,True
GW231226_101520,IMRPhenomXPHM-SpinTaylor,final_spin,0.6732355741126475,0.036721591472534953,0.044620977645392634,0.6365139826401125,0.7178565517580401,True,True,True,True,True
GW231226_101520,SEOBNRv5PHM,chirp_mass_source,32.47980818495959,1.5062069127070536,1.770826171658797,30.973601272252534,34.250634356618384,True,True,True,True,True
GW231226_101520,SEOBNRv5PHM,chi_eff,-0.09681459209742226,0.09597127040420993,0.09278661422159659,-0.19278586250163218,-0.004027977875825664,True,True,True,True,True
GW231226_101520,SEOBNRv5PHM,luminosity_distance,1157.0542688512742,350.77222963555437,251.05737518950014,806.2820392157198,1408.1116440407743,True,True,True,True,True
GW231226_101520,SEOBNRv5PHM,final_mass_source,71.57209936474852,2.9913791848133258,3.677909314671595,68.5807201799352,75.25000867942012,True,True,True,True,True
GW231226_101520,SEOBNRv5PHM,final_spin,0.6664156594887919,0.03744730023458831,0.04354436880518153,0.6289683592542036,0.7099600282939734,True,True,True,True,True
GW231226_101520,NRSur7dq4,chirp_mass_source,32.51667069313363,1.42247580293947,1.808107708657559,31.094194890194156,34.324778401791185,True,True,True,True,True
GW231226_101520,NRSur7dq4,chi_eff,-0.06539536904638157,0.094713976818981,0.08647581851087258,-0.16010934586536257,0.021080449464491002,True,True,True,True,True
GW231226_101520,NRSur7dq4,luminosity_distance,1193.7024785314438,362.76745033754503,231.49328980702103,830.9350281938988,1425.1957683384649,True,True,True,True,True
GW231226_101520,NRSur7dq4,final_mass_source,71.54908141670549,2.7370713628079244,3.7387194254195606,68.81201005389757,75.28780084212505,True,True,True,True,True
GW231226_101520,NRSur7dq4,final_spin,0.6702571379290151,0.03292145415582637,0.03477828907034386,0.6373356837731887,0.705035426999359,True,True,True,True,True
GW240104_164932,IMRPhenomXPHM-SpinTaylor,chirp_mass_source,32.056482265067096,4.189310062653718,5.362172055506754,27.86717220241338,37.41865432057385,True,True,True,True,True
GW240104_164932,IMRPhenomXPHM-SpinTaylor,chi_eff,0.11902587253662332,0.2007231096630605,0.18736930116345435,-0.08169723712643719,0.3063951737000777,True,True,True,True,True
GW240104_164932,IMRPhenomXPHM-SpinTaylor,luminosity_distance,1926.9791386982533,970.8390933174562,1120.5293252079587,956.1400453807971,3047.508463906212,True,True,True,True,True
GW240104_164932,IMRPhenomXPHM-SpinTaylor,final_mass_source,71.32205908837676,8.45517196440828,11.103466966629654,62.86688712396848,82.42552605500642,True,True,True,True,True
GW240104_164932,IMRPhenomXPHM-SpinTaylor,final_spin,0.7419446455665241,0.08868248029422687,0.07803641951386064,0.6532621652722972,0.8199810650803847,True,True,True,True,True
GW240104_164932,SEOBNRv5PHM,chirp_mass_source,31.84100009408119,3.7978215007535816,4.858191168729945,28.043178593327607,36.699191262811134,True,True,True,True,True
GW240104_164932,SEOBNRv5PHM,chi_eff,0.07284108331874042,0.19115732852724412,0.18337031381544897,-0.1183162452085037,0.2562113971341894,True,True,True,True,True
GW240104_164932,SEOBNRv5PHM,luminosity_distance,1847.741566064365,932.510814367461,1081.3836968782748,915.2307516969041,2929.12526294264,True,True,True,True,True
GW240104_164932,SEOBNRv5PHM,final_mass_source,70.84759785619595,7.93703225315916,10.26652749027268,62.91056560303679,81.11412534646863,True,True,True,True,True
GW240104_164932,SEOBNRv5PHM,final_spin,0.7229655896960504,0.08150060558800332,0.06938672871510265,0.6414649841080471,0.7923523184111531,True,True,True,True,True
GW240104_164932,NRSur7dq4,chirp_mass_source,31.351130548380226,3.8485516622605083,4.99296548671655,27.502578886119718,36.344096035096776,True,True,True,True,True
GW240104_164932,NRSur7dq4,chi_eff,0.07578406732533999,0.1911167696499411,0.18125484842900247,-0.1153327023246011,0.25703891575434246,True,True,True,True,True
GW240104_164932,NRSur7dq4,luminosity_distance,1946.6292270126141,986.0875291858285,1128.1607258859917,960.5416978267856,3074.789952898606,True,True,True,True,True
GW240104_164932,NRSur7dq4,final_mass_source,69.86906472080003,7.711852618139325,10.382969813307525,62.1572121026607,80.25203453410755,True,True,True,True,True
GW240104_164932,NRSur7dq4,final_spin,0.71489064886963,0.08401873172181351,0.06534625734320221,0.6308719171478165,0.7802369062128323,True,True,True,True,True
