endpoint_id,pair_id,event_id,role,declaration_ordinal,line_number,section,section_kind,key_exact,key_casefold,key_canonical,separator,value_character_count,value_sha256,target_like,target_id,value_text_retained,value_text_truncated,value_text
PAIR00018:BASE,PAIR00018,GW230601_224134,BASE,1,3,input,NAMED,run-type,run-type,runtype,=,4,a18b869b2e81c0c529552a3c4fa5c92ed08b98a4e146aed778d71d27517f83ac,false,,false,false,
PAIR00018:BASE,PAIR00018,GW230601_224134,BASE,2,4,input,NAMED,sampling-rate,sampling-rate,samplingrate,=,6,e75c3d41e5235b3b2911777152402ad9c9747a12e0021fab801d0fcc1580d076,false,,false,false,
PAIR00018:BASE,PAIR00018,GW230601_224134,BASE,3,5,input,NAMED,f-min-bp,f-min-bp,fminbp,=,5,5950c0d6837453eddd01f6a96c158f8dc87139e8a6327b2dd07262d2cbb5885f,false,,false,false,
PAIR00018:BASE,PAIR00018,GW230601_224134,BASE,4,6,input,NAMED,f-max-bp,f-max-bp,fmaxbp,=,6,fddd30227ad776813b0af144db3610e985b228ba22f365f0132a4b270de7694a,false,,false,false,
PAIR00018:BASE,PAIR00018,GW230601_224134,BASE,5,7,input,NAMED,output,output,output,=,24,5b2355648694a4527af201b5c1f2cd274e0a3a2fdfb0ad962b6a73a04a0b283b,false,,false,false,
PAIR00018:BASE,PAIR00018,GW230601_224134,BASE,6,8,input,NAMED,download-data,download-data,downloaddata,=,1,6b86b273ff34fce19d6b804eff5a3f5747ada4eaa22f1d49c01e52ddb7875b4b,false,,false,false,
PAIR00018:BASE,PAIR00018,GW230601_224134,BASE,7,9,input,NAMED,datalen-download,datalen-download,datalendownload,=,4,f81b732a59389bd6838affaf36f9a3b6d9fe736b4e99f146571a5b1b935283e9,false,,false,false,
PAIR00018:BASE,PAIR00018,GW230601_224134,BASE,8,10,input,NAMED,channel-H1,channel-h1,channelh1,=,28,19a08d2e9b9f86ab015dfa721d16ffb749bff3c1b6cc9bc57e498d8021581df9,false,,false,false,
PAIR00018:BASE,PAIR00018,GW230601_224134,BASE,9,11,input,NAMED,channel-L1,channel-l1,channell1,=,28,fcede5f51dc717380e3072435c419d9ca94c127e7d1737dc870bc534d794b981,false,,false,false,
PAIR00018:BASE,PAIR00018,GW230601_224134,BASE,10,12,input,NAMED,channel-V1,channel-v1,channelv1,=,0,e3b0c44298fc1c149afbf4c8996fb92427ae41e4649b934ca495991b7852b855,false,,false,false,
PAIR00018:BASE,PAIR00018,GW230601_224134,BASE,11,13,input,NAMED,data-H1,data-h1,datah1,=,0,e3b0c44298fc1c149afbf4c8996fb92427ae41e4649b934ca495991b7852b855,false,,false,false,
PAIR00018:BASE,PAIR00018,GW230601_224134,BASE,12,14,input,NAMED,data-L1,data-l1,datal1,=,0,e3b0c44298fc1c149afbf4c8996fb92427ae41e4649b934ca495991b7852b855,false,,false,false,
PAIR00018:BASE,PAIR00018,GW230601_224134,BASE,13,15,input,NAMED,data-V1,data-v1,datav1,=,0,e3b0c44298fc1c149afbf4c8996fb92427ae41e4649b934ca495991b7852b855,false,,false,false,
PAIR00018:BASE,PAIR00018,GW230601_224134,BASE,14,16,input,NAMED,ignore-data-filename,ignore-data-filename,ignoredatafilename,=,1,5feceb66ffc86f38d952786c6d696c79c2dbc239dd4e91b46729d73a27fb57e9,false,,false,false,
PAIR00018:BASE,PAIR00018,GW230601_224134,BASE,15,17,input,NAMED,gw-data-find,gw-data-find,gwdatafind,=,1,5feceb66ffc86f38d952786c6d696c79c2dbc239dd4e91b46729d73a27fb57e9,false,,false,false,
PAIR00018:BASE,PAIR00018,GW230601_224134,BASE,16,18,input,NAMED,gw-data-type-H1,gw-data-type-h1,gwdatatypeh1,=,0,e3b0c44298fc1c149afbf4c8996fb92427ae41e4649b934ca495991b7852b855,false,,false,false,
PAIR00018:BASE,PAIR00018,GW230601_224134,BASE,17,19,input,NAMED,gw-data-type-L1,gw-data-type-l1,gwdatatypel1,=,0,e3b0c44298fc1c149afbf4c8996fb92427ae41e4649b934ca495991b7852b855,false,,false,false,
PAIR00018:BASE,PAIR00018,GW230601_224134,BASE,18,20,input,NAMED,gw-data-type-V1,gw-data-type-v1,gwdatatypev1,=,0,e3b0c44298fc1c149afbf4c8996fb92427ae41e4649b934ca495991b7852b855,false,,false,false,
PAIR00018:BASE,PAIR00018,GW230601_224134,BASE,19,21,input,NAMED,ref-det,ref-det,refdet,=,2,8bf797aa02bd65b7cbd52155f6e010be77bb3d461320dac4c74c12d749d81066,false,,false,false,
PAIR00018:BASE,PAIR00018,GW230601_224134,BASE,20,22,input,NAMED,trigtime,trigtime,trigtime,=,18,b0c2a46bfeab18604653670c337feb6ead5573f197db27f9fd88e9b64257db7a,false,,false,false,
PAIR00018:BASE,PAIR00018,GW230601_224134,BASE,21,23,input,NAMED,detectors,detectors,detectors,=,5,3b0244de8d58e5217d2f9d33788bf9ff487c7cf82068b932f86e382eefc8bcfe,false,,false,false,
PAIR00018:BASE,PAIR00018,GW230601_224134,BASE,22,24,input,NAMED,window-onsource,window-onsource,windowonsource,=,1,5feceb66ffc86f38d952786c6d696c79c2dbc239dd4e91b46729d73a27fb57e9,false,,false,false,
PAIR00018:BASE,PAIR00018,GW230601_224134,BASE,23,25,input,NAMED,noise-chunksize,noise-chunksize,noisechunksize,=,3,fbd04e1aae9ce0b11a8946e2c9ac2619f7428a64d32d01eff61d809dcb70ee8e,false,,false,false,
PAIR00018:BASE,PAIR00018,GW230601_224134,BASE,24,26,input,NAMED,signal-chunksize,signal-chunksize,signalchunksize,=,3,fbd04e1aae9ce0b11a8946e2c9ac2619f7428a64d32d01eff61d809dcb70ee8e,false,,false,false,
PAIR00018:BASE,PAIR00018,GW230601_224134,BASE,25,27,input,NAMED,amp-non-prec-sym,amp-non-prec-sym,ampnonprecsym,=,1,6b86b273ff34fce19d6b804eff5a3f5747ada4eaa22f1d49c01e52ddb7875b4b,false,,false,false,
PAIR00018:BASE,PAIR00018,GW230601_224134,BASE,26,28,input,NAMED,max-Kerr-amp-ratio,max-kerr-amp-ratio,maxkerrampratio,=,3,8aed642bf5118b9d3c859bd4be35ecac75b6e873cce34e7b6f554b06f75550d7,true,TARGET_LIKE_CANDIDATE,true,false,0.0
PAIR00018:BASE,PAIR00018,GW230601_224134,BASE,27,29,input,NAMED,kerr-modes,kerr-modes,kerrmodes,=,11,918b8617dd99e65be623b6a29009ed5cc07e2badeba955417690d4002c8f430b,true,KERR_MODES,true,false,"[(2,2,2,0)]"
PAIR00018:BASE,PAIR00018,GW230601_224134,BASE,28,30,input,NAMED,spheroidal,spheroidal,spheroidal,=,1,5feceb66ffc86f38d952786c6d696c79c2dbc239dd4e91b46729d73a27fb57e9,false,,false,false,
PAIR00018:BASE,PAIR00018,GW230601_224134,BASE,29,31,input,NAMED,reference-amplitude,reference-amplitude,referenceamplitude,=,5,64a930966aa1b51c0cc3f0747e943493b4dd46e75f7aba72f837f9adfa7d8c3d,false,,false,false,
PAIR00018:BASE,PAIR00018,GW230601_224134,BASE,30,32,input,NAMED,psd-H1,psd-h1,psdh1,=,0,e3b0c44298fc1c149afbf4c8996fb92427ae41e4649b934ca495991b7852b855,false,,false,false,
PAIR00018:BASE,PAIR00018,GW230601_224134,BASE,31,33,input,NAMED,psd-L1,psd-l1,psdl1,=,0,e3b0c44298fc1c149afbf4c8996fb92427ae41e4649b934ca495991b7852b855,false,,false,false,
PAIR00018:BASE,PAIR00018,GW230601_224134,BASE,32,34,input,NAMED,psd-V1,psd-v1,psdv1,=,0,e3b0c44298fc1c149afbf4c8996fb92427ae41e4649b934ca495991b7852b855,false,,false,false,
PAIR00018:BASE,PAIR00018,GW230601_224134,BASE,33,35,input,NAMED,injection-T,injection-t,injectiont,=,1,5feceb66ffc86f38d952786c6d696c79c2dbc239dd4e91b46729d73a27fb57e9,false,,false,false,
PAIR00018:BASE,PAIR00018,GW230601_224134,BASE,34,36,input,NAMED,injection-scaling,injection-scaling,injectionscaling,=,3,d0ff5974b6aa52cf562bea5921840c032a860a91a3512f7fe8f768f6bbe005f6,false,,false,false,
PAIR00018:BASE,PAIR00018,GW230601_224134,BASE,35,37,input,NAMED,gaussian-noise,gaussian-noise,gaussiannoise,=,0,e3b0c44298fc1c149afbf4c8996fb92427ae41e4649b934ca495991b7852b855,false,,false,false,
PAIR00018:BASE,PAIR00018,GW230601_224134,BASE,36,38,input,NAMED,injection-approximant,injection-approximant,injectionapproximant,=,0,e3b0c44298fc1c149afbf4c8996fb92427ae41e4649b934ca495991b7852b855,false,,false,false,
PAIR00018:BASE,PAIR00018,GW230601_224134,BASE,37,39,input,NAMED,zero-noise,zero-noise,zeronoise,=,1,5feceb66ffc86f38d952786c6d696c79c2dbc239dd4e91b46729d73a27fb57e9,false,,false,false,
PAIR00018:BASE,PAIR00018,GW230601_224134,BASE,38,40,input,NAMED,sky-frame,sky-frame,skyframe,=,10,5df6b59dfafca1111fa87f6072971ed8f4719d44cfe95bd6a7490e0e7010579d,false,,false,false,
PAIR00018:BASE,PAIR00018,GW230601_224134,BASE,39,41,input,NAMED,truncate,truncate,truncate,=,1,6b86b273ff34fce19d6b804eff5a3f5747ada4eaa22f1d49c01e52ddb7875b4b,false,,false,false,
PAIR00018:BASE,PAIR00018,GW230601_224134,BASE,40,42,input,NAMED,analysis-duration,analysis-duration,analysisduration,=,3,44896b09365746b5f7167ee4d64988a38f7f4628803cbf86224e74eeb7c69e9d,false,,false,false,
PAIR00018:BASE,PAIR00018,GW230601_224134,BASE,41,43,input,NAMED,run-tag,run-tag,runtag,=,6,b80f6b485bcb2eb62c8837dc0584594ad24fdae1debd0342debf7e038d14c866,false,,false,false,
PAIR00018:BASE,PAIR00018,GW230601_224134,BASE,42,47,Sampler settings,NAMED,nlive,nlive,nlive,=,4,8b926d75599a618e21f1341318e66517be26e18cc7496783d2b59758c1333be8,false,,false,false,
PAIR00018:BASE,PAIR00018,GW230601_224134,BASE,43,48,Sampler settings,NAMED,poolsize,poolsize,poolsize,=,3,ad57366865126e55649ecb23ae1d48887544976efea46a48eb5d85a6eeb4d306,false,,false,false,
PAIR00018:BASE,PAIR00018,GW230601_224134,BASE,44,49,Sampler settings,NAMED,maxmcmc,maxmcmc,maxmcmc,=,4,8b926d75599a618e21f1341318e66517be26e18cc7496783d2b59758c1333be8,false,,false,false,
PAIR00018:BASE,PAIR00018,GW230601_224134,BASE,45,50,Sampler settings,NAMED,nthreads,nthreads,nthreads,=,1,6b86b273ff34fce19d6b804eff5a3f5747ada4eaa22f1d49c01e52ddb7875b4b,false,,false,false,
PAIR00018:BASE,PAIR00018,GW230601_224134,BASE,46,51,Sampler settings,NAMED,verbose,verbose,verbose,=,1,d4735e3a265e16eee03f59718b9b5d03019c07d8b6c51f90da3a666eec13ab35,false,,false,false,
PAIR00018:BASE,PAIR00018,GW230601_224134,BASE,47,52,Sampler settings,NAMED,seed,seed,seed,=,4,7b346904f63cc07f1d8cc2d88d7dae08a3f088a0e4159d5214c27a6571a51eb4,false,,false,false,
PAIR00018:BASE,PAIR00018,GW230601_224134,BASE,48,56,Priors,NAMED,gr-time-prior,gr-time-prior,grtimeprior,=,1,6b86b273ff34fce19d6b804eff5a3f5747ada4eaa22f1d49c01e52ddb7875b4b,false,,false,false,
PAIR00018:BASE,PAIR00018,GW230601_224134,BASE,49,57,Priors,NAMED,mf-time-prior,mf-time-prior,mftimeprior,=,17,28a002d2d87e7909e796614587efa7f16eba3849f037bef0a76b59d02e4edc0f,false,,false,false,
PAIR00018:BASE,PAIR00018,GW230601_224134,BASE,50,58,Priors,NAMED,t-min,t-min,tmin,=,2,4a44dc15364204a80fe80e9039455cc1608281820fe2b24f1e5233ade6af1dd5,false,,false,false,
PAIR00018:BASE,PAIR00018,GW230601_224134,BASE,51,59,Priors,NAMED,t-max,t-max,tmax,=,2,39fa9ec190eee7b6f4dff1100d6343e10918d044c75eac8f9e9a2596173f80c9,false,,false,false,
PAIR00018:BASE,PAIR00018,GW230601_224134,BASE,52,60,Priors,NAMED,fix-t,fix-t,fixt,=,8,2e0549c56e69db4a8a15c8a999c242f6c791cec147e2fe1a1cd33afcd1fc56e6,false,,false,false,
PAIR00018:BASE,PAIR00018,GW230601_224134,BASE,53,61,Priors,NAMED,fix-ra,fix-ra,fixra,=,18,2e6be608dab55c2bdb7e0d2d01b7c45cec51dec2b853fbec66b3ccae749363c0,false,,false,false,
PAIR00018:BASE,PAIR00018,GW230601_224134,BASE,54,62,Priors,NAMED,fix-dec,fix-dec,fixdec,=,19,a3cc91ade94c4dbe778e413b7b400bc5e5cf61c7d3861f25d34fb2be069072ff,false,,false,false,
PAIR00018:BASE,PAIR00018,GW230601_224134,BASE,55,63,Priors,NAMED,fix-phi,fix-phi,fixphi,=,3,8aed642bf5118b9d3c859bd4be35ecac75b6e873cce34e7b6f554b06f75550d7,false,,false,false,
PAIR00018:VARIANT,PAIR00018,GW230601_224134,VARIANT,1,3,input,NAMED,run-type,run-type,runtype,=,4,a18b869b2e81c0c529552a3c4fa5c92ed08b98a4e146aed778d71d27517f83ac,false,,false,false,
PAIR00018:VARIANT,PAIR00018,GW230601_224134,VARIANT,2,4,input,NAMED,sampling-rate,sampling-rate,samplingrate,=,6,e75c3d41e5235b3b2911777152402ad9c9747a12e0021fab801d0fcc1580d076,false,,false,false,
PAIR00018:VARIANT,PAIR00018,GW230601_224134,VARIANT,3,5,input,NAMED,f-min-bp,f-min-bp,fminbp,=,5,5950c0d6837453eddd01f6a96c158f8dc87139e8a6327b2dd07262d2cbb5885f,false,,false,false,
PAIR00018:VARIANT,PAIR00018,GW230601_224134,VARIANT,4,6,input,NAMED,f-max-bp,f-max-bp,fmaxbp,=,6,fddd30227ad776813b0af144db3610e985b228ba22f365f0132a4b270de7694a,false,,false,false,
PAIR00018:VARIANT,PAIR00018,GW230601_224134,VARIANT,5,7,input,NAMED,output,output,output,=,24,5b2355648694a4527af201b5c1f2cd274e0a3a2fdfb0ad962b6a73a04a0b283b,false,,false,false,
PAIR00018:VARIANT,PAIR00018,GW230601_224134,VARIANT,6,8,input,NAMED,download-data,download-data,downloaddata,=,1,6b86b273ff34fce19d6b804eff5a3f5747ada4eaa22f1d49c01e52ddb7875b4b,false,,false,false,
PAIR00018:VARIANT,PAIR00018,GW230601_224134,VARIANT,7,9,input,NAMED,datalen-download,datalen-download,datalendownload,=,4,f81b732a59389bd6838affaf36f9a3b6d9fe736b4e99f146571a5b1b935283e9,false,,false,false,
PAIR00018:VARIANT,PAIR00018,GW230601_224134,VARIANT,8,10,input,NAMED,channel-H1,channel-h1,channelh1,=,28,19a08d2e9b9f86ab015dfa721d16ffb749bff3c1b6cc9bc57e498d8021581df9,false,,false,false,
PAIR00018:VARIANT,PAIR00018,GW230601_224134,VARIANT,9,11,input,NAMED,channel-L1,channel-l1,channell1,=,28,fcede5f51dc717380e3072435c419d9ca94c127e7d1737dc870bc534d794b981,false,,false,false,
PAIR00018:VARIANT,PAIR00018,GW230601_224134,VARIANT,10,12,input,NAMED,channel-V1,channel-v1,channelv1,=,0,e3b0c44298fc1c149afbf4c8996fb92427ae41e4649b934ca495991b7852b855,false,,false,false,
PAIR00018:VARIANT,PAIR00018,GW230601_224134,VARIANT,11,13,input,NAMED,data-H1,data-h1,datah1,=,0,e3b0c44298fc1c149afbf4c8996fb92427ae41e4649b934ca495991b7852b855,false,,false,false,
PAIR00018:VARIANT,PAIR00018,GW230601_224134,VARIANT,12,14,input,NAMED,data-L1,data-l1,datal1,=,0,e3b0c44298fc1c149afbf4c8996fb92427ae41e4649b934ca495991b7852b855,false,,false,false,
PAIR00018:VARIANT,PAIR00018,GW230601_224134,VARIANT,13,15,input,NAMED,data-V1,data-v1,datav1,=,0,e3b0c44298fc1c149afbf4c8996fb92427ae41e4649b934ca495991b7852b855,false,,false,false,
PAIR00018:VARIANT,PAIR00018,GW230601_224134,VARIANT,14,16,input,NAMED,ignore-data-filename,ignore-data-filename,ignoredatafilename,=,1,5feceb66ffc86f38d952786c6d696c79c2dbc239dd4e91b46729d73a27fb57e9,false,,false,false,
PAIR00018:VARIANT,PAIR00018,GW230601_224134,VARIANT,15,17,input,NAMED,gw-data-find,gw-data-find,gwdatafind,=,1,5feceb66ffc86f38d952786c6d696c79c2dbc239dd4e91b46729d73a27fb57e9,false,,false,false,
PAIR00018:VARIANT,PAIR00018,GW230601_224134,VARIANT,16,18,input,NAMED,gw-data-type-H1,gw-data-type-h1,gwdatatypeh1,=,0,e3b0c44298fc1c149afbf4c8996fb92427ae41e4649b934ca495991b7852b855,false,,false,false,
PAIR00018:VARIANT,PAIR00018,GW230601_224134,VARIANT,17,19,input,NAMED,gw-data-type-L1,gw-data-type-l1,gwdatatypel1,=,0,e3b0c44298fc1c149afbf4c8996fb92427ae41e4649b934ca495991b7852b855,false,,false,false,
PAIR00018:VARIANT,PAIR00018,GW230601_224134,VARIANT,18,20,input,NAMED,gw-data-type-V1,gw-data-type-v1,gwdatatypev1,=,0,e3b0c44298fc1c149afbf4c8996fb92427ae41e4649b934ca495991b7852b855,false,,false,false,
PAIR00018:VARIANT,PAIR00018,GW230601_224134,VARIANT,19,21,input,NAMED,ref-det,ref-det,refdet,=,2,8bf797aa02bd65b7cbd52155f6e010be77bb3d461320dac4c74c12d749d81066,false,,false,false,
PAIR00018:VARIANT,PAIR00018,GW230601_224134,VARIANT,20,22,input,NAMED,trigtime,trigtime,trigtime,=,18,b0c2a46bfeab18604653670c337feb6ead5573f197db27f9fd88e9b64257db7a,false,,false,false,
PAIR00018:VARIANT,PAIR00018,GW230601_224134,VARIANT,21,23,input,NAMED,detectors,detectors,detectors,=,5,3b0244de8d58e5217d2f9d33788bf9ff487c7cf82068b932f86e382eefc8bcfe,false,,false,false,
PAIR00018:VARIANT,PAIR00018,GW230601_224134,VARIANT,22,24,input,NAMED,window-onsource,window-onsource,windowonsource,=,1,5feceb66ffc86f38d952786c6d696c79c2dbc239dd4e91b46729d73a27fb57e9,false,,false,false,
PAIR00018:VARIANT,PAIR00018,GW230601_224134,VARIANT,23,25,input,NAMED,noise-chunksize,noise-chunksize,noisechunksize,=,3,fbd04e1aae9ce0b11a8946e2c9ac2619f7428a64d32d01eff61d809dcb70ee8e,false,,false,false,
PAIR00018:VARIANT,PAIR00018,GW230601_224134,VARIANT,24,26,input,NAMED,signal-chunksize,signal-chunksize,signalchunksize,=,3,fbd04e1aae9ce0b11a8946e2c9ac2619f7428a64d32d01eff61d809dcb70ee8e,false,,false,false,
PAIR00018:VARIANT,PAIR00018,GW230601_224134,VARIANT,25,27,input,NAMED,amp-non-prec-sym,amp-non-prec-sym,ampnonprecsym,=,1,6b86b273ff34fce19d6b804eff5a3f5747ada4eaa22f1d49c01e52ddb7875b4b,false,,false,false,
PAIR00018:VARIANT,PAIR00018,GW230601_224134,VARIANT,26,28,input,NAMED,max-Kerr-amp-ratio,max-kerr-amp-ratio,maxkerrampratio,=,3,8aed642bf5118b9d3c859bd4be35ecac75b6e873cce34e7b6f554b06f75550d7,true,TARGET_LIKE_CANDIDATE,true,false,0.0
PAIR00018:VARIANT,PAIR00018,GW230601_224134,VARIANT,27,29,input,NAMED,kerr-modes,kerr-modes,kerrmodes,=,22,d76bcdaa27e2c6e0458335e2d2acf20b81b192774ebb101c8e7d3bbe0d8ef667,true,KERR_MODES,true,false,"[(2,2,2,0), (2,3,3,0)]"
PAIR00018:VARIANT,PAIR00018,GW230601_224134,VARIANT,28,30,input,NAMED,spheroidal,spheroidal,spheroidal,=,1,5feceb66ffc86f38d952786c6d696c79c2dbc239dd4e91b46729d73a27fb57e9,false,,false,false,
PAIR00018:VARIANT,PAIR00018,GW230601_224134,VARIANT,29,31,input,NAMED,reference-amplitude,reference-amplitude,referenceamplitude,=,5,64a930966aa1b51c0cc3f0747e943493b4dd46e75f7aba72f837f9adfa7d8c3d,false,,false,false,
PAIR00018:VARIANT,PAIR00018,GW230601_224134,VARIANT,30,32,input,NAMED,psd-H1,psd-h1,psdh1,=,0,e3b0c44298fc1c149afbf4c8996fb92427ae41e4649b934ca495991b7852b855,false,,false,false,
PAIR00018:VARIANT,PAIR00018,GW230601_224134,VARIANT,31,33,input,NAMED,psd-L1,psd-l1,psdl1,=,0,e3b0c44298fc1c149afbf4c8996fb92427ae41e4649b934ca495991b7852b855,false,,false,false,
PAIR00018:VARIANT,PAIR00018,GW230601_224134,VARIANT,32,34,input,NAMED,psd-V1,psd-v1,psdv1,=,0,e3b0c44298fc1c149afbf4c8996fb92427ae41e4649b934ca495991b7852b855,false,,false,false,
PAIR00018:VARIANT,PAIR00018,GW230601_224134,VARIANT,33,35,input,NAMED,injection-T,injection-t,injectiont,=,1,5feceb66ffc86f38d952786c6d696c79c2dbc239dd4e91b46729d73a27fb57e9,false,,false,false,
PAIR00018:VARIANT,PAIR00018,GW230601_224134,VARIANT,34,36,input,NAMED,injection-scaling,injection-scaling,injectionscaling,=,3,d0ff5974b6aa52cf562bea5921840c032a860a91a3512f7fe8f768f6bbe005f6,false,,false,false,
PAIR00018:VARIANT,PAIR00018,GW230601_224134,VARIANT,35,37,input,NAMED,gaussian-noise,gaussian-noise,gaussiannoise,=,0,e3b0c44298fc1c149afbf4c8996fb92427ae41e4649b934ca495991b7852b855,false,,false,false,
PAIR00018:VARIANT,PAIR00018,GW230601_224134,VARIANT,36,38,input,NAMED,injection-approximant,injection-approximant,injectionapproximant,=,0,e3b0c44298fc1c149afbf4c8996fb92427ae41e4649b934ca495991b7852b855,false,,false,false,
PAIR00018:VARIANT,PAIR00018,GW230601_224134,VARIANT,37,39,input,NAMED,zero-noise,zero-noise,zeronoise,=,1,5feceb66ffc86f38d952786c6d696c79c2dbc239dd4e91b46729d73a27fb57e9,false,,false,false,
PAIR00018:VARIANT,PAIR00018,GW230601_224134,VARIANT,38,40,input,NAMED,sky-frame,sky-frame,skyframe,=,10,5df6b59dfafca1111fa87f6072971ed8f4719d44cfe95bd6a7490e0e7010579d,false,,false,false,
PAIR00018:VARIANT,PAIR00018,GW230601_224134,VARIANT,39,41,input,NAMED,truncate,truncate,truncate,=,1,6b86b273ff34fce19d6b804eff5a3f5747ada4eaa22f1d49c01e52ddb7875b4b,false,,false,false,
PAIR00018:VARIANT,PAIR00018,GW230601_224134,VARIANT,40,42,input,NAMED,analysis-duration,analysis-duration,analysisduration,=,3,44896b09365746b5f7167ee4d64988a38f7f4628803cbf86224e74eeb7c69e9d,false,,false,false,
PAIR00018:VARIANT,PAIR00018,GW230601_224134,VARIANT,41,43,input,NAMED,run-tag,run-tag,runtag,=,6,b80f6b485bcb2eb62c8837dc0584594ad24fdae1debd0342debf7e038d14c866,false,,false,false,
PAIR00018:VARIANT,PAIR00018,GW230601_224134,VARIANT,42,47,Sampler settings,NAMED,nlive,nlive,nlive,=,4,8b926d75599a618e21f1341318e66517be26e18cc7496783d2b59758c1333be8,false,,false,false,
PAIR00018:VARIANT,PAIR00018,GW230601_224134,VARIANT,43,48,Sampler settings,NAMED,poolsize,poolsize,poolsize,=,3,ad57366865126e55649ecb23ae1d48887544976efea46a48eb5d85a6eeb4d306,false,,false,false,
PAIR00018:VARIANT,PAIR00018,GW230601_224134,VARIANT,44,49,Sampler settings,NAMED,maxmcmc,maxmcmc,maxmcmc,=,4,8b926d75599a618e21f1341318e66517be26e18cc7496783d2b59758c1333be8,false,,false,false,
PAIR00018:VARIANT,PAIR00018,GW230601_224134,VARIANT,45,50,Sampler settings,NAMED,nthreads,nthreads,nthreads,=,1,6b86b273ff34fce19d6b804eff5a3f5747ada4eaa22f1d49c01e52ddb7875b4b,false,,false,false,
PAIR00018:VARIANT,PAIR00018,GW230601_224134,VARIANT,46,51,Sampler settings,NAMED,verbose,verbose,verbose,=,1,d4735e3a265e16eee03f59718b9b5d03019c07d8b6c51f90da3a666eec13ab35,false,,false,false,
PAIR00018:VARIANT,PAIR00018,GW230601_224134,VARIANT,47,52,Sampler settings,NAMED,seed,seed,seed,=,4,7b346904f63cc07f1d8cc2d88d7dae08a3f088a0e4159d5214c27a6571a51eb4,false,,false,false,
PAIR00018:VARIANT,PAIR00018,GW230601_224134,VARIANT,48,56,Priors,NAMED,gr-time-prior,gr-time-prior,grtimeprior,=,1,6b86b273ff34fce19d6b804eff5a3f5747ada4eaa22f1d49c01e52ddb7875b4b,false,,false,false,
PAIR00018:VARIANT,PAIR00018,GW230601_224134,VARIANT,49,57,Priors,NAMED,mf-time-prior,mf-time-prior,mftimeprior,=,17,28a002d2d87e7909e796614587efa7f16eba3849f037bef0a76b59d02e4edc0f,false,,false,false,
PAIR00018:VARIANT,PAIR00018,GW230601_224134,VARIANT,50,58,Priors,NAMED,t-min,t-min,tmin,=,2,4a44dc15364204a80fe80e9039455cc1608281820fe2b24f1e5233ade6af1dd5,false,,false,false,
PAIR00018:VARIANT,PAIR00018,GW230601_224134,VARIANT,51,59,Priors,NAMED,t-max,t-max,tmax,=,2,39fa9ec190eee7b6f4dff1100d6343e10918d044c75eac8f9e9a2596173f80c9,false,,false,false,
PAIR00018:VARIANT,PAIR00018,GW230601_224134,VARIANT,52,60,Priors,NAMED,fix-t,fix-t,fixt,=,8,2e0549c56e69db4a8a15c8a999c242f6c791cec147e2fe1a1cd33afcd1fc56e6,false,,false,false,
PAIR00018:VARIANT,PAIR00018,GW230601_224134,VARIANT,53,61,Priors,NAMED,fix-ra,fix-ra,fixra,=,18,2e6be608dab55c2bdb7e0d2d01b7c45cec51dec2b853fbec66b3ccae749363c0,false,,false,false,
PAIR00018:VARIANT,PAIR00018,GW230601_224134,VARIANT,54,62,Priors,NAMED,fix-dec,fix-dec,fixdec,=,19,a3cc91ade94c4dbe778e413b7b400bc5e5cf61c7d3861f25d34fb2be069072ff,false,,false,false,
PAIR00018:VARIANT,PAIR00018,GW230601_224134,VARIANT,55,63,Priors,NAMED,fix-phi,fix-phi,fixphi,=,3,8aed642bf5118b9d3c859bd4be35ecac75b6e873cce34e7b6f554b06f75550d7,false,,false,false,
PAIR00063:BASE,PAIR00063,GW230609_064958,BASE,1,3,input,NAMED,run-type,run-type,runtype,=,4,a18b869b2e81c0c529552a3c4fa5c92ed08b98a4e146aed778d71d27517f83ac,false,,false,false,
PAIR00063:BASE,PAIR00063,GW230609_064958,BASE,2,4,input,NAMED,sampling-rate,sampling-rate,samplingrate,=,6,e75c3d41e5235b3b2911777152402ad9c9747a12e0021fab801d0fcc1580d076,false,,false,false,
PAIR00063:BASE,PAIR00063,GW230609_064958,BASE,3,5,input,NAMED,f-min-bp,f-min-bp,fminbp,=,4,585348dbd28810f9a34f57be46f000c5f9effab894d074713d93fe7ccfeb3b76,false,,false,false,
PAIR00063:BASE,PAIR00063,GW230609_064958,BASE,4,6,input,NAMED,f-max-bp,f-max-bp,fmaxbp,=,6,fddd30227ad776813b0af144db3610e985b228ba22f365f0132a4b270de7694a,false,,false,false,
PAIR00063:BASE,PAIR00063,GW230609_064958,BASE,5,7,input,NAMED,output,output,output,=,24,5b2355648694a4527af201b5c1f2cd274e0a3a2fdfb0ad962b6a73a04a0b283b,false,,false,false,
PAIR00063:BASE,PAIR00063,GW230609_064958,BASE,6,8,input,NAMED,download-data,download-data,downloaddata,=,1,6b86b273ff34fce19d6b804eff5a3f5747ada4eaa22f1d49c01e52ddb7875b4b,false,,false,false,
PAIR00063:BASE,PAIR00063,GW230609_064958,BASE,7,9,input,NAMED,datalen-download,datalen-download,datalendownload,=,4,f81b732a59389bd6838affaf36f9a3b6d9fe736b4e99f146571a5b1b935283e9,false,,false,false,
PAIR00063:BASE,PAIR00063,GW230609_064958,BASE,8,10,input,NAMED,channel-H1,channel-h1,channelh1,=,28,19a08d2e9b9f86ab015dfa721d16ffb749bff3c1b6cc9bc57e498d8021581df9,false,,false,false,
PAIR00063:BASE,PAIR00063,GW230609_064958,BASE,9,11,input,NAMED,channel-L1,channel-l1,channell1,=,28,fcede5f51dc717380e3072435c419d9ca94c127e7d1737dc870bc534d794b981,false,,false,false,
PAIR00063:BASE,PAIR00063,GW230609_064958,BASE,10,12,input,NAMED,channel-V1,channel-v1,channelv1,=,0,e3b0c44298fc1c149afbf4c8996fb92427ae41e4649b934ca495991b7852b855,false,,false,false,
PAIR00063:BASE,PAIR00063,GW230609_064958,BASE,11,13,input,NAMED,data-H1,data-h1,datah1,=,0,e3b0c44298fc1c149afbf4c8996fb92427ae41e4649b934ca495991b7852b855,false,,false,false,
PAIR00063:BASE,PAIR00063,GW230609_064958,BASE,12,14,input,NAMED,data-L1,data-l1,datal1,=,0,e3b0c44298fc1c149afbf4c8996fb92427ae41e4649b934ca495991b7852b855,false,,false,false,
PAIR00063:BASE,PAIR00063,GW230609_064958,BASE,13,15,input,NAMED,data-V1,data-v1,datav1,=,0,e3b0c44298fc1c149afbf4c8996fb92427ae41e4649b934ca495991b7852b855,false,,false,false,
PAIR00063:BASE,PAIR00063,GW230609_064958,BASE,14,16,input,NAMED,ignore-data-filename,ignore-data-filename,ignoredatafilename,=,1,5feceb66ffc86f38d952786c6d696c79c2dbc239dd4e91b46729d73a27fb57e9,false,,false,false,
PAIR00063:BASE,PAIR00063,GW230609_064958,BASE,15,17,input,NAMED,gw-data-find,gw-data-find,gwdatafind,=,1,5feceb66ffc86f38d952786c6d696c79c2dbc239dd4e91b46729d73a27fb57e9,false,,false,false,
PAIR00063:BASE,PAIR00063,GW230609_064958,BASE,16,18,input,NAMED,gw-data-type-H1,gw-data-type-h1,gwdatatypeh1,=,0,e3b0c44298fc1c149afbf4c8996fb92427ae41e4649b934ca495991b7852b855,false,,false,false,
PAIR00063:BASE,PAIR00063,GW230609_064958,BASE,17,19,input,NAMED,gw-data-type-L1,gw-data-type-l1,gwdatatypel1,=,0,e3b0c44298fc1c149afbf4c8996fb92427ae41e4649b934ca495991b7852b855,false,,false,false,
PAIR00063:BASE,PAIR00063,GW230609_064958,BASE,18,20,input,NAMED,gw-data-type-V1,gw-data-type-v1,gwdatatypev1,=,0,e3b0c44298fc1c149afbf4c8996fb92427ae41e4649b934ca495991b7852b855,false,,false,false,
PAIR00063:BASE,PAIR00063,GW230609_064958,BASE,19,21,input,NAMED,ref-det,ref-det,refdet,=,2,8bf797aa02bd65b7cbd52155f6e010be77bb3d461320dac4c74c12d749d81066,false,,false,false,
PAIR00063:BASE,PAIR00063,GW230609_064958,BASE,20,22,input,NAMED,trigtime,trigtime,trigtime,=,18,48492e229a83cd9de8243a51bf550cfc068c10ad3a891503598c53e505cdc506,false,,false,false,
PAIR00063:BASE,PAIR00063,GW230609_064958,BASE,21,23,input,NAMED,detectors,detectors,detectors,=,5,3b0244de8d58e5217d2f9d33788bf9ff487c7cf82068b932f86e382eefc8bcfe,false,,false,false,
PAIR00063:BASE,PAIR00063,GW230609_064958,BASE,22,24,input,NAMED,window-onsource,window-onsource,windowonsource,=,1,5feceb66ffc86f38d952786c6d696c79c2dbc239dd4e91b46729d73a27fb57e9,false,,false,false,
PAIR00063:BASE,PAIR00063,GW230609_064958,BASE,23,25,input,NAMED,noise-chunksize,noise-chunksize,noisechunksize,=,3,fbd04e1aae9ce0b11a8946e2c9ac2619f7428a64d32d01eff61d809dcb70ee8e,false,,false,false,
PAIR00063:BASE,PAIR00063,GW230609_064958,BASE,24,26,input,NAMED,signal-chunksize,signal-chunksize,signalchunksize,=,3,fbd04e1aae9ce0b11a8946e2c9ac2619f7428a64d32d01eff61d809dcb70ee8e,false,,false,false,
PAIR00063:BASE,PAIR00063,GW230609_064958,BASE,25,27,input,NAMED,amp-non-prec-sym,amp-non-prec-sym,ampnonprecsym,=,1,6b86b273ff34fce19d6b804eff5a3f5747ada4eaa22f1d49c01e52ddb7875b4b,false,,false,false,
PAIR00063:BASE,PAIR00063,GW230609_064958,BASE,26,28,input,NAMED,max-Kerr-amp-ratio,max-kerr-amp-ratio,maxkerrampratio,=,3,8aed642bf5118b9d3c859bd4be35ecac75b6e873cce34e7b6f554b06f75550d7,true,TARGET_LIKE_CANDIDATE,true,false,0.0
PAIR00063:BASE,PAIR00063,GW230609_064958,BASE,27,29,input,NAMED,kerr-modes,kerr-modes,kerrmodes,=,11,918b8617dd99e65be623b6a29009ed5cc07e2badeba955417690d4002c8f430b,true,KERR_MODES,true,false,"[(2,2,2,0)]"
PAIR00063:BASE,PAIR00063,GW230609_064958,BASE,28,30,input,NAMED,spheroidal,spheroidal,spheroidal,=,1,5feceb66ffc86f38d952786c6d696c79c2dbc239dd4e91b46729d73a27fb57e9,false,,false,false,
PAIR00063:BASE,PAIR00063,GW230609_064958,BASE,29,31,input,NAMED,reference-amplitude,reference-amplitude,referenceamplitude,=,5,64a930966aa1b51c0cc3f0747e943493b4dd46e75f7aba72f837f9adfa7d8c3d,false,,false,false,
PAIR00063:BASE,PAIR00063,GW230609_064958,BASE,30,32,input,NAMED,psd-H1,psd-h1,psdh1,=,0,e3b0c44298fc1c149afbf4c8996fb92427ae41e4649b934ca495991b7852b855,false,,false,false,
PAIR00063:BASE,PAIR00063,GW230609_064958,BASE,31,33,input,NAMED,psd-L1,psd-l1,psdl1,=,0,e3b0c44298fc1c149afbf4c8996fb92427ae41e4649b934ca495991b7852b855,false,,false,false,
PAIR00063:BASE,PAIR00063,GW230609_064958,BASE,32,34,input,NAMED,psd-V1,psd-v1,psdv1,=,0,e3b0c44298fc1c149afbf4c8996fb92427ae41e4649b934ca495991b7852b855,false,,false,false,
PAIR00063:BASE,PAIR00063,GW230609_064958,BASE,33,35,input,NAMED,injection-T,injection-t,injectiont,=,1,5feceb66ffc86f38d952786c6d696c79c2dbc239dd4e91b46729d73a27fb57e9,false,,false,false,
PAIR00063:BASE,PAIR00063,GW230609_064958,BASE,34,36,input,NAMED,injection-scaling,injection-scaling,injectionscaling,=,3,d0ff5974b6aa52cf562bea5921840c032a860a91a3512f7fe8f768f6bbe005f6,false,,false,false,
PAIR00063:BASE,PAIR00063,GW230609_064958,BASE,35,37,input,NAMED,gaussian-noise,gaussian-noise,gaussiannoise,=,0,e3b0c44298fc1c149afbf4c8996fb92427ae41e4649b934ca495991b7852b855,false,,false,false,
PAIR00063:BASE,PAIR00063,GW230609_064958,BASE,36,38,input,NAMED,injection-approximant,injection-approximant,injectionapproximant,=,0,e3b0c44298fc1c149afbf4c8996fb92427ae41e4649b934ca495991b7852b855,false,,false,false,
PAIR00063:BASE,PAIR00063,GW230609_064958,BASE,37,39,input,NAMED,zero-noise,zero-noise,zeronoise,=,1,5feceb66ffc86f38d952786c6d696c79c2dbc239dd4e91b46729d73a27fb57e9,false,,false,false,
PAIR00063:BASE,PAIR00063,GW230609_064958,BASE,38,40,input,NAMED,sky-frame,sky-frame,skyframe,=,10,5df6b59dfafca1111fa87f6072971ed8f4719d44cfe95bd6a7490e0e7010579d,false,,false,false,
PAIR00063:BASE,PAIR00063,GW230609_064958,BASE,39,41,input,NAMED,truncate,truncate,truncate,=,1,6b86b273ff34fce19d6b804eff5a3f5747ada4eaa22f1d49c01e52ddb7875b4b,false,,false,false,
PAIR00063:BASE,PAIR00063,GW230609_064958,BASE,40,42,input,NAMED,analysis-duration,analysis-duration,analysisduration,=,3,44896b09365746b5f7167ee4d64988a38f7f4628803cbf86224e74eeb7c69e9d,false,,false,false,
PAIR00063:BASE,PAIR00063,GW230609_064958,BASE,41,43,input,NAMED,run-tag,run-tag,runtag,=,6,36b8f014212bf467561240293cc6cb63f8f85362f0f99bd1dbdfd544797e5a43,false,,false,false,
PAIR00063:BASE,PAIR00063,GW230609_064958,BASE,42,47,Sampler settings,NAMED,nlive,nlive,nlive,=,4,8b926d75599a618e21f1341318e66517be26e18cc7496783d2b59758c1333be8,false,,false,false,
PAIR00063:BASE,PAIR00063,GW230609_064958,BASE,43,48,Sampler settings,NAMED,poolsize,poolsize,poolsize,=,3,ad57366865126e55649ecb23ae1d48887544976efea46a48eb5d85a6eeb4d306,false,,false,false,
PAIR00063:BASE,PAIR00063,GW230609_064958,BASE,44,49,Sampler settings,NAMED,maxmcmc,maxmcmc,maxmcmc,=,4,8b926d75599a618e21f1341318e66517be26e18cc7496783d2b59758c1333be8,false,,false,false,
PAIR00063:BASE,PAIR00063,GW230609_064958,BASE,45,50,Sampler settings,NAMED,nthreads,nthreads,nthreads,=,1,6b86b273ff34fce19d6b804eff5a3f5747ada4eaa22f1d49c01e52ddb7875b4b,false,,false,false,
PAIR00063:BASE,PAIR00063,GW230609_064958,BASE,46,51,Sampler settings,NAMED,verbose,verbose,verbose,=,1,d4735e3a265e16eee03f59718b9b5d03019c07d8b6c51f90da3a666eec13ab35,false,,false,false,
PAIR00063:BASE,PAIR00063,GW230609_064958,BASE,47,52,Sampler settings,NAMED,seed,seed,seed,=,4,7b346904f63cc07f1d8cc2d88d7dae08a3f088a0e4159d5214c27a6571a51eb4,false,,false,false,
PAIR00063:BASE,PAIR00063,GW230609_064958,BASE,48,56,Priors,NAMED,gr-time-prior,gr-time-prior,grtimeprior,=,1,6b86b273ff34fce19d6b804eff5a3f5747ada4eaa22f1d49c01e52ddb7875b4b,false,,false,false,
PAIR00063:BASE,PAIR00063,GW230609_064958,BASE,49,57,Priors,NAMED,mf-time-prior,mf-time-prior,mftimeprior,=,17,f9768477c23c703b7303ce3252590c775c1ca956425cc245c853be5894af286c,false,,false,false,
PAIR00063:BASE,PAIR00063,GW230609_064958,BASE,50,58,Priors,NAMED,t-min,t-min,tmin,=,2,4a44dc15364204a80fe80e9039455cc1608281820fe2b24f1e5233ade6af1dd5,false,,false,false,
PAIR00063:BASE,PAIR00063,GW230609_064958,BASE,51,59,Priors,NAMED,t-max,t-max,tmax,=,2,39fa9ec190eee7b6f4dff1100d6343e10918d044c75eac8f9e9a2596173f80c9,false,,false,false,
PAIR00063:BASE,PAIR00063,GW230609_064958,BASE,52,60,Priors,NAMED,fix-t,fix-t,fixt,=,8,6d0971e560c5c0be5515b6ee91b6549ec8ec1b45230c745a7e29aae14954b359,false,,false,false,
PAIR00063:BASE,PAIR00063,GW230609_064958,BASE,53,61,Priors,NAMED,fix-ra,fix-ra,fixra,=,17,0b725366d6be8907f8bcd578ae92f3132df08c8c840545142fb5515caf3bccba,false,,false,false,
PAIR00063:BASE,PAIR00063,GW230609_064958,BASE,54,62,Priors,NAMED,fix-dec,fix-dec,fixdec,=,19,57cdbb90ee5b76f29086fb5f99b7ae0584ffb7867c1cf8f9ef292f6051e6715f,false,,false,false,
PAIR00063:BASE,PAIR00063,GW230609_064958,BASE,55,63,Priors,NAMED,fix-phi,fix-phi,fixphi,=,3,8aed642bf5118b9d3c859bd4be35ecac75b6e873cce34e7b6f554b06f75550d7,false,,false,false,
PAIR00063:VARIANT,PAIR00063,GW230609_064958,VARIANT,1,3,input,NAMED,run-type,run-type,runtype,=,4,a18b869b2e81c0c529552a3c4fa5c92ed08b98a4e146aed778d71d27517f83ac,false,,false,false,
PAIR00063:VARIANT,PAIR00063,GW230609_064958,VARIANT,2,4,input,NAMED,sampling-rate,sampling-rate,samplingrate,=,6,e75c3d41e5235b3b2911777152402ad9c9747a12e0021fab801d0fcc1580d076,false,,false,false,
PAIR00063:VARIANT,PAIR00063,GW230609_064958,VARIANT,3,5,input,NAMED,f-min-bp,f-min-bp,fminbp,=,4,585348dbd28810f9a34f57be46f000c5f9effab894d074713d93fe7ccfeb3b76,false,,false,false,
PAIR00063:VARIANT,PAIR00063,GW230609_064958,VARIANT,4,6,input,NAMED,f-max-bp,f-max-bp,fmaxbp,=,6,fddd30227ad776813b0af144db3610e985b228ba22f365f0132a4b270de7694a,false,,false,false,
PAIR00063:VARIANT,PAIR00063,GW230609_064958,VARIANT,5,7,input,NAMED,output,output,output,=,24,5b2355648694a4527af201b5c1f2cd274e0a3a2fdfb0ad962b6a73a04a0b283b,false,,false,false,
PAIR00063:VARIANT,PAIR00063,GW230609_064958,VARIANT,6,8,input,NAMED,download-data,download-data,downloaddata,=,1,6b86b273ff34fce19d6b804eff5a3f5747ada4eaa22f1d49c01e52ddb7875b4b,false,,false,false,
PAIR00063:VARIANT,PAIR00063,GW230609_064958,VARIANT,7,9,input,NAMED,datalen-download,datalen-download,datalendownload,=,4,f81b732a59389bd6838affaf36f9a3b6d9fe736b4e99f146571a5b1b935283e9,false,,false,false,
PAIR00063:VARIANT,PAIR00063,GW230609_064958,VARIANT,8,10,input,NAMED,channel-H1,channel-h1,channelh1,=,28,19a08d2e9b9f86ab015dfa721d16ffb749bff3c1b6cc9bc57e498d8021581df9,false,,false,false,
PAIR00063:VARIANT,PAIR00063,GW230609_064958,VARIANT,9,11,input,NAMED,channel-L1,channel-l1,channell1,=,28,fcede5f51dc717380e3072435c419d9ca94c127e7d1737dc870bc534d794b981,false,,false,false,
PAIR00063:VARIANT,PAIR00063,GW230609_064958,VARIANT,10,12,input,NAMED,channel-V1,channel-v1,channelv1,=,0,e3b0c44298fc1c149afbf4c8996fb92427ae41e4649b934ca495991b7852b855,false,,false,false,
PAIR00063:VARIANT,PAIR00063,GW230609_064958,VARIANT,11,13,input,NAMED,data-H1,data-h1,datah1,=,0,e3b0c44298fc1c149afbf4c8996fb92427ae41e4649b934ca495991b7852b855,false,,false,false,
PAIR00063:VARIANT,PAIR00063,GW230609_064958,VARIANT,12,14,input,NAMED,data-L1,data-l1,datal1,=,0,e3b0c44298fc1c149afbf4c8996fb92427ae41e4649b934ca495991b7852b855,false,,false,false,
PAIR00063:VARIANT,PAIR00063,GW230609_064958,VARIANT,13,15,input,NAMED,data-V1,data-v1,datav1,=,0,e3b0c44298fc1c149afbf4c8996fb92427ae41e4649b934ca495991b7852b855,false,,false,false,
PAIR00063:VARIANT,PAIR00063,GW230609_064958,VARIANT,14,16,input,NAMED,ignore-data-filename,ignore-data-filename,ignoredatafilename,=,1,5feceb66ffc86f38d952786c6d696c79c2dbc239dd4e91b46729d73a27fb57e9,false,,false,false,
PAIR00063:VARIANT,PAIR00063,GW230609_064958,VARIANT,15,17,input,NAMED,gw-data-find,gw-data-find,gwdatafind,=,1,5feceb66ffc86f38d952786c6d696c79c2dbc239dd4e91b46729d73a27fb57e9,false,,false,false,
PAIR00063:VARIANT,PAIR00063,GW230609_064958,VARIANT,16,18,input,NAMED,gw-data-type-H1,gw-data-type-h1,gwdatatypeh1,=,0,e3b0c44298fc1c149afbf4c8996fb92427ae41e4649b934ca495991b7852b855,false,,false,false,
PAIR00063:VARIANT,PAIR00063,GW230609_064958,VARIANT,17,19,input,NAMED,gw-data-type-L1,gw-data-type-l1,gwdatatypel1,=,0,e3b0c44298fc1c149afbf4c8996fb92427ae41e4649b934ca495991b7852b855,false,,false,false,
PAIR00063:VARIANT,PAIR00063,GW230609_064958,VARIANT,18,20,input,NAMED,gw-data-type-V1,gw-data-type-v1,gwdatatypev1,=,0,e3b0c44298fc1c149afbf4c8996fb92427ae41e4649b934ca495991b7852b855,false,,false,false,
PAIR00063:VARIANT,PAIR00063,GW230609_064958,VARIANT,19,21,input,NAMED,ref-det,ref-det,refdet,=,2,8bf797aa02bd65b7cbd52155f6e010be77bb3d461320dac4c74c12d749d81066,false,,false,false,
PAIR00063:VARIANT,PAIR00063,GW230609_064958,VARIANT,20,22,input,NAMED,trigtime,trigtime,trigtime,=,18,48492e229a83cd9de8243a51bf550cfc068c10ad3a891503598c53e505cdc506,false,,false,false,
PAIR00063:VARIANT,PAIR00063,GW230609_064958,VARIANT,21,23,input,NAMED,detectors,detectors,detectors,=,5,3b0244de8d58e5217d2f9d33788bf9ff487c7cf82068b932f86e382eefc8bcfe,false,,false,false,
PAIR00063:VARIANT,PAIR00063,GW230609_064958,VARIANT,22,24,input,NAMED,window-onsource,window-onsource,windowonsource,=,1,5feceb66ffc86f38d952786c6d696c79c2dbc239dd4e91b46729d73a27fb57e9,false,,false,false,
PAIR00063:VARIANT,PAIR00063,GW230609_064958,VARIANT,23,25,input,NAMED,noise-chunksize,noise-chunksize,noisechunksize,=,3,fbd04e1aae9ce0b11a8946e2c9ac2619f7428a64d32d01eff61d809dcb70ee8e,false,,false,false,
PAIR00063:VARIANT,PAIR00063,GW230609_064958,VARIANT,24,26,input,NAMED,signal-chunksize,signal-chunksize,signalchunksize,=,3,fbd04e1aae9ce0b11a8946e2c9ac2619f7428a64d32d01eff61d809dcb70ee8e,false,,false,false,
PAIR00063:VARIANT,PAIR00063,GW230609_064958,VARIANT,25,27,input,NAMED,amp-non-prec-sym,amp-non-prec-sym,ampnonprecsym,=,1,6b86b273ff34fce19d6b804eff5a3f5747ada4eaa22f1d49c01e52ddb7875b4b,false,,false,false,
PAIR00063:VARIANT,PAIR00063,GW230609_064958,VARIANT,26,28,input,NAMED,max-Kerr-amp-ratio,max-kerr-amp-ratio,maxkerrampratio,=,3,8aed642bf5118b9d3c859bd4be35ecac75b6e873cce34e7b6f554b06f75550d7,true,TARGET_LIKE_CANDIDATE,true,false,0.0
PAIR00063:VARIANT,PAIR00063,GW230609_064958,VARIANT,27,29,input,NAMED,kerr-modes,kerr-modes,kerrmodes,=,22,bc200f256cf28b74cec3f8e364af97fbd24eb4ea100fb87bf554622a407e809f,true,KERR_MODES,true,false,"[(2,2,2,0), (2,2,2,1)]"
PAIR00063:VARIANT,PAIR00063,GW230609_064958,VARIANT,28,30,input,NAMED,spheroidal,spheroidal,spheroidal,=,1,5feceb66ffc86f38d952786c6d696c79c2dbc239dd4e91b46729d73a27fb57e9,false,,false,false,
PAIR00063:VARIANT,PAIR00063,GW230609_064958,VARIANT,29,31,input,NAMED,reference-amplitude,reference-amplitude,referenceamplitude,=,5,64a930966aa1b51c0cc3f0747e943493b4dd46e75f7aba72f837f9adfa7d8c3d,false,,false,false,
PAIR00063:VARIANT,PAIR00063,GW230609_064958,VARIANT,30,32,input,NAMED,psd-H1,psd-h1,psdh1,=,0,e3b0c44298fc1c149afbf4c8996fb92427ae41e4649b934ca495991b7852b855,false,,false,false,
PAIR00063:VARIANT,PAIR00063,GW230609_064958,VARIANT,31,33,input,NAMED,psd-L1,psd-l1,psdl1,=,0,e3b0c44298fc1c149afbf4c8996fb92427ae41e4649b934ca495991b7852b855,false,,false,false,
PAIR00063:VARIANT,PAIR00063,GW230609_064958,VARIANT,32,34,input,NAMED,psd-V1,psd-v1,psdv1,=,0,e3b0c44298fc1c149afbf4c8996fb92427ae41e4649b934ca495991b7852b855,false,,false,false,
PAIR00063:VARIANT,PAIR00063,GW230609_064958,VARIANT,33,35,input,NAMED,injection-T,injection-t,injectiont,=,1,5feceb66ffc86f38d952786c6d696c79c2dbc239dd4e91b46729d73a27fb57e9,false,,false,false,
PAIR00063:VARIANT,PAIR00063,GW230609_064958,VARIANT,34,36,input,NAMED,injection-scaling,injection-scaling,injectionscaling,=,3,d0ff5974b6aa52cf562bea5921840c032a860a91a3512f7fe8f768f6bbe005f6,false,,false,false,
PAIR00063:VARIANT,PAIR00063,GW230609_064958,VARIANT,35,37,input,NAMED,gaussian-noise,gaussian-noise,gaussiannoise,=,0,e3b0c44298fc1c149afbf4c8996fb92427ae41e4649b934ca495991b7852b855,false,,false,false,
PAIR00063:VARIANT,PAIR00063,GW230609_064958,VARIANT,36,38,input,NAMED,injection-approximant,injection-approximant,injectionapproximant,=,0,e3b0c44298fc1c149afbf4c8996fb92427ae41e4649b934ca495991b7852b855,false,,false,false,
PAIR00063:VARIANT,PAIR00063,GW230609_064958,VARIANT,37,39,input,NAMED,zero-noise,zero-noise,zeronoise,=,1,5feceb66ffc86f38d952786c6d696c79c2dbc239dd4e91b46729d73a27fb57e9,false,,false,false,
PAIR00063:VARIANT,PAIR00063,GW230609_064958,VARIANT,38,40,input,NAMED,sky-frame,sky-frame,skyframe,=,10,5df6b59dfafca1111fa87f6072971ed8f4719d44cfe95bd6a7490e0e7010579d,false,,false,false,
PAIR00063:VARIANT,PAIR00063,GW230609_064958,VARIANT,39,41,input,NAMED,truncate,truncate,truncate,=,1,6b86b273ff34fce19d6b804eff5a3f5747ada4eaa22f1d49c01e52ddb7875b4b,false,,false,false,
PAIR00063:VARIANT,PAIR00063,GW230609_064958,VARIANT,40,42,input,NAMED,analysis-duration,analysis-duration,analysisduration,=,3,44896b09365746b5f7167ee4d64988a38f7f4628803cbf86224e74eeb7c69e9d,false,,false,false,
PAIR00063:VARIANT,PAIR00063,GW230609_064958,VARIANT,41,43,input,NAMED,run-tag,run-tag,runtag,=,6,36b8f014212bf467561240293cc6cb63f8f85362f0f99bd1dbdfd544797e5a43,false,,false,false,
PAIR00063:VARIANT,PAIR00063,GW230609_064958,VARIANT,42,47,Sampler settings,NAMED,nlive,nlive,nlive,=,4,8b926d75599a618e21f1341318e66517be26e18cc7496783d2b59758c1333be8,false,,false,false,
PAIR00063:VARIANT,PAIR00063,GW230609_064958,VARIANT,43,48,Sampler settings,NAMED,poolsize,poolsize,poolsize,=,3,ad57366865126e55649ecb23ae1d48887544976efea46a48eb5d85a6eeb4d306,false,,false,false,
PAIR00063:VARIANT,PAIR00063,GW230609_064958,VARIANT,44,49,Sampler settings,NAMED,maxmcmc,maxmcmc,maxmcmc,=,4,8b926d75599a618e21f1341318e66517be26e18cc7496783d2b59758c1333be8,false,,false,false,
PAIR00063:VARIANT,PAIR00063,GW230609_064958,VARIANT,45,50,Sampler settings,NAMED,nthreads,nthreads,nthreads,=,1,6b86b273ff34fce19d6b804eff5a3f5747ada4eaa22f1d49c01e52ddb7875b4b,false,,false,false,
PAIR00063:VARIANT,PAIR00063,GW230609_064958,VARIANT,46,51,Sampler settings,NAMED,verbose,verbose,verbose,=,1,d4735e3a265e16eee03f59718b9b5d03019c07d8b6c51f90da3a666eec13ab35,false,,false,false,
PAIR00063:VARIANT,PAIR00063,GW230609_064958,VARIANT,47,52,Sampler settings,NAMED,seed,seed,seed,=,4,7b346904f63cc07f1d8cc2d88d7dae08a3f088a0e4159d5214c27a6571a51eb4,false,,false,false,
PAIR00063:VARIANT,PAIR00063,GW230609_064958,VARIANT,48,56,Priors,NAMED,gr-time-prior,gr-time-prior,grtimeprior,=,1,6b86b273ff34fce19d6b804eff5a3f5747ada4eaa22f1d49c01e52ddb7875b4b,false,,false,false,
PAIR00063:VARIANT,PAIR00063,GW230609_064958,VARIANT,49,57,Priors,NAMED,mf-time-prior,mf-time-prior,mftimeprior,=,17,f9768477c23c703b7303ce3252590c775c1ca956425cc245c853be5894af286c,false,,false,false,
PAIR00063:VARIANT,PAIR00063,GW230609_064958,VARIANT,50,58,Priors,NAMED,t-min,t-min,tmin,=,2,4a44dc15364204a80fe80e9039455cc1608281820fe2b24f1e5233ade6af1dd5,false,,false,false,
PAIR00063:VARIANT,PAIR00063,GW230609_064958,VARIANT,51,59,Priors,NAMED,t-max,t-max,tmax,=,2,39fa9ec190eee7b6f4dff1100d6343e10918d044c75eac8f9e9a2596173f80c9,false,,false,false,
PAIR00063:VARIANT,PAIR00063,GW230609_064958,VARIANT,52,60,Priors,NAMED,fix-t,fix-t,fixt,=,8,6d0971e560c5c0be5515b6ee91b6549ec8ec1b45230c745a7e29aae14954b359,false,,false,false,
PAIR00063:VARIANT,PAIR00063,GW230609_064958,VARIANT,53,61,Priors,NAMED,fix-ra,fix-ra,fixra,=,17,0b725366d6be8907f8bcd578ae92f3132df08c8c840545142fb5515caf3bccba,false,,false,false,
PAIR00063:VARIANT,PAIR00063,GW230609_064958,VARIANT,54,62,Priors,NAMED,fix-dec,fix-dec,fixdec,=,19,57cdbb90ee5b76f29086fb5f99b7ae0584ffb7867c1cf8f9ef292f6051e6715f,false,,false,false,
PAIR00063:VARIANT,PAIR00063,GW230609_064958,VARIANT,55,63,Priors,NAMED,fix-phi,fix-phi,fixphi,=,3,8aed642bf5118b9d3c859bd4be35ecac75b6e873cce34e7b6f554b06f75550d7,false,,false,false,
PAIR00106:BASE,PAIR00106,GW230628_231200,BASE,1,3,input,NAMED,run-type,run-type,runtype,=,4,a18b869b2e81c0c529552a3c4fa5c92ed08b98a4e146aed778d71d27517f83ac,false,,false,false,
PAIR00106:BASE,PAIR00106,GW230628_231200,BASE,2,4,input,NAMED,sampling-rate,sampling-rate,samplingrate,=,6,e75c3d41e5235b3b2911777152402ad9c9747a12e0021fab801d0fcc1580d076,false,,false,false,
PAIR00106:BASE,PAIR00106,GW230628_231200,BASE,3,5,input,NAMED,f-min-bp,f-min-bp,fminbp,=,4,585348dbd28810f9a34f57be46f000c5f9effab894d074713d93fe7ccfeb3b76,false,,false,false,
PAIR00106:BASE,PAIR00106,GW230628_231200,BASE,4,6,input,NAMED,f-max-bp,f-max-bp,fmaxbp,=,6,fddd30227ad776813b0af144db3610e985b228ba22f365f0132a4b270de7694a,false,,false,false,
PAIR00106:BASE,PAIR00106,GW230628_231200,BASE,5,7,input,NAMED,output,output,output,=,24,5b2355648694a4527af201b5c1f2cd274e0a3a2fdfb0ad962b6a73a04a0b283b,false,,false,false,
PAIR00106:BASE,PAIR00106,GW230628_231200,BASE,6,8,input,NAMED,download-data,download-data,downloaddata,=,1,6b86b273ff34fce19d6b804eff5a3f5747ada4eaa22f1d49c01e52ddb7875b4b,false,,false,false,
PAIR00106:BASE,PAIR00106,GW230628_231200,BASE,7,9,input,NAMED,datalen-download,datalen-download,datalendownload,=,4,f81b732a59389bd6838affaf36f9a3b6d9fe736b4e99f146571a5b1b935283e9,false,,false,false,
PAIR00106:BASE,PAIR00106,GW230628_231200,BASE,8,10,input,NAMED,channel-H1,channel-h1,channelh1,=,28,19a08d2e9b9f86ab015dfa721d16ffb749bff3c1b6cc9bc57e498d8021581df9,false,,false,false,
PAIR00106:BASE,PAIR00106,GW230628_231200,BASE,9,11,input,NAMED,channel-L1,channel-l1,channell1,=,28,fcede5f51dc717380e3072435c419d9ca94c127e7d1737dc870bc534d794b981,false,,false,false,
PAIR00106:BASE,PAIR00106,GW230628_231200,BASE,10,12,input,NAMED,channel-V1,channel-v1,channelv1,=,0,e3b0c44298fc1c149afbf4c8996fb92427ae41e4649b934ca495991b7852b855,false,,false,false,
PAIR00106:BASE,PAIR00106,GW230628_231200,BASE,11,13,input,NAMED,data-H1,data-h1,datah1,=,0,e3b0c44298fc1c149afbf4c8996fb92427ae41e4649b934ca495991b7852b855,false,,false,false,
PAIR00106:BASE,PAIR00106,GW230628_231200,BASE,12,14,input,NAMED,data-L1,data-l1,datal1,=,0,e3b0c44298fc1c149afbf4c8996fb92427ae41e4649b934ca495991b7852b855,false,,false,false,
PAIR00106:BASE,PAIR00106,GW230628_231200,BASE,13,15,input,NAMED,data-V1,data-v1,datav1,=,0,e3b0c44298fc1c149afbf4c8996fb92427ae41e4649b934ca495991b7852b855,false,,false,false,
PAIR00106:BASE,PAIR00106,GW230628_231200,BASE,14,16,input,NAMED,ignore-data-filename,ignore-data-filename,ignoredatafilename,=,1,5feceb66ffc86f38d952786c6d696c79c2dbc239dd4e91b46729d73a27fb57e9,false,,false,false,
PAIR00106:BASE,PAIR00106,GW230628_231200,BASE,15,17,input,NAMED,gw-data-find,gw-data-find,gwdatafind,=,1,5feceb66ffc86f38d952786c6d696c79c2dbc239dd4e91b46729d73a27fb57e9,false,,false,false,
PAIR00106:BASE,PAIR00106,GW230628_231200,BASE,16,18,input,NAMED,gw-data-type-H1,gw-data-type-h1,gwdatatypeh1,=,0,e3b0c44298fc1c149afbf4c8996fb92427ae41e4649b934ca495991b7852b855,false,,false,false,
PAIR00106:BASE,PAIR00106,GW230628_231200,BASE,17,19,input,NAMED,gw-data-type-L1,gw-data-type-l1,gwdatatypel1,=,0,e3b0c44298fc1c149afbf4c8996fb92427ae41e4649b934ca495991b7852b855,false,,false,false,
PAIR00106:BASE,PAIR00106,GW230628_231200,BASE,18,20,input,NAMED,gw-data-type-V1,gw-data-type-v1,gwdatatypev1,=,0,e3b0c44298fc1c149afbf4c8996fb92427ae41e4649b934ca495991b7852b855,false,,false,false,
PAIR00106:BASE,PAIR00106,GW230628_231200,BASE,19,21,input,NAMED,ref-det,ref-det,refdet,=,2,8bf797aa02bd65b7cbd52155f6e010be77bb3d461320dac4c74c12d749d81066,false,,false,false,
PAIR00106:BASE,PAIR00106,GW230628_231200,BASE,20,22,input,NAMED,trigtime,trigtime,trigtime,=,18,28fb876466a0feb3e0ad52ab65096befb30b2620c6a79381a41d6baae6159b32,false,,false,false,
PAIR00106:BASE,PAIR00106,GW230628_231200,BASE,21,23,input,NAMED,detectors,detectors,detectors,=,5,3b0244de8d58e5217d2f9d33788bf9ff487c7cf82068b932f86e382eefc8bcfe,false,,false,false,
PAIR00106:BASE,PAIR00106,GW230628_231200,BASE,22,24,input,NAMED,window-onsource,window-onsource,windowonsource,=,1,5feceb66ffc86f38d952786c6d696c79c2dbc239dd4e91b46729d73a27fb57e9,false,,false,false,
PAIR00106:BASE,PAIR00106,GW230628_231200,BASE,23,25,input,NAMED,noise-chunksize,noise-chunksize,noisechunksize,=,3,fbd04e1aae9ce0b11a8946e2c9ac2619f7428a64d32d01eff61d809dcb70ee8e,false,,false,false,
PAIR00106:BASE,PAIR00106,GW230628_231200,BASE,24,26,input,NAMED,signal-chunksize,signal-chunksize,signalchunksize,=,3,fbd04e1aae9ce0b11a8946e2c9ac2619f7428a64d32d01eff61d809dcb70ee8e,false,,false,false,
PAIR00106:BASE,PAIR00106,GW230628_231200,BASE,25,27,input,NAMED,amp-non-prec-sym,amp-non-prec-sym,ampnonprecsym,=,1,6b86b273ff34fce19d6b804eff5a3f5747ada4eaa22f1d49c01e52ddb7875b4b,false,,false,false,
PAIR00106:BASE,PAIR00106,GW230628_231200,BASE,26,28,input,NAMED,max-Kerr-amp-ratio,max-kerr-amp-ratio,maxkerrampratio,=,3,8aed642bf5118b9d3c859bd4be35ecac75b6e873cce34e7b6f554b06f75550d7,true,TARGET_LIKE_CANDIDATE,true,false,0.0
PAIR00106:BASE,PAIR00106,GW230628_231200,BASE,27,29,input,NAMED,kerr-modes,kerr-modes,kerrmodes,=,11,918b8617dd99e65be623b6a29009ed5cc07e2badeba955417690d4002c8f430b,true,KERR_MODES,true,false,"[(2,2,2,0)]"
PAIR00106:BASE,PAIR00106,GW230628_231200,BASE,28,30,input,NAMED,spheroidal,spheroidal,spheroidal,=,1,5feceb66ffc86f38d952786c6d696c79c2dbc239dd4e91b46729d73a27fb57e9,false,,false,false,
PAIR00106:BASE,PAIR00106,GW230628_231200,BASE,29,31,input,NAMED,reference-amplitude,reference-amplitude,referenceamplitude,=,5,64a930966aa1b51c0cc3f0747e943493b4dd46e75f7aba72f837f9adfa7d8c3d,false,,false,false,
PAIR00106:BASE,PAIR00106,GW230628_231200,BASE,30,32,input,NAMED,psd-H1,psd-h1,psdh1,=,0,e3b0c44298fc1c149afbf4c8996fb92427ae41e4649b934ca495991b7852b855,false,,false,false,
PAIR00106:BASE,PAIR00106,GW230628_231200,BASE,31,33,input,NAMED,psd-L1,psd-l1,psdl1,=,0,e3b0c44298fc1c149afbf4c8996fb92427ae41e4649b934ca495991b7852b855,false,,false,false,
PAIR00106:BASE,PAIR00106,GW230628_231200,BASE,32,34,input,NAMED,psd-V1,psd-v1,psdv1,=,0,e3b0c44298fc1c149afbf4c8996fb92427ae41e4649b934ca495991b7852b855,false,,false,false,
PAIR00106:BASE,PAIR00106,GW230628_231200,BASE,33,35,input,NAMED,injection-T,injection-t,injectiont,=,1,5feceb66ffc86f38d952786c6d696c79c2dbc239dd4e91b46729d73a27fb57e9,false,,false,false,
PAIR00106:BASE,PAIR00106,GW230628_231200,BASE,34,36,input,NAMED,injection-scaling,injection-scaling,injectionscaling,=,3,d0ff5974b6aa52cf562bea5921840c032a860a91a3512f7fe8f768f6bbe005f6,false,,false,false,
PAIR00106:BASE,PAIR00106,GW230628_231200,BASE,35,37,input,NAMED,gaussian-noise,gaussian-noise,gaussiannoise,=,0,e3b0c44298fc1c149afbf4c8996fb92427ae41e4649b934ca495991b7852b855,false,,false,false,
PAIR00106:BASE,PAIR00106,GW230628_231200,BASE,36,38,input,NAMED,injection-approximant,injection-approximant,injectionapproximant,=,0,e3b0c44298fc1c149afbf4c8996fb92427ae41e4649b934ca495991b7852b855,false,,false,false,
PAIR00106:BASE,PAIR00106,GW230628_231200,BASE,37,39,input,NAMED,zero-noise,zero-noise,zeronoise,=,1,5feceb66ffc86f38d952786c6d696c79c2dbc239dd4e91b46729d73a27fb57e9,false,,false,false,
PAIR00106:BASE,PAIR00106,GW230628_231200,BASE,38,40,input,NAMED,sky-frame,sky-frame,skyframe,=,10,5df6b59dfafca1111fa87f6072971ed8f4719d44cfe95bd6a7490e0e7010579d,false,,false,false,
PAIR00106:BASE,PAIR00106,GW230628_231200,BASE,39,41,input,NAMED,truncate,truncate,truncate,=,1,6b86b273ff34fce19d6b804eff5a3f5747ada4eaa22f1d49c01e52ddb7875b4b,false,,false,false,
PAIR00106:BASE,PAIR00106,GW230628_231200,BASE,40,42,input,NAMED,analysis-duration,analysis-duration,analysisduration,=,3,44896b09365746b5f7167ee4d64988a38f7f4628803cbf86224e74eeb7c69e9d,false,,false,false,
PAIR00106:BASE,PAIR00106,GW230628_231200,BASE,41,43,input,NAMED,run-tag,run-tag,runtag,=,6,f27629236ccfaf0d71783428fa5ae97d1c891f9b79fcfb30d9937eec9a958f7f,false,,false,false,
PAIR00106:BASE,PAIR00106,GW230628_231200,BASE,42,47,Sampler settings,NAMED,nlive,nlive,nlive,=,4,8b926d75599a618e21f1341318e66517be26e18cc7496783d2b59758c1333be8,false,,false,false,
PAIR00106:BASE,PAIR00106,GW230628_231200,BASE,43,48,Sampler settings,NAMED,poolsize,poolsize,poolsize,=,3,ad57366865126e55649ecb23ae1d48887544976efea46a48eb5d85a6eeb4d306,false,,false,false,
PAIR00106:BASE,PAIR00106,GW230628_231200,BASE,44,49,Sampler settings,NAMED,maxmcmc,maxmcmc,maxmcmc,=,4,8b926d75599a618e21f1341318e66517be26e18cc7496783d2b59758c1333be8,false,,false,false,
PAIR00106:BASE,PAIR00106,GW230628_231200,BASE,45,50,Sampler settings,NAMED,nthreads,nthreads,nthreads,=,1,6b86b273ff34fce19d6b804eff5a3f5747ada4eaa22f1d49c01e52ddb7875b4b,false,,false,false,
PAIR00106:BASE,PAIR00106,GW230628_231200,BASE,46,51,Sampler settings,NAMED,verbose,verbose,verbose,=,1,d4735e3a265e16eee03f59718b9b5d03019c07d8b6c51f90da3a666eec13ab35,false,,false,false,
PAIR00106:BASE,PAIR00106,GW230628_231200,BASE,47,52,Sampler settings,NAMED,seed,seed,seed,=,4,7b346904f63cc07f1d8cc2d88d7dae08a3f088a0e4159d5214c27a6571a51eb4,false,,false,false,
PAIR00106:BASE,PAIR00106,GW230628_231200,BASE,48,56,Priors,NAMED,gr-time-prior,gr-time-prior,grtimeprior,=,1,6b86b273ff34fce19d6b804eff5a3f5747ada4eaa22f1d49c01e52ddb7875b4b,false,,false,false,
PAIR00106:BASE,PAIR00106,GW230628_231200,BASE,49,57,Priors,NAMED,mf-time-prior,mf-time-prior,mftimeprior,=,17,f71e92a7720f9d5b3d898b334741ed9556cfbc5057afa2a4406060aa9bb5f0b3,false,,false,false,
PAIR00106:BASE,PAIR00106,GW230628_231200,BASE,50,58,Priors,NAMED,t-min,t-min,tmin,=,2,4a44dc15364204a80fe80e9039455cc1608281820fe2b24f1e5233ade6af1dd5,false,,false,false,
PAIR00106:BASE,PAIR00106,GW230628_231200,BASE,51,59,Priors,NAMED,t-max,t-max,tmax,=,2,39fa9ec190eee7b6f4dff1100d6343e10918d044c75eac8f9e9a2596173f80c9,false,,false,false,
PAIR00106:BASE,PAIR00106,GW230628_231200,BASE,52,60,Priors,NAMED,fix-t,fix-t,fixt,=,8,ae1d469586e6734a90ab438b94511eb131db7120b2c4e5891bad09b6bd9a57c9,false,,false,false,
PAIR00106:BASE,PAIR00106,GW230628_231200,BASE,53,61,Priors,NAMED,fix-ra,fix-ra,fixra,=,18,3efa6fa8197d68ffd96303fb5c66a54b71539af1778f540dc0a4efdca58f320b,false,,false,false,
PAIR00106:BASE,PAIR00106,GW230628_231200,BASE,54,62,Priors,NAMED,fix-dec,fix-dec,fixdec,=,18,e11296c271d86d623bcfa15637ddb9c8c7de46d1236b875685f3cfd326048c4a,false,,false,false,
PAIR00106:BASE,PAIR00106,GW230628_231200,BASE,55,63,Priors,NAMED,fix-phi,fix-phi,fixphi,=,3,8aed642bf5118b9d3c859bd4be35ecac75b6e873cce34e7b6f554b06f75550d7,false,,false,false,
PAIR00106:VARIANT,PAIR00106,GW230628_231200,VARIANT,1,3,input,NAMED,run-type,run-type,runtype,=,4,a18b869b2e81c0c529552a3c4fa5c92ed08b98a4e146aed778d71d27517f83ac,false,,false,false,
PAIR00106:VARIANT,PAIR00106,GW230628_231200,VARIANT,2,4,input,NAMED,sampling-rate,sampling-rate,samplingrate,=,6,e75c3d41e5235b3b2911777152402ad9c9747a12e0021fab801d0fcc1580d076,false,,false,false,
PAIR00106:VARIANT,PAIR00106,GW230628_231200,VARIANT,3,5,input,NAMED,f-min-bp,f-min-bp,fminbp,=,4,585348dbd28810f9a34f57be46f000c5f9effab894d074713d93fe7ccfeb3b76,false,,false,false,
PAIR00106:VARIANT,PAIR00106,GW230628_231200,VARIANT,4,6,input,NAMED,f-max-bp,f-max-bp,fmaxbp,=,6,fddd30227ad776813b0af144db3610e985b228ba22f365f0132a4b270de7694a,false,,false,false,
PAIR00106:VARIANT,PAIR00106,GW230628_231200,VARIANT,5,7,input,NAMED,output,output,output,=,24,5b2355648694a4527af201b5c1f2cd274e0a3a2fdfb0ad962b6a73a04a0b283b,false,,false,false,
PAIR00106:VARIANT,PAIR00106,GW230628_231200,VARIANT,6,8,input,NAMED,download-data,download-data,downloaddata,=,1,6b86b273ff34fce19d6b804eff5a3f5747ada4eaa22f1d49c01e52ddb7875b4b,false,,false,false,
PAIR00106:VARIANT,PAIR00106,GW230628_231200,VARIANT,7,9,input,NAMED,datalen-download,datalen-download,datalendownload,=,4,f81b732a59389bd6838affaf36f9a3b6d9fe736b4e99f146571a5b1b935283e9,false,,false,false,
PAIR00106:VARIANT,PAIR00106,GW230628_231200,VARIANT,8,10,input,NAMED,channel-H1,channel-h1,channelh1,=,28,19a08d2e9b9f86ab015dfa721d16ffb749bff3c1b6cc9bc57e498d8021581df9,false,,false,false,
PAIR00106:VARIANT,PAIR00106,GW230628_231200,VARIANT,9,11,input,NAMED,channel-L1,channel-l1,channell1,=,28,fcede5f51dc717380e3072435c419d9ca94c127e7d1737dc870bc534d794b981,false,,false,false,
PAIR00106:VARIANT,PAIR00106,GW230628_231200,VARIANT,10,12,input,NAMED,channel-V1,channel-v1,channelv1,=,0,e3b0c44298fc1c149afbf4c8996fb92427ae41e4649b934ca495991b7852b855,false,,false,false,
PAIR00106:VARIANT,PAIR00106,GW230628_231200,VARIANT,11,13,input,NAMED,data-H1,data-h1,datah1,=,0,e3b0c44298fc1c149afbf4c8996fb92427ae41e4649b934ca495991b7852b855,false,,false,false,
PAIR00106:VARIANT,PAIR00106,GW230628_231200,VARIANT,12,14,input,NAMED,data-L1,data-l1,datal1,=,0,e3b0c44298fc1c149afbf4c8996fb92427ae41e4649b934ca495991b7852b855,false,,false,false,
PAIR00106:VARIANT,PAIR00106,GW230628_231200,VARIANT,13,15,input,NAMED,data-V1,data-v1,datav1,=,0,e3b0c44298fc1c149afbf4c8996fb92427ae41e4649b934ca495991b7852b855,false,,false,false,
PAIR00106:VARIANT,PAIR00106,GW230628_231200,VARIANT,14,16,input,NAMED,ignore-data-filename,ignore-data-filename,ignoredatafilename,=,1,5feceb66ffc86f38d952786c6d696c79c2dbc239dd4e91b46729d73a27fb57e9,false,,false,false,
PAIR00106:VARIANT,PAIR00106,GW230628_231200,VARIANT,15,17,input,NAMED,gw-data-find,gw-data-find,gwdatafind,=,1,5feceb66ffc86f38d952786c6d696c79c2dbc239dd4e91b46729d73a27fb57e9,false,,false,false,
PAIR00106:VARIANT,PAIR00106,GW230628_231200,VARIANT,16,18,input,NAMED,gw-data-type-H1,gw-data-type-h1,gwdatatypeh1,=,0,e3b0c44298fc1c149afbf4c8996fb92427ae41e4649b934ca495991b7852b855,false,,false,false,
PAIR00106:VARIANT,PAIR00106,GW230628_231200,VARIANT,17,19,input,NAMED,gw-data-type-L1,gw-data-type-l1,gwdatatypel1,=,0,e3b0c44298fc1c149afbf4c8996fb92427ae41e4649b934ca495991b7852b855,false,,false,false,
PAIR00106:VARIANT,PAIR00106,GW230628_231200,VARIANT,18,20,input,NAMED,gw-data-type-V1,gw-data-type-v1,gwdatatypev1,=,0,e3b0c44298fc1c149afbf4c8996fb92427ae41e4649b934ca495991b7852b855,false,,false,false,
PAIR00106:VARIANT,PAIR00106,GW230628_231200,VARIANT,19,21,input,NAMED,ref-det,ref-det,refdet,=,2,8bf797aa02bd65b7cbd52155f6e010be77bb3d461320dac4c74c12d749d81066,false,,false,false,
PAIR00106:VARIANT,PAIR00106,GW230628_231200,VARIANT,20,22,input,NAMED,trigtime,trigtime,trigtime,=,18,28fb876466a0feb3e0ad52ab65096befb30b2620c6a79381a41d6baae6159b32,false,,false,false,
PAIR00106:VARIANT,PAIR00106,GW230628_231200,VARIANT,21,23,input,NAMED,detectors,detectors,detectors,=,5,3b0244de8d58e5217d2f9d33788bf9ff487c7cf82068b932f86e382eefc8bcfe,false,,false,false,
PAIR00106:VARIANT,PAIR00106,GW230628_231200,VARIANT,22,24,input,NAMED,window-onsource,window-onsource,windowonsource,=,1,5feceb66ffc86f38d952786c6d696c79c2dbc239dd4e91b46729d73a27fb57e9,false,,false,false,
PAIR00106:VARIANT,PAIR00106,GW230628_231200,VARIANT,23,25,input,NAMED,noise-chunksize,noise-chunksize,noisechunksize,=,3,fbd04e1aae9ce0b11a8946e2c9ac2619f7428a64d32d01eff61d809dcb70ee8e,false,,false,false,
PAIR00106:VARIANT,PAIR00106,GW230628_231200,VARIANT,24,26,input,NAMED,signal-chunksize,signal-chunksize,signalchunksize,=,3,fbd04e1aae9ce0b11a8946e2c9ac2619f7428a64d32d01eff61d809dcb70ee8e,false,,false,false,
PAIR00106:VARIANT,PAIR00106,GW230628_231200,VARIANT,25,27,input,NAMED,amp-non-prec-sym,amp-non-prec-sym,ampnonprecsym,=,1,6b86b273ff34fce19d6b804eff5a3f5747ada4eaa22f1d49c01e52ddb7875b4b,false,,false,false,
PAIR00106:VARIANT,PAIR00106,GW230628_231200,VARIANT,26,28,input,NAMED,max-Kerr-amp-ratio,max-kerr-amp-ratio,maxkerrampratio,=,3,8aed642bf5118b9d3c859bd4be35ecac75b6e873cce34e7b6f554b06f75550d7,true,TARGET_LIKE_CANDIDATE,true,false,0.0
PAIR00106:VARIANT,PAIR00106,GW230628_231200,VARIANT,27,29,input,NAMED,kerr-modes,kerr-modes,kerrmodes,=,22,bc200f256cf28b74cec3f8e364af97fbd24eb4ea100fb87bf554622a407e809f,true,KERR_MODES,true,false,"[(2,2,2,0), (2,2,2,1)]"
PAIR00106:VARIANT,PAIR00106,GW230628_231200,VARIANT,28,30,input,NAMED,spheroidal,spheroidal,spheroidal,=,1,5feceb66ffc86f38d952786c6d696c79c2dbc239dd4e91b46729d73a27fb57e9,false,,false,false,
PAIR00106:VARIANT,PAIR00106,GW230628_231200,VARIANT,29,31,input,NAMED,reference-amplitude,reference-amplitude,referenceamplitude,=,5,64a930966aa1b51c0cc3f0747e943493b4dd46e75f7aba72f837f9adfa7d8c3d,false,,false,false,
PAIR00106:VARIANT,PAIR00106,GW230628_231200,VARIANT,30,32,input,NAMED,psd-H1,psd-h1,psdh1,=,0,e3b0c44298fc1c149afbf4c8996fb92427ae41e4649b934ca495991b7852b855,false,,false,false,
PAIR00106:VARIANT,PAIR00106,GW230628_231200,VARIANT,31,33,input,NAMED,psd-L1,psd-l1,psdl1,=,0,e3b0c44298fc1c149afbf4c8996fb92427ae41e4649b934ca495991b7852b855,false,,false,false,
PAIR00106:VARIANT,PAIR00106,GW230628_231200,VARIANT,32,34,input,NAMED,psd-V1,psd-v1,psdv1,=,0,e3b0c44298fc1c149afbf4c8996fb92427ae41e4649b934ca495991b7852b855,false,,false,false,
PAIR00106:VARIANT,PAIR00106,GW230628_231200,VARIANT,33,35,input,NAMED,injection-T,injection-t,injectiont,=,1,5feceb66ffc86f38d952786c6d696c79c2dbc239dd4e91b46729d73a27fb57e9,false,,false,false,
PAIR00106:VARIANT,PAIR00106,GW230628_231200,VARIANT,34,36,input,NAMED,injection-scaling,injection-scaling,injectionscaling,=,3,d0ff5974b6aa52cf562bea5921840c032a860a91a3512f7fe8f768f6bbe005f6,false,,false,false,
PAIR00106:VARIANT,PAIR00106,GW230628_231200,VARIANT,35,37,input,NAMED,gaussian-noise,gaussian-noise,gaussiannoise,=,0,e3b0c44298fc1c149afbf4c8996fb92427ae41e4649b934ca495991b7852b855,false,,false,false,
PAIR00106:VARIANT,PAIR00106,GW230628_231200,VARIANT,36,38,input,NAMED,injection-approximant,injection-approximant,injectionapproximant,=,0,e3b0c44298fc1c149afbf4c8996fb92427ae41e4649b934ca495991b7852b855,false,,false,false,
PAIR00106:VARIANT,PAIR00106,GW230628_231200,VARIANT,37,39,input,NAMED,zero-noise,zero-noise,zeronoise,=,1,5feceb66ffc86f38d952786c6d696c79c2dbc239dd4e91b46729d73a27fb57e9,false,,false,false,
PAIR00106:VARIANT,PAIR00106,GW230628_231200,VARIANT,38,40,input,NAMED,sky-frame,sky-frame,skyframe,=,10,5df6b59dfafca1111fa87f6072971ed8f4719d44cfe95bd6a7490e0e7010579d,false,,false,false,
PAIR00106:VARIANT,PAIR00106,GW230628_231200,VARIANT,39,41,input,NAMED,truncate,truncate,truncate,=,1,6b86b273ff34fce19d6b804eff5a3f5747ada4eaa22f1d49c01e52ddb7875b4b,false,,false,false,
PAIR00106:VARIANT,PAIR00106,GW230628_231200,VARIANT,40,42,input,NAMED,analysis-duration,analysis-duration,analysisduration,=,3,44896b09365746b5f7167ee4d64988a38f7f4628803cbf86224e74eeb7c69e9d,false,,false,false,
PAIR00106:VARIANT,PAIR00106,GW230628_231200,VARIANT,41,43,input,NAMED,run-tag,run-tag,runtag,=,6,f27629236ccfaf0d71783428fa5ae97d1c891f9b79fcfb30d9937eec9a958f7f,false,,false,false,
PAIR00106:VARIANT,PAIR00106,GW230628_231200,VARIANT,42,47,Sampler settings,NAMED,nlive,nlive,nlive,=,4,8b926d75599a618e21f1341318e66517be26e18cc7496783d2b59758c1333be8,false,,false,false,
PAIR00106:VARIANT,PAIR00106,GW230628_231200,VARIANT,43,48,Sampler settings,NAMED,poolsize,poolsize,poolsize,=,3,ad57366865126e55649ecb23ae1d48887544976efea46a48eb5d85a6eeb4d306,false,,false,false,
PAIR00106:VARIANT,PAIR00106,GW230628_231200,VARIANT,44,49,Sampler settings,NAMED,maxmcmc,maxmcmc,maxmcmc,=,4,8b926d75599a618e21f1341318e66517be26e18cc7496783d2b59758c1333be8,false,,false,false,
PAIR00106:VARIANT,PAIR00106,GW230628_231200,VARIANT,45,50,Sampler settings,NAMED,nthreads,nthreads,nthreads,=,1,6b86b273ff34fce19d6b804eff5a3f5747ada4eaa22f1d49c01e52ddb7875b4b,false,,false,false,
PAIR00106:VARIANT,PAIR00106,GW230628_231200,VARIANT,46,51,Sampler settings,NAMED,verbose,verbose,verbose,=,1,d4735e3a265e16eee03f59718b9b5d03019c07d8b6c51f90da3a666eec13ab35,false,,false,false,
PAIR00106:VARIANT,PAIR00106,GW230628_231200,VARIANT,47,52,Sampler settings,NAMED,seed,seed,seed,=,4,7b346904f63cc07f1d8cc2d88d7dae08a3f088a0e4159d5214c27a6571a51eb4,false,,false,false,
PAIR00106:VARIANT,PAIR00106,GW230628_231200,VARIANT,48,56,Priors,NAMED,gr-time-prior,gr-time-prior,grtimeprior,=,1,6b86b273ff34fce19d6b804eff5a3f5747ada4eaa22f1d49c01e52ddb7875b4b,false,,false,false,
PAIR00106:VARIANT,PAIR00106,GW230628_231200,VARIANT,49,57,Priors,NAMED,mf-time-prior,mf-time-prior,mftimeprior,=,17,f71e92a7720f9d5b3d898b334741ed9556cfbc5057afa2a4406060aa9bb5f0b3,false,,false,false,
PAIR00106:VARIANT,PAIR00106,GW230628_231200,VARIANT,50,58,Priors,NAMED,t-min,t-min,tmin,=,2,4a44dc15364204a80fe80e9039455cc1608281820fe2b24f1e5233ade6af1dd5,false,,false,false,
PAIR00106:VARIANT,PAIR00106,GW230628_231200,VARIANT,51,59,Priors,NAMED,t-max,t-max,tmax,=,2,39fa9ec190eee7b6f4dff1100d6343e10918d044c75eac8f9e9a2596173f80c9,false,,false,false,
PAIR00106:VARIANT,PAIR00106,GW230628_231200,VARIANT,52,60,Priors,NAMED,fix-t,fix-t,fixt,=,8,ae1d469586e6734a90ab438b94511eb131db7120b2c4e5891bad09b6bd9a57c9,false,,false,false,
PAIR00106:VARIANT,PAIR00106,GW230628_231200,VARIANT,53,61,Priors,NAMED,fix-ra,fix-ra,fixra,=,18,3efa6fa8197d68ffd96303fb5c66a54b71539af1778f540dc0a4efdca58f320b,false,,false,false,
PAIR00106:VARIANT,PAIR00106,GW230628_231200,VARIANT,54,62,Priors,NAMED,fix-dec,fix-dec,fixdec,=,18,e11296c271d86d623bcfa15637ddb9c8c7de46d1236b875685f3cfd326048c4a,false,,false,false,
PAIR00106:VARIANT,PAIR00106,GW230628_231200,VARIANT,55,63,Priors,NAMED,fix-phi,fix-phi,fixphi,=,3,8aed642bf5118b9d3c859bd4be35ecac75b6e873cce34e7b6f554b06f75550d7,false,,false,false,
PAIR00144:BASE,PAIR00144,GW230811_032116,BASE,1,3,input,NAMED,run-type,run-type,runtype,=,4,a18b869b2e81c0c529552a3c4fa5c92ed08b98a4e146aed778d71d27517f83ac,false,,false,false,
PAIR00144:BASE,PAIR00144,GW230811_032116,BASE,2,4,input,NAMED,sampling-rate,sampling-rate,samplingrate,=,6,e75c3d41e5235b3b2911777152402ad9c9747a12e0021fab801d0fcc1580d076,false,,false,false,
PAIR00144:BASE,PAIR00144,GW230811_032116,BASE,3,5,input,NAMED,f-min-bp,f-min-bp,fminbp,=,4,585348dbd28810f9a34f57be46f000c5f9effab894d074713d93fe7ccfeb3b76,false,,false,false,
PAIR00144:BASE,PAIR00144,GW230811_032116,BASE,4,6,input,NAMED,f-max-bp,f-max-bp,fmaxbp,=,6,fddd30227ad776813b0af144db3610e985b228ba22f365f0132a4b270de7694a,false,,false,false,
PAIR00144:BASE,PAIR00144,GW230811_032116,BASE,5,7,input,NAMED,output,output,output,=,24,5b2355648694a4527af201b5c1f2cd274e0a3a2fdfb0ad962b6a73a04a0b283b,false,,false,false,
PAIR00144:BASE,PAIR00144,GW230811_032116,BASE,6,8,input,NAMED,download-data,download-data,downloaddata,=,1,6b86b273ff34fce19d6b804eff5a3f5747ada4eaa22f1d49c01e52ddb7875b4b,false,,false,false,
PAIR00144:BASE,PAIR00144,GW230811_032116,BASE,7,9,input,NAMED,datalen-download,datalen-download,datalendownload,=,4,f81b732a59389bd6838affaf36f9a3b6d9fe736b4e99f146571a5b1b935283e9,false,,false,false,
PAIR00144:BASE,PAIR00144,GW230811_032116,BASE,8,10,input,NAMED,channel-H1,channel-h1,channelh1,=,28,19a08d2e9b9f86ab015dfa721d16ffb749bff3c1b6cc9bc57e498d8021581df9,false,,false,false,
PAIR00144:BASE,PAIR00144,GW230811_032116,BASE,9,11,input,NAMED,channel-L1,channel-l1,channell1,=,28,fcede5f51dc717380e3072435c419d9ca94c127e7d1737dc870bc534d794b981,false,,false,false,
PAIR00144:BASE,PAIR00144,GW230811_032116,BASE,10,12,input,NAMED,channel-V1,channel-v1,channelv1,=,0,e3b0c44298fc1c149afbf4c8996fb92427ae41e4649b934ca495991b7852b855,false,,false,false,
PAIR00144:BASE,PAIR00144,GW230811_032116,BASE,11,13,input,NAMED,data-H1,data-h1,datah1,=,0,e3b0c44298fc1c149afbf4c8996fb92427ae41e4649b934ca495991b7852b855,false,,false,false,
PAIR00144:BASE,PAIR00144,GW230811_032116,BASE,12,14,input,NAMED,data-L1,data-l1,datal1,=,0,e3b0c44298fc1c149afbf4c8996fb92427ae41e4649b934ca495991b7852b855,false,,false,false,
PAIR00144:BASE,PAIR00144,GW230811_032116,BASE,13,15,input,NAMED,data-V1,data-v1,datav1,=,0,e3b0c44298fc1c149afbf4c8996fb92427ae41e4649b934ca495991b7852b855,false,,false,false,
PAIR00144:BASE,PAIR00144,GW230811_032116,BASE,14,16,input,NAMED,ignore-data-filename,ignore-data-filename,ignoredatafilename,=,1,5feceb66ffc86f38d952786c6d696c79c2dbc239dd4e91b46729d73a27fb57e9,false,,false,false,
PAIR00144:BASE,PAIR00144,GW230811_032116,BASE,15,17,input,NAMED,gw-data-find,gw-data-find,gwdatafind,=,1,5feceb66ffc86f38d952786c6d696c79c2dbc239dd4e91b46729d73a27fb57e9,false,,false,false,
PAIR00144:BASE,PAIR00144,GW230811_032116,BASE,16,18,input,NAMED,gw-data-type-H1,gw-data-type-h1,gwdatatypeh1,=,0,e3b0c44298fc1c149afbf4c8996fb92427ae41e4649b934ca495991b7852b855,false,,false,false,
PAIR00144:BASE,PAIR00144,GW230811_032116,BASE,17,19,input,NAMED,gw-data-type-L1,gw-data-type-l1,gwdatatypel1,=,0,e3b0c44298fc1c149afbf4c8996fb92427ae41e4649b934ca495991b7852b855,false,,false,false,
PAIR00144:BASE,PAIR00144,GW230811_032116,BASE,18,20,input,NAMED,gw-data-type-V1,gw-data-type-v1,gwdatatypev1,=,0,e3b0c44298fc1c149afbf4c8996fb92427ae41e4649b934ca495991b7852b855,false,,false,false,
PAIR00144:BASE,PAIR00144,GW230811_032116,BASE,19,21,input,NAMED,ref-det,ref-det,refdet,=,2,8bf797aa02bd65b7cbd52155f6e010be77bb3d461320dac4c74c12d749d81066,false,,false,false,
PAIR00144:BASE,PAIR00144,GW230811_032116,BASE,20,22,input,NAMED,trigtime,trigtime,trigtime,=,18,72a2ffb3ebc25f4bbe92ea30e9039a2d8337f1518f2d766283b9fe6655fe4621,false,,false,false,
PAIR00144:BASE,PAIR00144,GW230811_032116,BASE,21,23,input,NAMED,detectors,detectors,detectors,=,5,3b0244de8d58e5217d2f9d33788bf9ff487c7cf82068b932f86e382eefc8bcfe,false,,false,false,
PAIR00144:BASE,PAIR00144,GW230811_032116,BASE,22,24,input,NAMED,window-onsource,window-onsource,windowonsource,=,1,5feceb66ffc86f38d952786c6d696c79c2dbc239dd4e91b46729d73a27fb57e9,false,,false,false,
PAIR00144:BASE,PAIR00144,GW230811_032116,BASE,23,25,input,NAMED,noise-chunksize,noise-chunksize,noisechunksize,=,3,fbd04e1aae9ce0b11a8946e2c9ac2619f7428a64d32d01eff61d809dcb70ee8e,false,,false,false,
PAIR00144:BASE,PAIR00144,GW230811_032116,BASE,24,26,input,NAMED,signal-chunksize,signal-chunksize,signalchunksize,=,3,fbd04e1aae9ce0b11a8946e2c9ac2619f7428a64d32d01eff61d809dcb70ee8e,false,,false,false,
PAIR00144:BASE,PAIR00144,GW230811_032116,BASE,25,27,input,NAMED,amp-non-prec-sym,amp-non-prec-sym,ampnonprecsym,=,1,6b86b273ff34fce19d6b804eff5a3f5747ada4eaa22f1d49c01e52ddb7875b4b,false,,false,false,
PAIR00144:BASE,PAIR00144,GW230811_032116,BASE,26,28,input,NAMED,max-Kerr-amp-ratio,max-kerr-amp-ratio,maxkerrampratio,=,3,8aed642bf5118b9d3c859bd4be35ecac75b6e873cce34e7b6f554b06f75550d7,true,TARGET_LIKE_CANDIDATE,true,false,0.0
PAIR00144:BASE,PAIR00144,GW230811_032116,BASE,27,29,input,NAMED,kerr-modes,kerr-modes,kerrmodes,=,11,918b8617dd99e65be623b6a29009ed5cc07e2badeba955417690d4002c8f430b,true,KERR_MODES,true,false,"[(2,2,2,0)]"
PAIR00144:BASE,PAIR00144,GW230811_032116,BASE,28,30,input,NAMED,spheroidal,spheroidal,spheroidal,=,1,5feceb66ffc86f38d952786c6d696c79c2dbc239dd4e91b46729d73a27fb57e9,false,,false,false,
PAIR00144:BASE,PAIR00144,GW230811_032116,BASE,29,31,input,NAMED,reference-amplitude,reference-amplitude,referenceamplitude,=,5,64a930966aa1b51c0cc3f0747e943493b4dd46e75f7aba72f837f9adfa7d8c3d,false,,false,false,
PAIR00144:BASE,PAIR00144,GW230811_032116,BASE,30,32,input,NAMED,psd-H1,psd-h1,psdh1,=,0,e3b0c44298fc1c149afbf4c8996fb92427ae41e4649b934ca495991b7852b855,false,,false,false,
PAIR00144:BASE,PAIR00144,GW230811_032116,BASE,31,33,input,NAMED,psd-L1,psd-l1,psdl1,=,0,e3b0c44298fc1c149afbf4c8996fb92427ae41e4649b934ca495991b7852b855,false,,false,false,
PAIR00144:BASE,PAIR00144,GW230811_032116,BASE,32,34,input,NAMED,psd-V1,psd-v1,psdv1,=,0,e3b0c44298fc1c149afbf4c8996fb92427ae41e4649b934ca495991b7852b855,false,,false,false,
PAIR00144:BASE,PAIR00144,GW230811_032116,BASE,33,35,input,NAMED,injection-T,injection-t,injectiont,=,1,5feceb66ffc86f38d952786c6d696c79c2dbc239dd4e91b46729d73a27fb57e9,false,,false,false,
PAIR00144:BASE,PAIR00144,GW230811_032116,BASE,34,36,input,NAMED,injection-scaling,injection-scaling,injectionscaling,=,3,d0ff5974b6aa52cf562bea5921840c032a860a91a3512f7fe8f768f6bbe005f6,false,,false,false,
PAIR00144:BASE,PAIR00144,GW230811_032116,BASE,35,37,input,NAMED,gaussian-noise,gaussian-noise,gaussiannoise,=,0,e3b0c44298fc1c149afbf4c8996fb92427ae41e4649b934ca495991b7852b855,false,,false,false,
PAIR00144:BASE,PAIR00144,GW230811_032116,BASE,36,38,input,NAMED,injection-approximant,injection-approximant,injectionapproximant,=,0,e3b0c44298fc1c149afbf4c8996fb92427ae41e4649b934ca495991b7852b855,false,,false,false,
PAIR00144:BASE,PAIR00144,GW230811_032116,BASE,37,39,input,NAMED,zero-noise,zero-noise,zeronoise,=,1,5feceb66ffc86f38d952786c6d696c79c2dbc239dd4e91b46729d73a27fb57e9,false,,false,false,
PAIR00144:BASE,PAIR00144,GW230811_032116,BASE,38,40,input,NAMED,sky-frame,sky-frame,skyframe,=,10,5df6b59dfafca1111fa87f6072971ed8f4719d44cfe95bd6a7490e0e7010579d,false,,false,false,
PAIR00144:BASE,PAIR00144,GW230811_032116,BASE,39,41,input,NAMED,truncate,truncate,truncate,=,1,6b86b273ff34fce19d6b804eff5a3f5747ada4eaa22f1d49c01e52ddb7875b4b,false,,false,false,
PAIR00144:BASE,PAIR00144,GW230811_032116,BASE,40,42,input,NAMED,analysis-duration,analysis-duration,analysisduration,=,3,44896b09365746b5f7167ee4d64988a38f7f4628803cbf86224e74eeb7c69e9d,false,,false,false,
PAIR00144:BASE,PAIR00144,GW230811_032116,BASE,41,43,input,NAMED,run-tag,run-tag,runtag,=,5,750f7eda495bfdb2e6c52c5b7d767da4f33e2633683373a2f914e96c0a7407a8,false,,false,false,
PAIR00144:BASE,PAIR00144,GW230811_032116,BASE,42,47,Sampler settings,NAMED,nlive,nlive,nlive,=,4,8b926d75599a618e21f1341318e66517be26e18cc7496783d2b59758c1333be8,false,,false,false,
PAIR00144:BASE,PAIR00144,GW230811_032116,BASE,43,48,Sampler settings,NAMED,poolsize,poolsize,poolsize,=,3,ad57366865126e55649ecb23ae1d48887544976efea46a48eb5d85a6eeb4d306,false,,false,false,
PAIR00144:BASE,PAIR00144,GW230811_032116,BASE,44,49,Sampler settings,NAMED,maxmcmc,maxmcmc,maxmcmc,=,4,8b926d75599a618e21f1341318e66517be26e18cc7496783d2b59758c1333be8,false,,false,false,
PAIR00144:BASE,PAIR00144,GW230811_032116,BASE,45,50,Sampler settings,NAMED,nthreads,nthreads,nthreads,=,1,6b86b273ff34fce19d6b804eff5a3f5747ada4eaa22f1d49c01e52ddb7875b4b,false,,false,false,
PAIR00144:BASE,PAIR00144,GW230811_032116,BASE,46,51,Sampler settings,NAMED,verbose,verbose,verbose,=,1,d4735e3a265e16eee03f59718b9b5d03019c07d8b6c51f90da3a666eec13ab35,false,,false,false,
PAIR00144:BASE,PAIR00144,GW230811_032116,BASE,47,52,Sampler settings,NAMED,seed,seed,seed,=,4,7b346904f63cc07f1d8cc2d88d7dae08a3f088a0e4159d5214c27a6571a51eb4,false,,false,false,
PAIR00144:BASE,PAIR00144,GW230811_032116,BASE,48,56,Priors,NAMED,gr-time-prior,gr-time-prior,grtimeprior,=,1,6b86b273ff34fce19d6b804eff5a3f5747ada4eaa22f1d49c01e52ddb7875b4b,false,,false,false,
PAIR00144:BASE,PAIR00144,GW230811_032116,BASE,49,57,Priors,NAMED,mf-time-prior,mf-time-prior,mftimeprior,=,17,3a4b13c9871ceb326d58f31a023d2f7db195b59bef9f5d97bf0b3754a95ae0e3,false,,false,false,
PAIR00144:BASE,PAIR00144,GW230811_032116,BASE,50,58,Priors,NAMED,t-min,t-min,tmin,=,2,4a44dc15364204a80fe80e9039455cc1608281820fe2b24f1e5233ade6af1dd5,false,,false,false,
PAIR00144:BASE,PAIR00144,GW230811_032116,BASE,51,59,Priors,NAMED,t-max,t-max,tmax,=,2,39fa9ec190eee7b6f4dff1100d6343e10918d044c75eac8f9e9a2596173f80c9,false,,false,false,
PAIR00144:BASE,PAIR00144,GW230811_032116,BASE,52,60,Priors,NAMED,fix-t,fix-t,fixt,=,8,8808c50232d9892eb170c2ce405c2ebea164329d2c50ab7350eed4d28210d0aa,false,,false,false,
PAIR00144:BASE,PAIR00144,GW230811_032116,BASE,53,61,Priors,NAMED,fix-ra,fix-ra,fixra,=,18,178bc167e5db741e9bde49be5abed0104148689e89390e3a02d3f5fbc6245a0d,false,,false,false,
PAIR00144:BASE,PAIR00144,GW230811_032116,BASE,54,62,Priors,NAMED,fix-dec,fix-dec,fixdec,=,19,caea2286a4736a7900dc43274e0926b69e38915eb19c7a446d1ab711f57d3e59,false,,false,false,
PAIR00144:BASE,PAIR00144,GW230811_032116,BASE,55,63,Priors,NAMED,fix-phi,fix-phi,fixphi,=,3,8aed642bf5118b9d3c859bd4be35ecac75b6e873cce34e7b6f554b06f75550d7,false,,false,false,
PAIR00144:VARIANT,PAIR00144,GW230811_032116,VARIANT,1,3,input,NAMED,run-type,run-type,runtype,=,4,a18b869b2e81c0c529552a3c4fa5c92ed08b98a4e146aed778d71d27517f83ac,false,,false,false,
PAIR00144:VARIANT,PAIR00144,GW230811_032116,VARIANT,2,4,input,NAMED,sampling-rate,sampling-rate,samplingrate,=,6,e75c3d41e5235b3b2911777152402ad9c9747a12e0021fab801d0fcc1580d076,false,,false,false,
PAIR00144:VARIANT,PAIR00144,GW230811_032116,VARIANT,3,5,input,NAMED,f-min-bp,f-min-bp,fminbp,=,4,585348dbd28810f9a34f57be46f000c5f9effab894d074713d93fe7ccfeb3b76,false,,false,false,
PAIR00144:VARIANT,PAIR00144,GW230811_032116,VARIANT,4,6,input,NAMED,f-max-bp,f-max-bp,fmaxbp,=,6,fddd30227ad776813b0af144db3610e985b228ba22f365f0132a4b270de7694a,false,,false,false,
PAIR00144:VARIANT,PAIR00144,GW230811_032116,VARIANT,5,7,input,NAMED,output,output,output,=,24,5b2355648694a4527af201b5c1f2cd274e0a3a2fdfb0ad962b6a73a04a0b283b,false,,false,false,
PAIR00144:VARIANT,PAIR00144,GW230811_032116,VARIANT,6,8,input,NAMED,download-data,download-data,downloaddata,=,1,6b86b273ff34fce19d6b804eff5a3f5747ada4eaa22f1d49c01e52ddb7875b4b,false,,false,false,
PAIR00144:VARIANT,PAIR00144,GW230811_032116,VARIANT,7,9,input,NAMED,datalen-download,datalen-download,datalendownload,=,4,f81b732a59389bd6838affaf36f9a3b6d9fe736b4e99f146571a5b1b935283e9,false,,false,false,
PAIR00144:VARIANT,PAIR00144,GW230811_032116,VARIANT,8,10,input,NAMED,channel-H1,channel-h1,channelh1,=,28,19a08d2e9b9f86ab015dfa721d16ffb749bff3c1b6cc9bc57e498d8021581df9,false,,false,false,
PAIR00144:VARIANT,PAIR00144,GW230811_032116,VARIANT,9,11,input,NAMED,channel-L1,channel-l1,channell1,=,28,fcede5f51dc717380e3072435c419d9ca94c127e7d1737dc870bc534d794b981,false,,false,false,
PAIR00144:VARIANT,PAIR00144,GW230811_032116,VARIANT,10,12,input,NAMED,channel-V1,channel-v1,channelv1,=,0,e3b0c44298fc1c149afbf4c8996fb92427ae41e4649b934ca495991b7852b855,false,,false,false,
PAIR00144:VARIANT,PAIR00144,GW230811_032116,VARIANT,11,13,input,NAMED,data-H1,data-h1,datah1,=,0,e3b0c44298fc1c149afbf4c8996fb92427ae41e4649b934ca495991b7852b855,false,,false,false,
PAIR00144:VARIANT,PAIR00144,GW230811_032116,VARIANT,12,14,input,NAMED,data-L1,data-l1,datal1,=,0,e3b0c44298fc1c149afbf4c8996fb92427ae41e4649b934ca495991b7852b855,false,,false,false,
PAIR00144:VARIANT,PAIR00144,GW230811_032116,VARIANT,13,15,input,NAMED,data-V1,data-v1,datav1,=,0,e3b0c44298fc1c149afbf4c8996fb92427ae41e4649b934ca495991b7852b855,false,,false,false,
PAIR00144:VARIANT,PAIR00144,GW230811_032116,VARIANT,14,16,input,NAMED,ignore-data-filename,ignore-data-filename,ignoredatafilename,=,1,5feceb66ffc86f38d952786c6d696c79c2dbc239dd4e91b46729d73a27fb57e9,false,,false,false,
PAIR00144:VARIANT,PAIR00144,GW230811_032116,VARIANT,15,17,input,NAMED,gw-data-find,gw-data-find,gwdatafind,=,1,5feceb66ffc86f38d952786c6d696c79c2dbc239dd4e91b46729d73a27fb57e9,false,,false,false,
PAIR00144:VARIANT,PAIR00144,GW230811_032116,VARIANT,16,18,input,NAMED,gw-data-type-H1,gw-data-type-h1,gwdatatypeh1,=,0,e3b0c44298fc1c149afbf4c8996fb92427ae41e4649b934ca495991b7852b855,false,,false,false,
PAIR00144:VARIANT,PAIR00144,GW230811_032116,VARIANT,17,19,input,NAMED,gw-data-type-L1,gw-data-type-l1,gwdatatypel1,=,0,e3b0c44298fc1c149afbf4c8996fb92427ae41e4649b934ca495991b7852b855,false,,false,false,
PAIR00144:VARIANT,PAIR00144,GW230811_032116,VARIANT,18,20,input,NAMED,gw-data-type-V1,gw-data-type-v1,gwdatatypev1,=,0,e3b0c44298fc1c149afbf4c8996fb92427ae41e4649b934ca495991b7852b855,false,,false,false,
PAIR00144:VARIANT,PAIR00144,GW230811_032116,VARIANT,19,21,input,NAMED,ref-det,ref-det,refdet,=,2,8bf797aa02bd65b7cbd52155f6e010be77bb3d461320dac4c74c12d749d81066,false,,false,false,
PAIR00144:VARIANT,PAIR00144,GW230811_032116,VARIANT,20,22,input,NAMED,trigtime,trigtime,trigtime,=,18,72a2ffb3ebc25f4bbe92ea30e9039a2d8337f1518f2d766283b9fe6655fe4621,false,,false,false,
PAIR00144:VARIANT,PAIR00144,GW230811_032116,VARIANT,21,23,input,NAMED,detectors,detectors,detectors,=,5,3b0244de8d58e5217d2f9d33788bf9ff487c7cf82068b932f86e382eefc8bcfe,false,,false,false,
PAIR00144:VARIANT,PAIR00144,GW230811_032116,VARIANT,22,24,input,NAMED,window-onsource,window-onsource,windowonsource,=,1,5feceb66ffc86f38d952786c6d696c79c2dbc239dd4e91b46729d73a27fb57e9,false,,false,false,
PAIR00144:VARIANT,PAIR00144,GW230811_032116,VARIANT,23,25,input,NAMED,noise-chunksize,noise-chunksize,noisechunksize,=,3,fbd04e1aae9ce0b11a8946e2c9ac2619f7428a64d32d01eff61d809dcb70ee8e,false,,false,false,
PAIR00144:VARIANT,PAIR00144,GW230811_032116,VARIANT,24,26,input,NAMED,signal-chunksize,signal-chunksize,signalchunksize,=,3,fbd04e1aae9ce0b11a8946e2c9ac2619f7428a64d32d01eff61d809dcb70ee8e,false,,false,false,
PAIR00144:VARIANT,PAIR00144,GW230811_032116,VARIANT,25,27,input,NAMED,amp-non-prec-sym,amp-non-prec-sym,ampnonprecsym,=,1,6b86b273ff34fce19d6b804eff5a3f5747ada4eaa22f1d49c01e52ddb7875b4b,false,,false,false,
PAIR00144:VARIANT,PAIR00144,GW230811_032116,VARIANT,26,28,input,NAMED,max-Kerr-amp-ratio,max-kerr-amp-ratio,maxkerrampratio,=,3,8aed642bf5118b9d3c859bd4be35ecac75b6e873cce34e7b6f554b06f75550d7,true,TARGET_LIKE_CANDIDATE,true,false,0.0
PAIR00144:VARIANT,PAIR00144,GW230811_032116,VARIANT,27,29,input,NAMED,kerr-modes,kerr-modes,kerrmodes,=,22,bc200f256cf28b74cec3f8e364af97fbd24eb4ea100fb87bf554622a407e809f,true,KERR_MODES,true,false,"[(2,2,2,0), (2,2,2,1)]"
PAIR00144:VARIANT,PAIR00144,GW230811_032116,VARIANT,28,30,input,NAMED,spheroidal,spheroidal,spheroidal,=,1,5feceb66ffc86f38d952786c6d696c79c2dbc239dd4e91b46729d73a27fb57e9,false,,false,false,
PAIR00144:VARIANT,PAIR00144,GW230811_032116,VARIANT,29,31,input,NAMED,reference-amplitude,reference-amplitude,referenceamplitude,=,5,64a930966aa1b51c0cc3f0747e943493b4dd46e75f7aba72f837f9adfa7d8c3d,false,,false,false,
PAIR00144:VARIANT,PAIR00144,GW230811_032116,VARIANT,30,32,input,NAMED,psd-H1,psd-h1,psdh1,=,0,e3b0c44298fc1c149afbf4c8996fb92427ae41e4649b934ca495991b7852b855,false,,false,false,
PAIR00144:VARIANT,PAIR00144,GW230811_032116,VARIANT,31,33,input,NAMED,psd-L1,psd-l1,psdl1,=,0,e3b0c44298fc1c149afbf4c8996fb92427ae41e4649b934ca495991b7852b855,false,,false,false,
PAIR00144:VARIANT,PAIR00144,GW230811_032116,VARIANT,32,34,input,NAMED,psd-V1,psd-v1,psdv1,=,0,e3b0c44298fc1c149afbf4c8996fb92427ae41e4649b934ca495991b7852b855,false,,false,false,
PAIR00144:VARIANT,PAIR00144,GW230811_032116,VARIANT,33,35,input,NAMED,injection-T,injection-t,injectiont,=,1,5feceb66ffc86f38d952786c6d696c79c2dbc239dd4e91b46729d73a27fb57e9,false,,false,false,
PAIR00144:VARIANT,PAIR00144,GW230811_032116,VARIANT,34,36,input,NAMED,injection-scaling,injection-scaling,injectionscaling,=,3,d0ff5974b6aa52cf562bea5921840c032a860a91a3512f7fe8f768f6bbe005f6,false,,false,false,
PAIR00144:VARIANT,PAIR00144,GW230811_032116,VARIANT,35,37,input,NAMED,gaussian-noise,gaussian-noise,gaussiannoise,=,0,e3b0c44298fc1c149afbf4c8996fb92427ae41e4649b934ca495991b7852b855,false,,false,false,
PAIR00144:VARIANT,PAIR00144,GW230811_032116,VARIANT,36,38,input,NAMED,injection-approximant,injection-approximant,injectionapproximant,=,0,e3b0c44298fc1c149afbf4c8996fb92427ae41e4649b934ca495991b7852b855,false,,false,false,
PAIR00144:VARIANT,PAIR00144,GW230811_032116,VARIANT,37,39,input,NAMED,zero-noise,zero-noise,zeronoise,=,1,5feceb66ffc86f38d952786c6d696c79c2dbc239dd4e91b46729d73a27fb57e9,false,,false,false,
PAIR00144:VARIANT,PAIR00144,GW230811_032116,VARIANT,38,40,input,NAMED,sky-frame,sky-frame,skyframe,=,10,5df6b59dfafca1111fa87f6072971ed8f4719d44cfe95bd6a7490e0e7010579d,false,,false,false,
PAIR00144:VARIANT,PAIR00144,GW230811_032116,VARIANT,39,41,input,NAMED,truncate,truncate,truncate,=,1,6b86b273ff34fce19d6b804eff5a3f5747ada4eaa22f1d49c01e52ddb7875b4b,false,,false,false,
PAIR00144:VARIANT,PAIR00144,GW230811_032116,VARIANT,40,42,input,NAMED,analysis-duration,analysis-duration,analysisduration,=,3,44896b09365746b5f7167ee4d64988a38f7f4628803cbf86224e74eeb7c69e9d,false,,false,false,
PAIR00144:VARIANT,PAIR00144,GW230811_032116,VARIANT,41,43,input,NAMED,run-tag,run-tag,runtag,=,5,750f7eda495bfdb2e6c52c5b7d767da4f33e2633683373a2f914e96c0a7407a8,false,,false,false,
PAIR00144:VARIANT,PAIR00144,GW230811_032116,VARIANT,42,47,Sampler settings,NAMED,nlive,nlive,nlive,=,4,8b926d75599a618e21f1341318e66517be26e18cc7496783d2b59758c1333be8,false,,false,false,
PAIR00144:VARIANT,PAIR00144,GW230811_032116,VARIANT,43,48,Sampler settings,NAMED,poolsize,poolsize,poolsize,=,3,ad57366865126e55649ecb23ae1d48887544976efea46a48eb5d85a6eeb4d306,false,,false,false,
PAIR00144:VARIANT,PAIR00144,GW230811_032116,VARIANT,44,49,Sampler settings,NAMED,maxmcmc,maxmcmc,maxmcmc,=,4,8b926d75599a618e21f1341318e66517be26e18cc7496783d2b59758c1333be8,false,,false,false,
PAIR00144:VARIANT,PAIR00144,GW230811_032116,VARIANT,45,50,Sampler settings,NAMED,nthreads,nthreads,nthreads,=,1,6b86b273ff34fce19d6b804eff5a3f5747ada4eaa22f1d49c01e52ddb7875b4b,false,,false,false,
PAIR00144:VARIANT,PAIR00144,GW230811_032116,VARIANT,46,51,Sampler settings,NAMED,verbose,verbose,verbose,=,1,d4735e3a265e16eee03f59718b9b5d03019c07d8b6c51f90da3a666eec13ab35,false,,false,false,
PAIR00144:VARIANT,PAIR00144,GW230811_032116,VARIANT,47,52,Sampler settings,NAMED,seed,seed,seed,=,4,7b346904f63cc07f1d8cc2d88d7dae08a3f088a0e4159d5214c27a6571a51eb4,false,,false,false,
PAIR00144:VARIANT,PAIR00144,GW230811_032116,VARIANT,48,56,Priors,NAMED,gr-time-prior,gr-time-prior,grtimeprior,=,1,6b86b273ff34fce19d6b804eff5a3f5747ada4eaa22f1d49c01e52ddb7875b4b,false,,false,false,
PAIR00144:VARIANT,PAIR00144,GW230811_032116,VARIANT,49,57,Priors,NAMED,mf-time-prior,mf-time-prior,mftimeprior,=,17,3a4b13c9871ceb326d58f31a023d2f7db195b59bef9f5d97bf0b3754a95ae0e3,false,,false,false,
PAIR00144:VARIANT,PAIR00144,GW230811_032116,VARIANT,50,58,Priors,NAMED,t-min,t-min,tmin,=,2,4a44dc15364204a80fe80e9039455cc1608281820fe2b24f1e5233ade6af1dd5,false,,false,false,
PAIR00144:VARIANT,PAIR00144,GW230811_032116,VARIANT,51,59,Priors,NAMED,t-max,t-max,tmax,=,2,39fa9ec190eee7b6f4dff1100d6343e10918d044c75eac8f9e9a2596173f80c9,false,,false,false,
PAIR00144:VARIANT,PAIR00144,GW230811_032116,VARIANT,52,60,Priors,NAMED,fix-t,fix-t,fixt,=,8,8808c50232d9892eb170c2ce405c2ebea164329d2c50ab7350eed4d28210d0aa,false,,false,false,
PAIR00144:VARIANT,PAIR00144,GW230811_032116,VARIANT,53,61,Priors,NAMED,fix-ra,fix-ra,fixra,=,18,178bc167e5db741e9bde49be5abed0104148689e89390e3a02d3f5fbc6245a0d,false,,false,false,
PAIR00144:VARIANT,PAIR00144,GW230811_032116,VARIANT,54,62,Priors,NAMED,fix-dec,fix-dec,fixdec,=,19,caea2286a4736a7900dc43274e0926b69e38915eb19c7a446d1ab711f57d3e59,false,,false,false,
PAIR00144:VARIANT,PAIR00144,GW230811_032116,VARIANT,55,63,Priors,NAMED,fix-phi,fix-phi,fixphi,=,3,8aed642bf5118b9d3c859bd4be35ecac75b6e873cce34e7b6f554b06f75550d7,false,,false,false,
PAIR00187:BASE,PAIR00187,GW230814_061920,BASE,1,3,input,NAMED,run-type,run-type,runtype,=,4,a18b869b2e81c0c529552a3c4fa5c92ed08b98a4e146aed778d71d27517f83ac,false,,false,false,
PAIR00187:BASE,PAIR00187,GW230814_061920,BASE,2,4,input,NAMED,sampling-rate,sampling-rate,samplingrate,=,6,e75c3d41e5235b3b2911777152402ad9c9747a12e0021fab801d0fcc1580d076,false,,false,false,
PAIR00187:BASE,PAIR00187,GW230814_061920,BASE,3,5,input,NAMED,f-min-bp,f-min-bp,fminbp,=,5,55a47467317645e860a7d3bbde0483a91eef541e902121245cd2bdc0fa798bc0,false,,false,false,
PAIR00187:BASE,PAIR00187,GW230814_061920,BASE,4,6,input,NAMED,f-max-bp,f-max-bp,fmaxbp,=,6,fddd30227ad776813b0af144db3610e985b228ba22f365f0132a4b270de7694a,false,,false,false,
PAIR00187:BASE,PAIR00187,GW230814_061920,BASE,5,7,input,NAMED,output,output,output,=,24,5b2355648694a4527af201b5c1f2cd274e0a3a2fdfb0ad962b6a73a04a0b283b,false,,false,false,
PAIR00187:BASE,PAIR00187,GW230814_061920,BASE,6,8,input,NAMED,download-data,download-data,downloaddata,=,1,6b86b273ff34fce19d6b804eff5a3f5747ada4eaa22f1d49c01e52ddb7875b4b,false,,false,false,
PAIR00187:BASE,PAIR00187,GW230814_061920,BASE,7,9,input,NAMED,datalen-download,datalen-download,datalendownload,=,4,f81b732a59389bd6838affaf36f9a3b6d9fe736b4e99f146571a5b1b935283e9,false,,false,false,
PAIR00187:BASE,PAIR00187,GW230814_061920,BASE,8,10,input,NAMED,channel-H1,channel-h1,channelh1,=,28,19a08d2e9b9f86ab015dfa721d16ffb749bff3c1b6cc9bc57e498d8021581df9,false,,false,false,
PAIR00187:BASE,PAIR00187,GW230814_061920,BASE,9,11,input,NAMED,channel-L1,channel-l1,channell1,=,28,fcede5f51dc717380e3072435c419d9ca94c127e7d1737dc870bc534d794b981,false,,false,false,
PAIR00187:BASE,PAIR00187,GW230814_061920,BASE,10,12,input,NAMED,channel-V1,channel-v1,channelv1,=,0,e3b0c44298fc1c149afbf4c8996fb92427ae41e4649b934ca495991b7852b855,false,,false,false,
PAIR00187:BASE,PAIR00187,GW230814_061920,BASE,11,13,input,NAMED,data-H1,data-h1,datah1,=,0,e3b0c44298fc1c149afbf4c8996fb92427ae41e4649b934ca495991b7852b855,false,,false,false,
PAIR00187:BASE,PAIR00187,GW230814_061920,BASE,12,14,input,NAMED,data-L1,data-l1,datal1,=,0,e3b0c44298fc1c149afbf4c8996fb92427ae41e4649b934ca495991b7852b855,false,,false,false,
PAIR00187:BASE,PAIR00187,GW230814_061920,BASE,13,15,input,NAMED,data-V1,data-v1,datav1,=,0,e3b0c44298fc1c149afbf4c8996fb92427ae41e4649b934ca495991b7852b855,false,,false,false,
PAIR00187:BASE,PAIR00187,GW230814_061920,BASE,14,16,input,NAMED,ignore-data-filename,ignore-data-filename,ignoredatafilename,=,1,5feceb66ffc86f38d952786c6d696c79c2dbc239dd4e91b46729d73a27fb57e9,false,,false,false,
PAIR00187:BASE,PAIR00187,GW230814_061920,BASE,15,17,input,NAMED,gw-data-find,gw-data-find,gwdatafind,=,1,5feceb66ffc86f38d952786c6d696c79c2dbc239dd4e91b46729d73a27fb57e9,false,,false,false,
PAIR00187:BASE,PAIR00187,GW230814_061920,BASE,16,18,input,NAMED,gw-data-type-H1,gw-data-type-h1,gwdatatypeh1,=,0,e3b0c44298fc1c149afbf4c8996fb92427ae41e4649b934ca495991b7852b855,false,,false,false,
PAIR00187:BASE,PAIR00187,GW230814_061920,BASE,17,19,input,NAMED,gw-data-type-L1,gw-data-type-l1,gwdatatypel1,=,0,e3b0c44298fc1c149afbf4c8996fb92427ae41e4649b934ca495991b7852b855,false,,false,false,
PAIR00187:BASE,PAIR00187,GW230814_061920,BASE,18,20,input,NAMED,gw-data-type-V1,gw-data-type-v1,gwdatatypev1,=,0,e3b0c44298fc1c149afbf4c8996fb92427ae41e4649b934ca495991b7852b855,false,,false,false,
PAIR00187:BASE,PAIR00187,GW230814_061920,BASE,19,21,input,NAMED,ref-det,ref-det,refdet,=,2,8bf797aa02bd65b7cbd52155f6e010be77bb3d461320dac4c74c12d749d81066,false,,false,false,
PAIR00187:BASE,PAIR00187,GW230814_061920,BASE,20,22,input,NAMED,trigtime,trigtime,trigtime,=,16,485eb2a046efec8d4302705c256792f291e24a17b53d1f8919e14d7c7520b5de,false,,false,false,
PAIR00187:BASE,PAIR00187,GW230814_061920,BASE,21,23,input,NAMED,detectors,detectors,detectors,=,5,3b0244de8d58e5217d2f9d33788bf9ff487c7cf82068b932f86e382eefc8bcfe,false,,false,false,
PAIR00187:BASE,PAIR00187,GW230814_061920,BASE,22,24,input,NAMED,window-onsource,window-onsource,windowonsource,=,1,5feceb66ffc86f38d952786c6d696c79c2dbc239dd4e91b46729d73a27fb57e9,false,,false,false,
PAIR00187:BASE,PAIR00187,GW230814_061920,BASE,23,25,input,NAMED,noise-chunksize,noise-chunksize,noisechunksize,=,3,fbd04e1aae9ce0b11a8946e2c9ac2619f7428a64d32d01eff61d809dcb70ee8e,false,,false,false,
PAIR00187:BASE,PAIR00187,GW230814_061920,BASE,24,26,input,NAMED,signal-chunksize,signal-chunksize,signalchunksize,=,3,fbd04e1aae9ce0b11a8946e2c9ac2619f7428a64d32d01eff61d809dcb70ee8e,false,,false,false,
PAIR00187:BASE,PAIR00187,GW230814_061920,BASE,25,27,input,NAMED,amp-non-prec-sym,amp-non-prec-sym,ampnonprecsym,=,1,6b86b273ff34fce19d6b804eff5a3f5747ada4eaa22f1d49c01e52ddb7875b4b,false,,false,false,
PAIR00187:BASE,PAIR00187,GW230814_061920,BASE,26,28,input,NAMED,max-Kerr-amp-ratio,max-kerr-amp-ratio,maxkerrampratio,=,3,8aed642bf5118b9d3c859bd4be35ecac75b6e873cce34e7b6f554b06f75550d7,true,TARGET_LIKE_CANDIDATE,true,false,0.0
PAIR00187:BASE,PAIR00187,GW230814_061920,BASE,27,29,input,NAMED,kerr-modes,kerr-modes,kerrmodes,=,11,918b8617dd99e65be623b6a29009ed5cc07e2badeba955417690d4002c8f430b,true,KERR_MODES,true,false,"[(2,2,2,0)]"
PAIR00187:BASE,PAIR00187,GW230814_061920,BASE,28,30,input,NAMED,spheroidal,spheroidal,spheroidal,=,1,5feceb66ffc86f38d952786c6d696c79c2dbc239dd4e91b46729d73a27fb57e9,false,,false,false,
PAIR00187:BASE,PAIR00187,GW230814_061920,BASE,29,31,input,NAMED,reference-amplitude,reference-amplitude,referenceamplitude,=,5,64a930966aa1b51c0cc3f0747e943493b4dd46e75f7aba72f837f9adfa7d8c3d,false,,false,false,
PAIR00187:BASE,PAIR00187,GW230814_061920,BASE,30,32,input,NAMED,psd-H1,psd-h1,psdh1,=,0,e3b0c44298fc1c149afbf4c8996fb92427ae41e4649b934ca495991b7852b855,false,,false,false,
PAIR00187:BASE,PAIR00187,GW230814_061920,BASE,31,33,input,NAMED,psd-L1,psd-l1,psdl1,=,0,e3b0c44298fc1c149afbf4c8996fb92427ae41e4649b934ca495991b7852b855,false,,false,false,
PAIR00187:BASE,PAIR00187,GW230814_061920,BASE,32,34,input,NAMED,psd-V1,psd-v1,psdv1,=,0,e3b0c44298fc1c149afbf4c8996fb92427ae41e4649b934ca495991b7852b855,false,,false,false,
PAIR00187:BASE,PAIR00187,GW230814_061920,BASE,33,35,input,NAMED,injection-T,injection-t,injectiont,=,1,5feceb66ffc86f38d952786c6d696c79c2dbc239dd4e91b46729d73a27fb57e9,false,,false,false,
PAIR00187:BASE,PAIR00187,GW230814_061920,BASE,34,36,input,NAMED,injection-scaling,injection-scaling,injectionscaling,=,3,d0ff5974b6aa52cf562bea5921840c032a860a91a3512f7fe8f768f6bbe005f6,false,,false,false,
PAIR00187:BASE,PAIR00187,GW230814_061920,BASE,35,37,input,NAMED,gaussian-noise,gaussian-noise,gaussiannoise,=,0,e3b0c44298fc1c149afbf4c8996fb92427ae41e4649b934ca495991b7852b855,false,,false,false,
PAIR00187:BASE,PAIR00187,GW230814_061920,BASE,36,38,input,NAMED,injection-approximant,injection-approximant,injectionapproximant,=,0,e3b0c44298fc1c149afbf4c8996fb92427ae41e4649b934ca495991b7852b855,false,,false,false,
PAIR00187:BASE,PAIR00187,GW230814_061920,BASE,37,39,input,NAMED,zero-noise,zero-noise,zeronoise,=,1,5feceb66ffc86f38d952786c6d696c79c2dbc239dd4e91b46729d73a27fb57e9,false,,false,false,
PAIR00187:BASE,PAIR00187,GW230814_061920,BASE,38,40,input,NAMED,sky-frame,sky-frame,skyframe,=,10,5df6b59dfafca1111fa87f6072971ed8f4719d44cfe95bd6a7490e0e7010579d,false,,false,false,
PAIR00187:BASE,PAIR00187,GW230814_061920,BASE,39,41,input,NAMED,truncate,truncate,truncate,=,1,6b86b273ff34fce19d6b804eff5a3f5747ada4eaa22f1d49c01e52ddb7875b4b,false,,false,false,
PAIR00187:BASE,PAIR00187,GW230814_061920,BASE,40,42,input,NAMED,analysis-duration,analysis-duration,analysisduration,=,3,44896b09365746b5f7167ee4d64988a38f7f4628803cbf86224e74eeb7c69e9d,false,,false,false,
PAIR00187:BASE,PAIR00187,GW230814_061920,BASE,41,43,input,NAMED,run-tag,run-tag,runtag,=,6,b80f6b485bcb2eb62c8837dc0584594ad24fdae1debd0342debf7e038d14c866,false,,false,false,
PAIR00187:BASE,PAIR00187,GW230814_061920,BASE,42,47,Sampler settings,NAMED,nlive,nlive,nlive,=,4,8b926d75599a618e21f1341318e66517be26e18cc7496783d2b59758c1333be8,false,,false,false,
PAIR00187:BASE,PAIR00187,GW230814_061920,BASE,43,48,Sampler settings,NAMED,poolsize,poolsize,poolsize,=,3,ad57366865126e55649ecb23ae1d48887544976efea46a48eb5d85a6eeb4d306,false,,false,false,
PAIR00187:BASE,PAIR00187,GW230814_061920,BASE,44,49,Sampler settings,NAMED,maxmcmc,maxmcmc,maxmcmc,=,4,8b926d75599a618e21f1341318e66517be26e18cc7496783d2b59758c1333be8,false,,false,false,
PAIR00187:BASE,PAIR00187,GW230814_061920,BASE,45,50,Sampler settings,NAMED,nthreads,nthreads,nthreads,=,1,6b86b273ff34fce19d6b804eff5a3f5747ada4eaa22f1d49c01e52ddb7875b4b,false,,false,false,
PAIR00187:BASE,PAIR00187,GW230814_061920,BASE,46,51,Sampler settings,NAMED,verbose,verbose,verbose,=,1,d4735e3a265e16eee03f59718b9b5d03019c07d8b6c51f90da3a666eec13ab35,false,,false,false,
PAIR00187:BASE,PAIR00187,GW230814_061920,BASE,47,52,Sampler settings,NAMED,seed,seed,seed,=,4,7b346904f63cc07f1d8cc2d88d7dae08a3f088a0e4159d5214c27a6571a51eb4,false,,false,false,
PAIR00187:BASE,PAIR00187,GW230814_061920,BASE,48,56,Priors,NAMED,gr-time-prior,gr-time-prior,grtimeprior,=,1,6b86b273ff34fce19d6b804eff5a3f5747ada4eaa22f1d49c01e52ddb7875b4b,false,,false,false,
PAIR00187:BASE,PAIR00187,GW230814_061920,BASE,49,57,Priors,NAMED,mf-time-prior,mf-time-prior,mftimeprior,=,18,7b54086ddf455bb4a7e8005df18922436b1fc461e53f75390c88eb82b8ec81b7,false,,false,false,
PAIR00187:BASE,PAIR00187,GW230814_061920,BASE,50,58,Priors,NAMED,t-min,t-min,tmin,=,2,4a44dc15364204a80fe80e9039455cc1608281820fe2b24f1e5233ade6af1dd5,false,,false,false,
PAIR00187:BASE,PAIR00187,GW230814_061920,BASE,51,59,Priors,NAMED,t-max,t-max,tmax,=,2,39fa9ec190eee7b6f4dff1100d6343e10918d044c75eac8f9e9a2596173f80c9,false,,false,false,
PAIR00187:BASE,PAIR00187,GW230814_061920,BASE,52,60,Priors,NAMED,fix-t,fix-t,fixt,=,8,79a97bb06937a36428e9c58800a6745c20de82a7ab0851c115470781552664ff,false,,false,false,
PAIR00187:BASE,PAIR00187,GW230814_061920,BASE,53,61,Priors,NAMED,fix-ra,fix-ra,fixra,=,17,17dff86bdc4b782aa886ab3f6404a9db8783fee92d0a14c8ef661b44cbca5070,false,,false,false,
PAIR00187:BASE,PAIR00187,GW230814_061920,BASE,54,62,Priors,NAMED,fix-dec,fix-dec,fixdec,=,19,463e51fc8c912e7b14030672d55dcbc83cb0835381f929512c0d25c74114204f,false,,false,false,
PAIR00187:BASE,PAIR00187,GW230814_061920,BASE,55,63,Priors,NAMED,fix-phi,fix-phi,fixphi,=,3,8aed642bf5118b9d3c859bd4be35ecac75b6e873cce34e7b6f554b06f75550d7,false,,false,false,
PAIR00187:VARIANT,PAIR00187,GW230814_061920,VARIANT,1,3,input,NAMED,run-type,run-type,runtype,=,4,a18b869b2e81c0c529552a3c4fa5c92ed08b98a4e146aed778d71d27517f83ac,false,,false,false,
PAIR00187:VARIANT,PAIR00187,GW230814_061920,VARIANT,2,4,input,NAMED,sampling-rate,sampling-rate,samplingrate,=,6,e75c3d41e5235b3b2911777152402ad9c9747a12e0021fab801d0fcc1580d076,false,,false,false,
PAIR00187:VARIANT,PAIR00187,GW230814_061920,VARIANT,3,5,input,NAMED,f-min-bp,f-min-bp,fminbp,=,5,55a47467317645e860a7d3bbde0483a91eef541e902121245cd2bdc0fa798bc0,false,,false,false,
PAIR00187:VARIANT,PAIR00187,GW230814_061920,VARIANT,4,6,input,NAMED,f-max-bp,f-max-bp,fmaxbp,=,6,fddd30227ad776813b0af144db3610e985b228ba22f365f0132a4b270de7694a,false,,false,false,
PAIR00187:VARIANT,PAIR00187,GW230814_061920,VARIANT,5,7,input,NAMED,output,output,output,=,24,5b2355648694a4527af201b5c1f2cd274e0a3a2fdfb0ad962b6a73a04a0b283b,false,,false,false,
PAIR00187:VARIANT,PAIR00187,GW230814_061920,VARIANT,6,8,input,NAMED,download-data,download-data,downloaddata,=,1,6b86b273ff34fce19d6b804eff5a3f5747ada4eaa22f1d49c01e52ddb7875b4b,false,,false,false,
PAIR00187:VARIANT,PAIR00187,GW230814_061920,VARIANT,7,9,input,NAMED,datalen-download,datalen-download,datalendownload,=,4,f81b732a59389bd6838affaf36f9a3b6d9fe736b4e99f146571a5b1b935283e9,false,,false,false,
PAIR00187:VARIANT,PAIR00187,GW230814_061920,VARIANT,8,10,input,NAMED,channel-H1,channel-h1,channelh1,=,28,19a08d2e9b9f86ab015dfa721d16ffb749bff3c1b6cc9bc57e498d8021581df9,false,,false,false,
PAIR00187:VARIANT,PAIR00187,GW230814_061920,VARIANT,9,11,input,NAMED,channel-L1,channel-l1,channell1,=,28,fcede5f51dc717380e3072435c419d9ca94c127e7d1737dc870bc534d794b981,false,,false,false,
PAIR00187:VARIANT,PAIR00187,GW230814_061920,VARIANT,10,12,input,NAMED,channel-V1,channel-v1,channelv1,=,0,e3b0c44298fc1c149afbf4c8996fb92427ae41e4649b934ca495991b7852b855,false,,false,false,
PAIR00187:VARIANT,PAIR00187,GW230814_061920,VARIANT,11,13,input,NAMED,data-H1,data-h1,datah1,=,0,e3b0c44298fc1c149afbf4c8996fb92427ae41e4649b934ca495991b7852b855,false,,false,false,
PAIR00187:VARIANT,PAIR00187,GW230814_061920,VARIANT,12,14,input,NAMED,data-L1,data-l1,datal1,=,0,e3b0c44298fc1c149afbf4c8996fb92427ae41e4649b934ca495991b7852b855,false,,false,false,
PAIR00187:VARIANT,PAIR00187,GW230814_061920,VARIANT,13,15,input,NAMED,data-V1,data-v1,datav1,=,0,e3b0c44298fc1c149afbf4c8996fb92427ae41e4649b934ca495991b7852b855,false,,false,false,
PAIR00187:VARIANT,PAIR00187,GW230814_061920,VARIANT,14,16,input,NAMED,ignore-data-filename,ignore-data-filename,ignoredatafilename,=,1,5feceb66ffc86f38d952786c6d696c79c2dbc239dd4e91b46729d73a27fb57e9,false,,false,false,
PAIR00187:VARIANT,PAIR00187,GW230814_061920,VARIANT,15,17,input,NAMED,gw-data-find,gw-data-find,gwdatafind,=,1,5feceb66ffc86f38d952786c6d696c79c2dbc239dd4e91b46729d73a27fb57e9,false,,false,false,
PAIR00187:VARIANT,PAIR00187,GW230814_061920,VARIANT,16,18,input,NAMED,gw-data-type-H1,gw-data-type-h1,gwdatatypeh1,=,0,e3b0c44298fc1c149afbf4c8996fb92427ae41e4649b934ca495991b7852b855,false,,false,false,
PAIR00187:VARIANT,PAIR00187,GW230814_061920,VARIANT,17,19,input,NAMED,gw-data-type-L1,gw-data-type-l1,gwdatatypel1,=,0,e3b0c44298fc1c149afbf4c8996fb92427ae41e4649b934ca495991b7852b855,false,,false,false,
PAIR00187:VARIANT,PAIR00187,GW230814_061920,VARIANT,18,20,input,NAMED,gw-data-type-V1,gw-data-type-v1,gwdatatypev1,=,0,e3b0c44298fc1c149afbf4c8996fb92427ae41e4649b934ca495991b7852b855,false,,false,false,
PAIR00187:VARIANT,PAIR00187,GW230814_061920,VARIANT,19,21,input,NAMED,ref-det,ref-det,refdet,=,2,8bf797aa02bd65b7cbd52155f6e010be77bb3d461320dac4c74c12d749d81066,false,,false,false,
PAIR00187:VARIANT,PAIR00187,GW230814_061920,VARIANT,20,22,input,NAMED,trigtime,trigtime,trigtime,=,16,485eb2a046efec8d4302705c256792f291e24a17b53d1f8919e14d7c7520b5de,false,,false,false,
PAIR00187:VARIANT,PAIR00187,GW230814_061920,VARIANT,21,23,input,NAMED,detectors,detectors,detectors,=,5,3b0244de8d58e5217d2f9d33788bf9ff487c7cf82068b932f86e382eefc8bcfe,false,,false,false,
PAIR00187:VARIANT,PAIR00187,GW230814_061920,VARIANT,22,24,input,NAMED,window-onsource,window-onsource,windowonsource,=,1,5feceb66ffc86f38d952786c6d696c79c2dbc239dd4e91b46729d73a27fb57e9,false,,false,false,
PAIR00187:VARIANT,PAIR00187,GW230814_061920,VARIANT,23,25,input,NAMED,noise-chunksize,noise-chunksize,noisechunksize,=,3,fbd04e1aae9ce0b11a8946e2c9ac2619f7428a64d32d01eff61d809dcb70ee8e,false,,false,false,
PAIR00187:VARIANT,PAIR00187,GW230814_061920,VARIANT,24,26,input,NAMED,signal-chunksize,signal-chunksize,signalchunksize,=,3,fbd04e1aae9ce0b11a8946e2c9ac2619f7428a64d32d01eff61d809dcb70ee8e,false,,false,false,
PAIR00187:VARIANT,PAIR00187,GW230814_061920,VARIANT,25,27,input,NAMED,amp-non-prec-sym,amp-non-prec-sym,ampnonprecsym,=,1,6b86b273ff34fce19d6b804eff5a3f5747ada4eaa22f1d49c01e52ddb7875b4b,false,,false,false,
PAIR00187:VARIANT,PAIR00187,GW230814_061920,VARIANT,26,28,input,NAMED,max-Kerr-amp-ratio,max-kerr-amp-ratio,maxkerrampratio,=,3,8aed642bf5118b9d3c859bd4be35ecac75b6e873cce34e7b6f554b06f75550d7,true,TARGET_LIKE_CANDIDATE,true,false,0.0
PAIR00187:VARIANT,PAIR00187,GW230814_061920,VARIANT,27,29,input,NAMED,kerr-modes,kerr-modes,kerrmodes,=,22,0d595cf40cf2425dc35d46e50a22b46261bb94fc6f61b36520f527c1cd03168f,true,KERR_MODES,true,false,"[(2,2,2,0), (2,2,0,0)]"
PAIR00187:VARIANT,PAIR00187,GW230814_061920,VARIANT,28,30,input,NAMED,spheroidal,spheroidal,spheroidal,=,1,5feceb66ffc86f38d952786c6d696c79c2dbc239dd4e91b46729d73a27fb57e9,false,,false,false,
PAIR00187:VARIANT,PAIR00187,GW230814_061920,VARIANT,29,31,input,NAMED,reference-amplitude,reference-amplitude,referenceamplitude,=,5,64a930966aa1b51c0cc3f0747e943493b4dd46e75f7aba72f837f9adfa7d8c3d,false,,false,false,
PAIR00187:VARIANT,PAIR00187,GW230814_061920,VARIANT,30,32,input,NAMED,psd-H1,psd-h1,psdh1,=,0,e3b0c44298fc1c149afbf4c8996fb92427ae41e4649b934ca495991b7852b855,false,,false,false,
PAIR00187:VARIANT,PAIR00187,GW230814_061920,VARIANT,31,33,input,NAMED,psd-L1,psd-l1,psdl1,=,0,e3b0c44298fc1c149afbf4c8996fb92427ae41e4649b934ca495991b7852b855,false,,false,false,
PAIR00187:VARIANT,PAIR00187,GW230814_061920,VARIANT,32,34,input,NAMED,psd-V1,psd-v1,psdv1,=,0,e3b0c44298fc1c149afbf4c8996fb92427ae41e4649b934ca495991b7852b855,false,,false,false,
PAIR00187:VARIANT,PAIR00187,GW230814_061920,VARIANT,33,35,input,NAMED,injection-T,injection-t,injectiont,=,1,5feceb66ffc86f38d952786c6d696c79c2dbc239dd4e91b46729d73a27fb57e9,false,,false,false,
PAIR00187:VARIANT,PAIR00187,GW230814_061920,VARIANT,34,36,input,NAMED,injection-scaling,injection-scaling,injectionscaling,=,3,d0ff5974b6aa52cf562bea5921840c032a860a91a3512f7fe8f768f6bbe005f6,false,,false,false,
PAIR00187:VARIANT,PAIR00187,GW230814_061920,VARIANT,35,37,input,NAMED,gaussian-noise,gaussian-noise,gaussiannoise,=,0,e3b0c44298fc1c149afbf4c8996fb92427ae41e4649b934ca495991b7852b855,false,,false,false,
PAIR00187:VARIANT,PAIR00187,GW230814_061920,VARIANT,36,38,input,NAMED,injection-approximant,injection-approximant,injectionapproximant,=,0,e3b0c44298fc1c149afbf4c8996fb92427ae41e4649b934ca495991b7852b855,false,,false,false,
PAIR00187:VARIANT,PAIR00187,GW230814_061920,VARIANT,37,39,input,NAMED,zero-noise,zero-noise,zeronoise,=,1,5feceb66ffc86f38d952786c6d696c79c2dbc239dd4e91b46729d73a27fb57e9,false,,false,false,
PAIR00187:VARIANT,PAIR00187,GW230814_061920,VARIANT,38,40,input,NAMED,sky-frame,sky-frame,skyframe,=,10,5df6b59dfafca1111fa87f6072971ed8f4719d44cfe95bd6a7490e0e7010579d,false,,false,false,
PAIR00187:VARIANT,PAIR00187,GW230814_061920,VARIANT,39,41,input,NAMED,truncate,truncate,truncate,=,1,6b86b273ff34fce19d6b804eff5a3f5747ada4eaa22f1d49c01e52ddb7875b4b,false,,false,false,
PAIR00187:VARIANT,PAIR00187,GW230814_061920,VARIANT,40,42,input,NAMED,analysis-duration,analysis-duration,analysisduration,=,3,44896b09365746b5f7167ee4d64988a38f7f4628803cbf86224e74eeb7c69e9d,false,,false,false,
PAIR00187:VARIANT,PAIR00187,GW230814_061920,VARIANT,41,43,input,NAMED,run-tag,run-tag,runtag,=,6,b80f6b485bcb2eb62c8837dc0584594ad24fdae1debd0342debf7e038d14c866,false,,false,false,
PAIR00187:VARIANT,PAIR00187,GW230814_061920,VARIANT,42,47,Sampler settings,NAMED,nlive,nlive,nlive,=,4,8b926d75599a618e21f1341318e66517be26e18cc7496783d2b59758c1333be8,false,,false,false,
PAIR00187:VARIANT,PAIR00187,GW230814_061920,VARIANT,43,48,Sampler settings,NAMED,poolsize,poolsize,poolsize,=,3,ad57366865126e55649ecb23ae1d48887544976efea46a48eb5d85a6eeb4d306,false,,false,false,
PAIR00187:VARIANT,PAIR00187,GW230814_061920,VARIANT,44,49,Sampler settings,NAMED,maxmcmc,maxmcmc,maxmcmc,=,4,8b926d75599a618e21f1341318e66517be26e18cc7496783d2b59758c1333be8,false,,false,false,
PAIR00187:VARIANT,PAIR00187,GW230814_061920,VARIANT,45,50,Sampler settings,NAMED,nthreads,nthreads,nthreads,=,1,6b86b273ff34fce19d6b804eff5a3f5747ada4eaa22f1d49c01e52ddb7875b4b,false,,false,false,
PAIR00187:VARIANT,PAIR00187,GW230814_061920,VARIANT,46,51,Sampler settings,NAMED,verbose,verbose,verbose,=,1,d4735e3a265e16eee03f59718b9b5d03019c07d8b6c51f90da3a666eec13ab35,false,,false,false,
PAIR00187:VARIANT,PAIR00187,GW230814_061920,VARIANT,47,52,Sampler settings,NAMED,seed,seed,seed,=,4,7b346904f63cc07f1d8cc2d88d7dae08a3f088a0e4159d5214c27a6571a51eb4,false,,false,false,
PAIR00187:VARIANT,PAIR00187,GW230814_061920,VARIANT,48,56,Priors,NAMED,gr-time-prior,gr-time-prior,grtimeprior,=,1,6b86b273ff34fce19d6b804eff5a3f5747ada4eaa22f1d49c01e52ddb7875b4b,false,,false,false,
PAIR00187:VARIANT,PAIR00187,GW230814_061920,VARIANT,49,57,Priors,NAMED,mf-time-prior,mf-time-prior,mftimeprior,=,18,7b54086ddf455bb4a7e8005df18922436b1fc461e53f75390c88eb82b8ec81b7,false,,false,false,
PAIR00187:VARIANT,PAIR00187,GW230814_061920,VARIANT,50,58,Priors,NAMED,t-min,t-min,tmin,=,2,4a44dc15364204a80fe80e9039455cc1608281820fe2b24f1e5233ade6af1dd5,false,,false,false,
PAIR00187:VARIANT,PAIR00187,GW230814_061920,VARIANT,51,59,Priors,NAMED,t-max,t-max,tmax,=,2,39fa9ec190eee7b6f4dff1100d6343e10918d044c75eac8f9e9a2596173f80c9,false,,false,false,
PAIR00187:VARIANT,PAIR00187,GW230814_061920,VARIANT,52,60,Priors,NAMED,fix-t,fix-t,fixt,=,8,79a97bb06937a36428e9c58800a6745c20de82a7ab0851c115470781552664ff,false,,false,false,
PAIR00187:VARIANT,PAIR00187,GW230814_061920,VARIANT,53,61,Priors,NAMED,fix-ra,fix-ra,fixra,=,17,17dff86bdc4b782aa886ab3f6404a9db8783fee92d0a14c8ef661b44cbca5070,false,,false,false,
PAIR00187:VARIANT,PAIR00187,GW230814_061920,VARIANT,54,62,Priors,NAMED,fix-dec,fix-dec,fixdec,=,19,463e51fc8c912e7b14030672d55dcbc83cb0835381f929512c0d25c74114204f,false,,false,false,
PAIR00187:VARIANT,PAIR00187,GW230814_061920,VARIANT,55,63,Priors,NAMED,fix-phi,fix-phi,fixphi,=,3,8aed642bf5118b9d3c859bd4be35ecac75b6e873cce34e7b6f554b06f75550d7,false,,false,false,
PAIR00225:BASE,PAIR00225,GW230824_033047,BASE,1,3,input,NAMED,run-type,run-type,runtype,=,4,a18b869b2e81c0c529552a3c4fa5c92ed08b98a4e146aed778d71d27517f83ac,false,,false,false,
PAIR00225:BASE,PAIR00225,GW230824_033047,BASE,2,4,input,NAMED,sampling-rate,sampling-rate,samplingrate,=,6,e75c3d41e5235b3b2911777152402ad9c9747a12e0021fab801d0fcc1580d076,false,,false,false,
PAIR00225:BASE,PAIR00225,GW230824_033047,BASE,3,5,input,NAMED,f-min-bp,f-min-bp,fminbp,=,5,bf7cdbe2c3a2872d97448df6b0963274dd371d3335e960f59b9e6da57c728523,false,,false,false,
PAIR00225:BASE,PAIR00225,GW230824_033047,BASE,4,6,input,NAMED,f-max-bp,f-max-bp,fmaxbp,=,6,fddd30227ad776813b0af144db3610e985b228ba22f365f0132a4b270de7694a,false,,false,false,
PAIR00225:BASE,PAIR00225,GW230824_033047,BASE,5,7,input,NAMED,output,output,output,=,24,5b2355648694a4527af201b5c1f2cd274e0a3a2fdfb0ad962b6a73a04a0b283b,false,,false,false,
PAIR00225:BASE,PAIR00225,GW230824_033047,BASE,6,8,input,NAMED,download-data,download-data,downloaddata,=,1,6b86b273ff34fce19d6b804eff5a3f5747ada4eaa22f1d49c01e52ddb7875b4b,false,,false,false,
PAIR00225:BASE,PAIR00225,GW230824_033047,BASE,7,9,input,NAMED,datalen-download,datalen-download,datalendownload,=,4,f81b732a59389bd6838affaf36f9a3b6d9fe736b4e99f146571a5b1b935283e9,false,,false,false,
PAIR00225:BASE,PAIR00225,GW230824_033047,BASE,8,10,input,NAMED,channel-H1,channel-h1,channelh1,=,28,19a08d2e9b9f86ab015dfa721d16ffb749bff3c1b6cc9bc57e498d8021581df9,false,,false,false,
PAIR00225:BASE,PAIR00225,GW230824_033047,BASE,9,11,input,NAMED,channel-L1,channel-l1,channell1,=,28,fcede5f51dc717380e3072435c419d9ca94c127e7d1737dc870bc534d794b981,false,,false,false,
PAIR00225:BASE,PAIR00225,GW230824_033047,BASE,10,12,input,NAMED,channel-V1,channel-v1,channelv1,=,0,e3b0c44298fc1c149afbf4c8996fb92427ae41e4649b934ca495991b7852b855,false,,false,false,
PAIR00225:BASE,PAIR00225,GW230824_033047,BASE,11,13,input,NAMED,data-H1,data-h1,datah1,=,0,e3b0c44298fc1c149afbf4c8996fb92427ae41e4649b934ca495991b7852b855,false,,false,false,
PAIR00225:BASE,PAIR00225,GW230824_033047,BASE,12,14,input,NAMED,data-L1,data-l1,datal1,=,0,e3b0c44298fc1c149afbf4c8996fb92427ae41e4649b934ca495991b7852b855,false,,false,false,
PAIR00225:BASE,PAIR00225,GW230824_033047,BASE,13,15,input,NAMED,data-V1,data-v1,datav1,=,0,e3b0c44298fc1c149afbf4c8996fb92427ae41e4649b934ca495991b7852b855,false,,false,false,
PAIR00225:BASE,PAIR00225,GW230824_033047,BASE,14,16,input,NAMED,ignore-data-filename,ignore-data-filename,ignoredatafilename,=,1,5feceb66ffc86f38d952786c6d696c79c2dbc239dd4e91b46729d73a27fb57e9,false,,false,false,
PAIR00225:BASE,PAIR00225,GW230824_033047,BASE,15,17,input,NAMED,gw-data-find,gw-data-find,gwdatafind,=,1,5feceb66ffc86f38d952786c6d696c79c2dbc239dd4e91b46729d73a27fb57e9,false,,false,false,
PAIR00225:BASE,PAIR00225,GW230824_033047,BASE,16,18,input,NAMED,gw-data-type-H1,gw-data-type-h1,gwdatatypeh1,=,0,e3b0c44298fc1c149afbf4c8996fb92427ae41e4649b934ca495991b7852b855,false,,false,false,
PAIR00225:BASE,PAIR00225,GW230824_033047,BASE,17,19,input,NAMED,gw-data-type-L1,gw-data-type-l1,gwdatatypel1,=,0,e3b0c44298fc1c149afbf4c8996fb92427ae41e4649b934ca495991b7852b855,false,,false,false,
PAIR00225:BASE,PAIR00225,GW230824_033047,BASE,18,20,input,NAMED,gw-data-type-V1,gw-data-type-v1,gwdatatypev1,=,0,e3b0c44298fc1c149afbf4c8996fb92427ae41e4649b934ca495991b7852b855,false,,false,false,
PAIR00225:BASE,PAIR00225,GW230824_033047,BASE,19,21,input,NAMED,ref-det,ref-det,refdet,=,2,8bf797aa02bd65b7cbd52155f6e010be77bb3d461320dac4c74c12d749d81066,false,,false,false,
PAIR00225:BASE,PAIR00225,GW230824_033047,BASE,20,22,input,NAMED,trigtime,trigtime,trigtime,=,18,39f3b424707118f4ebeeedc02da550ecf73dc00e93c5a5d8f7aa7f34a26473c0,false,,false,false,
PAIR00225:BASE,PAIR00225,GW230824_033047,BASE,21,23,input,NAMED,detectors,detectors,detectors,=,5,3b0244de8d58e5217d2f9d33788bf9ff487c7cf82068b932f86e382eefc8bcfe,false,,false,false,
PAIR00225:BASE,PAIR00225,GW230824_033047,BASE,22,24,input,NAMED,window-onsource,window-onsource,windowonsource,=,1,5feceb66ffc86f38d952786c6d696c79c2dbc239dd4e91b46729d73a27fb57e9,false,,false,false,
PAIR00225:BASE,PAIR00225,GW230824_033047,BASE,23,25,input,NAMED,noise-chunksize,noise-chunksize,noisechunksize,=,3,fbd04e1aae9ce0b11a8946e2c9ac2619f7428a64d32d01eff61d809dcb70ee8e,false,,false,false,
PAIR00225:BASE,PAIR00225,GW230824_033047,BASE,24,26,input,NAMED,signal-chunksize,signal-chunksize,signalchunksize,=,3,fbd04e1aae9ce0b11a8946e2c9ac2619f7428a64d32d01eff61d809dcb70ee8e,false,,false,false,
PAIR00225:BASE,PAIR00225,GW230824_033047,BASE,25,27,input,NAMED,amp-non-prec-sym,amp-non-prec-sym,ampnonprecsym,=,1,6b86b273ff34fce19d6b804eff5a3f5747ada4eaa22f1d49c01e52ddb7875b4b,false,,false,false,
PAIR00225:BASE,PAIR00225,GW230824_033047,BASE,26,28,input,NAMED,max-Kerr-amp-ratio,max-kerr-amp-ratio,maxkerrampratio,=,3,8aed642bf5118b9d3c859bd4be35ecac75b6e873cce34e7b6f554b06f75550d7,true,TARGET_LIKE_CANDIDATE,true,false,0.0
PAIR00225:BASE,PAIR00225,GW230824_033047,BASE,27,29,input,NAMED,kerr-modes,kerr-modes,kerrmodes,=,11,918b8617dd99e65be623b6a29009ed5cc07e2badeba955417690d4002c8f430b,true,KERR_MODES,true,false,"[(2,2,2,0)]"
PAIR00225:BASE,PAIR00225,GW230824_033047,BASE,28,30,input,NAMED,spheroidal,spheroidal,spheroidal,=,1,5feceb66ffc86f38d952786c6d696c79c2dbc239dd4e91b46729d73a27fb57e9,false,,false,false,
PAIR00225:BASE,PAIR00225,GW230824_033047,BASE,29,31,input,NAMED,reference-amplitude,reference-amplitude,referenceamplitude,=,5,64a930966aa1b51c0cc3f0747e943493b4dd46e75f7aba72f837f9adfa7d8c3d,false,,false,false,
PAIR00225:BASE,PAIR00225,GW230824_033047,BASE,30,32,input,NAMED,psd-H1,psd-h1,psdh1,=,0,e3b0c44298fc1c149afbf4c8996fb92427ae41e4649b934ca495991b7852b855,false,,false,false,
PAIR00225:BASE,PAIR00225,GW230824_033047,BASE,31,33,input,NAMED,psd-L1,psd-l1,psdl1,=,0,e3b0c44298fc1c149afbf4c8996fb92427ae41e4649b934ca495991b7852b855,false,,false,false,
PAIR00225:BASE,PAIR00225,GW230824_033047,BASE,32,34,input,NAMED,psd-V1,psd-v1,psdv1,=,0,e3b0c44298fc1c149afbf4c8996fb92427ae41e4649b934ca495991b7852b855,false,,false,false,
PAIR00225:BASE,PAIR00225,GW230824_033047,BASE,33,35,input,NAMED,injection-T,injection-t,injectiont,=,1,5feceb66ffc86f38d952786c6d696c79c2dbc239dd4e91b46729d73a27fb57e9,false,,false,false,
PAIR00225:BASE,PAIR00225,GW230824_033047,BASE,34,36,input,NAMED,injection-scaling,injection-scaling,injectionscaling,=,3,d0ff5974b6aa52cf562bea5921840c032a860a91a3512f7fe8f768f6bbe005f6,false,,false,false,
PAIR00225:BASE,PAIR00225,GW230824_033047,BASE,35,37,input,NAMED,gaussian-noise,gaussian-noise,gaussiannoise,=,0,e3b0c44298fc1c149afbf4c8996fb92427ae41e4649b934ca495991b7852b855,false,,false,false,
PAIR00225:BASE,PAIR00225,GW230824_033047,BASE,36,38,input,NAMED,injection-approximant,injection-approximant,injectionapproximant,=,0,e3b0c44298fc1c149afbf4c8996fb92427ae41e4649b934ca495991b7852b855,false,,false,false,
PAIR00225:BASE,PAIR00225,GW230824_033047,BASE,37,39,input,NAMED,zero-noise,zero-noise,zeronoise,=,1,5feceb66ffc86f38d952786c6d696c79c2dbc239dd4e91b46729d73a27fb57e9,false,,false,false,
PAIR00225:BASE,PAIR00225,GW230824_033047,BASE,38,40,input,NAMED,sky-frame,sky-frame,skyframe,=,10,5df6b59dfafca1111fa87f6072971ed8f4719d44cfe95bd6a7490e0e7010579d,false,,false,false,
PAIR00225:BASE,PAIR00225,GW230824_033047,BASE,39,41,input,NAMED,truncate,truncate,truncate,=,1,6b86b273ff34fce19d6b804eff5a3f5747ada4eaa22f1d49c01e52ddb7875b4b,false,,false,false,
PAIR00225:BASE,PAIR00225,GW230824_033047,BASE,40,42,input,NAMED,analysis-duration,analysis-duration,analysisduration,=,3,44896b09365746b5f7167ee4d64988a38f7f4628803cbf86224e74eeb7c69e9d,false,,false,false,
PAIR00225:BASE,PAIR00225,GW230824_033047,BASE,41,43,input,NAMED,run-tag,run-tag,runtag,=,6,b80f6b485bcb2eb62c8837dc0584594ad24fdae1debd0342debf7e038d14c866,false,,false,false,
PAIR00225:BASE,PAIR00225,GW230824_033047,BASE,42,47,Sampler settings,NAMED,nlive,nlive,nlive,=,4,8b926d75599a618e21f1341318e66517be26e18cc7496783d2b59758c1333be8,false,,false,false,
PAIR00225:BASE,PAIR00225,GW230824_033047,BASE,43,48,Sampler settings,NAMED,poolsize,poolsize,poolsize,=,3,ad57366865126e55649ecb23ae1d48887544976efea46a48eb5d85a6eeb4d306,false,,false,false,
PAIR00225:BASE,PAIR00225,GW230824_033047,BASE,44,49,Sampler settings,NAMED,maxmcmc,maxmcmc,maxmcmc,=,4,8b926d75599a618e21f1341318e66517be26e18cc7496783d2b59758c1333be8,false,,false,false,
PAIR00225:BASE,PAIR00225,GW230824_033047,BASE,45,50,Sampler settings,NAMED,nthreads,nthreads,nthreads,=,1,6b86b273ff34fce19d6b804eff5a3f5747ada4eaa22f1d49c01e52ddb7875b4b,false,,false,false,
PAIR00225:BASE,PAIR00225,GW230824_033047,BASE,46,51,Sampler settings,NAMED,verbose,verbose,verbose,=,1,d4735e3a265e16eee03f59718b9b5d03019c07d8b6c51f90da3a666eec13ab35,false,,false,false,
PAIR00225:BASE,PAIR00225,GW230824_033047,BASE,47,52,Sampler settings,NAMED,seed,seed,seed,=,4,7b346904f63cc07f1d8cc2d88d7dae08a3f088a0e4159d5214c27a6571a51eb4,false,,false,false,
PAIR00225:BASE,PAIR00225,GW230824_033047,BASE,48,56,Priors,NAMED,gr-time-prior,gr-time-prior,grtimeprior,=,1,6b86b273ff34fce19d6b804eff5a3f5747ada4eaa22f1d49c01e52ddb7875b4b,false,,false,false,
PAIR00225:BASE,PAIR00225,GW230824_033047,BASE,49,57,Priors,NAMED,mf-time-prior,mf-time-prior,mftimeprior,=,17,8a4e587bc864eb02e51a1acce018469341f9e2f2ba20dbb8b11767be8bc20f36,false,,false,false,
PAIR00225:BASE,PAIR00225,GW230824_033047,BASE,50,58,Priors,NAMED,t-min,t-min,tmin,=,2,4a44dc15364204a80fe80e9039455cc1608281820fe2b24f1e5233ade6af1dd5,false,,false,false,
PAIR00225:BASE,PAIR00225,GW230824_033047,BASE,51,59,Priors,NAMED,t-max,t-max,tmax,=,2,39fa9ec190eee7b6f4dff1100d6343e10918d044c75eac8f9e9a2596173f80c9,false,,false,false,
PAIR00225:BASE,PAIR00225,GW230824_033047,BASE,52,60,Priors,NAMED,fix-t,fix-t,fixt,=,8,37124713d98523eb2cbaaec38fc328e95c1160f4503f6f9734848cd90e441633,false,,false,false,
PAIR00225:BASE,PAIR00225,GW230824_033047,BASE,53,61,Priors,NAMED,fix-ra,fix-ra,fixra,=,18,f8be9ec725321b6fba4647af7fe1ccfc508572f8d22b640af7127861608684f5,false,,false,false,
PAIR00225:BASE,PAIR00225,GW230824_033047,BASE,54,62,Priors,NAMED,fix-dec,fix-dec,fixdec,=,19,4e5eadc1d40fb12bcbc5e55eef50355ca70a9be044112d05b3af6542d4b63aec,false,,false,false,
PAIR00225:BASE,PAIR00225,GW230824_033047,BASE,55,63,Priors,NAMED,fix-phi,fix-phi,fixphi,=,3,8aed642bf5118b9d3c859bd4be35ecac75b6e873cce34e7b6f554b06f75550d7,false,,false,false,
PAIR00225:VARIANT,PAIR00225,GW230824_033047,VARIANT,1,3,input,NAMED,run-type,run-type,runtype,=,4,a18b869b2e81c0c529552a3c4fa5c92ed08b98a4e146aed778d71d27517f83ac,false,,false,false,
PAIR00225:VARIANT,PAIR00225,GW230824_033047,VARIANT,2,4,input,NAMED,sampling-rate,sampling-rate,samplingrate,=,6,e75c3d41e5235b3b2911777152402ad9c9747a12e0021fab801d0fcc1580d076,false,,false,false,
PAIR00225:VARIANT,PAIR00225,GW230824_033047,VARIANT,3,5,input,NAMED,f-min-bp,f-min-bp,fminbp,=,5,bf7cdbe2c3a2872d97448df6b0963274dd371d3335e960f59b9e6da57c728523,false,,false,false,
PAIR00225:VARIANT,PAIR00225,GW230824_033047,VARIANT,4,6,input,NAMED,f-max-bp,f-max-bp,fmaxbp,=,6,fddd30227ad776813b0af144db3610e985b228ba22f365f0132a4b270de7694a,false,,false,false,
PAIR00225:VARIANT,PAIR00225,GW230824_033047,VARIANT,5,7,input,NAMED,output,output,output,=,24,5b2355648694a4527af201b5c1f2cd274e0a3a2fdfb0ad962b6a73a04a0b283b,false,,false,false,
PAIR00225:VARIANT,PAIR00225,GW230824_033047,VARIANT,6,8,input,NAMED,download-data,download-data,downloaddata,=,1,6b86b273ff34fce19d6b804eff5a3f5747ada4eaa22f1d49c01e52ddb7875b4b,false,,false,false,
PAIR00225:VARIANT,PAIR00225,GW230824_033047,VARIANT,7,9,input,NAMED,datalen-download,datalen-download,datalendownload,=,4,f81b732a59389bd6838affaf36f9a3b6d9fe736b4e99f146571a5b1b935283e9,false,,false,false,
PAIR00225:VARIANT,PAIR00225,GW230824_033047,VARIANT,8,10,input,NAMED,channel-H1,channel-h1,channelh1,=,28,19a08d2e9b9f86ab015dfa721d16ffb749bff3c1b6cc9bc57e498d8021581df9,false,,false,false,
PAIR00225:VARIANT,PAIR00225,GW230824_033047,VARIANT,9,11,input,NAMED,channel-L1,channel-l1,channell1,=,28,fcede5f51dc717380e3072435c419d9ca94c127e7d1737dc870bc534d794b981,false,,false,false,
PAIR00225:VARIANT,PAIR00225,GW230824_033047,VARIANT,10,12,input,NAMED,channel-V1,channel-v1,channelv1,=,0,e3b0c44298fc1c149afbf4c8996fb92427ae41e4649b934ca495991b7852b855,false,,false,false,
PAIR00225:VARIANT,PAIR00225,GW230824_033047,VARIANT,11,13,input,NAMED,data-H1,data-h1,datah1,=,0,e3b0c44298fc1c149afbf4c8996fb92427ae41e4649b934ca495991b7852b855,false,,false,false,
PAIR00225:VARIANT,PAIR00225,GW230824_033047,VARIANT,12,14,input,NAMED,data-L1,data-l1,datal1,=,0,e3b0c44298fc1c149afbf4c8996fb92427ae41e4649b934ca495991b7852b855,false,,false,false,
PAIR00225:VARIANT,PAIR00225,GW230824_033047,VARIANT,13,15,input,NAMED,data-V1,data-v1,datav1,=,0,e3b0c44298fc1c149afbf4c8996fb92427ae41e4649b934ca495991b7852b855,false,,false,false,
PAIR00225:VARIANT,PAIR00225,GW230824_033047,VARIANT,14,16,input,NAMED,ignore-data-filename,ignore-data-filename,ignoredatafilename,=,1,5feceb66ffc86f38d952786c6d696c79c2dbc239dd4e91b46729d73a27fb57e9,false,,false,false,
PAIR00225:VARIANT,PAIR00225,GW230824_033047,VARIANT,15,17,input,NAMED,gw-data-find,gw-data-find,gwdatafind,=,1,5feceb66ffc86f38d952786c6d696c79c2dbc239dd4e91b46729d73a27fb57e9,false,,false,false,
PAIR00225:VARIANT,PAIR00225,GW230824_033047,VARIANT,16,18,input,NAMED,gw-data-type-H1,gw-data-type-h1,gwdatatypeh1,=,0,e3b0c44298fc1c149afbf4c8996fb92427ae41e4649b934ca495991b7852b855,false,,false,false,
PAIR00225:VARIANT,PAIR00225,GW230824_033047,VARIANT,17,19,input,NAMED,gw-data-type-L1,gw-data-type-l1,gwdatatypel1,=,0,e3b0c44298fc1c149afbf4c8996fb92427ae41e4649b934ca495991b7852b855,false,,false,false,
PAIR00225:VARIANT,PAIR00225,GW230824_033047,VARIANT,18,20,input,NAMED,gw-data-type-V1,gw-data-type-v1,gwdatatypev1,=,0,e3b0c44298fc1c149afbf4c8996fb92427ae41e4649b934ca495991b7852b855,false,,false,false,
PAIR00225:VARIANT,PAIR00225,GW230824_033047,VARIANT,19,21,input,NAMED,ref-det,ref-det,refdet,=,2,8bf797aa02bd65b7cbd52155f6e010be77bb3d461320dac4c74c12d749d81066,false,,false,false,
PAIR00225:VARIANT,PAIR00225,GW230824_033047,VARIANT,20,22,input,NAMED,trigtime,trigtime,trigtime,=,18,39f3b424707118f4ebeeedc02da550ecf73dc00e93c5a5d8f7aa7f34a26473c0,false,,false,false,
PAIR00225:VARIANT,PAIR00225,GW230824_033047,VARIANT,21,23,input,NAMED,detectors,detectors,detectors,=,5,3b0244de8d58e5217d2f9d33788bf9ff487c7cf82068b932f86e382eefc8bcfe,false,,false,false,
PAIR00225:VARIANT,PAIR00225,GW230824_033047,VARIANT,22,24,input,NAMED,window-onsource,window-onsource,windowonsource,=,1,5feceb66ffc86f38d952786c6d696c79c2dbc239dd4e91b46729d73a27fb57e9,false,,false,false,
PAIR00225:VARIANT,PAIR00225,GW230824_033047,VARIANT,23,25,input,NAMED,noise-chunksize,noise-chunksize,noisechunksize,=,3,fbd04e1aae9ce0b11a8946e2c9ac2619f7428a64d32d01eff61d809dcb70ee8e,false,,false,false,
PAIR00225:VARIANT,PAIR00225,GW230824_033047,VARIANT,24,26,input,NAMED,signal-chunksize,signal-chunksize,signalchunksize,=,3,fbd04e1aae9ce0b11a8946e2c9ac2619f7428a64d32d01eff61d809dcb70ee8e,false,,false,false,
PAIR00225:VARIANT,PAIR00225,GW230824_033047,VARIANT,25,27,input,NAMED,amp-non-prec-sym,amp-non-prec-sym,ampnonprecsym,=,1,6b86b273ff34fce19d6b804eff5a3f5747ada4eaa22f1d49c01e52ddb7875b4b,false,,false,false,
PAIR00225:VARIANT,PAIR00225,GW230824_033047,VARIANT,26,28,input,NAMED,max-Kerr-amp-ratio,max-kerr-amp-ratio,maxkerrampratio,=,3,8aed642bf5118b9d3c859bd4be35ecac75b6e873cce34e7b6f554b06f75550d7,true,TARGET_LIKE_CANDIDATE,true,false,0.0
PAIR00225:VARIANT,PAIR00225,GW230824_033047,VARIANT,27,29,input,NAMED,kerr-modes,kerr-modes,kerrmodes,=,22,8075378dd5a2edf48eebd53e80d9db914f017e62321215bc792b03c8bc4b9705,true,KERR_MODES,true,false,"[(2,2,2,0), (2,3,2,0)]"
PAIR00225:VARIANT,PAIR00225,GW230824_033047,VARIANT,28,30,input,NAMED,spheroidal,spheroidal,spheroidal,=,1,5feceb66ffc86f38d952786c6d696c79c2dbc239dd4e91b46729d73a27fb57e9,false,,false,false,
PAIR00225:VARIANT,PAIR00225,GW230824_033047,VARIANT,29,31,input,NAMED,reference-amplitude,reference-amplitude,referenceamplitude,=,5,64a930966aa1b51c0cc3f0747e943493b4dd46e75f7aba72f837f9adfa7d8c3d,false,,false,false,
PAIR00225:VARIANT,PAIR00225,GW230824_033047,VARIANT,30,32,input,NAMED,psd-H1,psd-h1,psdh1,=,0,e3b0c44298fc1c149afbf4c8996fb92427ae41e4649b934ca495991b7852b855,false,,false,false,
PAIR00225:VARIANT,PAIR00225,GW230824_033047,VARIANT,31,33,input,NAMED,psd-L1,psd-l1,psdl1,=,0,e3b0c44298fc1c149afbf4c8996fb92427ae41e4649b934ca495991b7852b855,false,,false,false,
PAIR00225:VARIANT,PAIR00225,GW230824_033047,VARIANT,32,34,input,NAMED,psd-V1,psd-v1,psdv1,=,0,e3b0c44298fc1c149afbf4c8996fb92427ae41e4649b934ca495991b7852b855,false,,false,false,
PAIR00225:VARIANT,PAIR00225,GW230824_033047,VARIANT,33,35,input,NAMED,injection-T,injection-t,injectiont,=,1,5feceb66ffc86f38d952786c6d696c79c2dbc239dd4e91b46729d73a27fb57e9,false,,false,false,
PAIR00225:VARIANT,PAIR00225,GW230824_033047,VARIANT,34,36,input,NAMED,injection-scaling,injection-scaling,injectionscaling,=,3,d0ff5974b6aa52cf562bea5921840c032a860a91a3512f7fe8f768f6bbe005f6,false,,false,false,
PAIR00225:VARIANT,PAIR00225,GW230824_033047,VARIANT,35,37,input,NAMED,gaussian-noise,gaussian-noise,gaussiannoise,=,0,e3b0c44298fc1c149afbf4c8996fb92427ae41e4649b934ca495991b7852b855,false,,false,false,
PAIR00225:VARIANT,PAIR00225,GW230824_033047,VARIANT,36,38,input,NAMED,injection-approximant,injection-approximant,injectionapproximant,=,0,e3b0c44298fc1c149afbf4c8996fb92427ae41e4649b934ca495991b7852b855,false,,false,false,
PAIR00225:VARIANT,PAIR00225,GW230824_033047,VARIANT,37,39,input,NAMED,zero-noise,zero-noise,zeronoise,=,1,5feceb66ffc86f38d952786c6d696c79c2dbc239dd4e91b46729d73a27fb57e9,false,,false,false,
PAIR00225:VARIANT,PAIR00225,GW230824_033047,VARIANT,38,40,input,NAMED,sky-frame,sky-frame,skyframe,=,10,5df6b59dfafca1111fa87f6072971ed8f4719d44cfe95bd6a7490e0e7010579d,false,,false,false,
PAIR00225:VARIANT,PAIR00225,GW230824_033047,VARIANT,39,41,input,NAMED,truncate,truncate,truncate,=,1,6b86b273ff34fce19d6b804eff5a3f5747ada4eaa22f1d49c01e52ddb7875b4b,false,,false,false,
PAIR00225:VARIANT,PAIR00225,GW230824_033047,VARIANT,40,42,input,NAMED,analysis-duration,analysis-duration,analysisduration,=,3,44896b09365746b5f7167ee4d64988a38f7f4628803cbf86224e74eeb7c69e9d,false,,false,false,
PAIR00225:VARIANT,PAIR00225,GW230824_033047,VARIANT,41,43,input,NAMED,run-tag,run-tag,runtag,=,6,b80f6b485bcb2eb62c8837dc0584594ad24fdae1debd0342debf7e038d14c866,false,,false,false,
PAIR00225:VARIANT,PAIR00225,GW230824_033047,VARIANT,42,47,Sampler settings,NAMED,nlive,nlive,nlive,=,4,8b926d75599a618e21f1341318e66517be26e18cc7496783d2b59758c1333be8,false,,false,false,
PAIR00225:VARIANT,PAIR00225,GW230824_033047,VARIANT,43,48,Sampler settings,NAMED,poolsize,poolsize,poolsize,=,3,ad57366865126e55649ecb23ae1d48887544976efea46a48eb5d85a6eeb4d306,false,,false,false,
PAIR00225:VARIANT,PAIR00225,GW230824_033047,VARIANT,44,49,Sampler settings,NAMED,maxmcmc,maxmcmc,maxmcmc,=,4,8b926d75599a618e21f1341318e66517be26e18cc7496783d2b59758c1333be8,false,,false,false,
PAIR00225:VARIANT,PAIR00225,GW230824_033047,VARIANT,45,50,Sampler settings,NAMED,nthreads,nthreads,nthreads,=,1,6b86b273ff34fce19d6b804eff5a3f5747ada4eaa22f1d49c01e52ddb7875b4b,false,,false,false,
PAIR00225:VARIANT,PAIR00225,GW230824_033047,VARIANT,46,51,Sampler settings,NAMED,verbose,verbose,verbose,=,1,d4735e3a265e16eee03f59718b9b5d03019c07d8b6c51f90da3a666eec13ab35,false,,false,false,
PAIR00225:VARIANT,PAIR00225,GW230824_033047,VARIANT,47,52,Sampler settings,NAMED,seed,seed,seed,=,4,7b346904f63cc07f1d8cc2d88d7dae08a3f088a0e4159d5214c27a6571a51eb4,false,,false,false,
PAIR00225:VARIANT,PAIR00225,GW230824_033047,VARIANT,48,56,Priors,NAMED,gr-time-prior,gr-time-prior,grtimeprior,=,1,6b86b273ff34fce19d6b804eff5a3f5747ada4eaa22f1d49c01e52ddb7875b4b,false,,false,false,
PAIR00225:VARIANT,PAIR00225,GW230824_033047,VARIANT,49,57,Priors,NAMED,mf-time-prior,mf-time-prior,mftimeprior,=,17,8a4e587bc864eb02e51a1acce018469341f9e2f2ba20dbb8b11767be8bc20f36,false,,false,false,
PAIR00225:VARIANT,PAIR00225,GW230824_033047,VARIANT,50,58,Priors,NAMED,t-min,t-min,tmin,=,2,4a44dc15364204a80fe80e9039455cc1608281820fe2b24f1e5233ade6af1dd5,false,,false,false,
PAIR00225:VARIANT,PAIR00225,GW230824_033047,VARIANT,51,59,Priors,NAMED,t-max,t-max,tmax,=,2,39fa9ec190eee7b6f4dff1100d6343e10918d044c75eac8f9e9a2596173f80c9,false,,false,false,
PAIR00225:VARIANT,PAIR00225,GW230824_033047,VARIANT,52,60,Priors,NAMED,fix-t,fix-t,fixt,=,8,37124713d98523eb2cbaaec38fc328e95c1160f4503f6f9734848cd90e441633,false,,false,false,
PAIR00225:VARIANT,PAIR00225,GW230824_033047,VARIANT,53,61,Priors,NAMED,fix-ra,fix-ra,fixra,=,18,f8be9ec725321b6fba4647af7fe1ccfc508572f8d22b640af7127861608684f5,false,,false,false,
PAIR00225:VARIANT,PAIR00225,GW230824_033047,VARIANT,54,62,Priors,NAMED,fix-dec,fix-dec,fixdec,=,19,4e5eadc1d40fb12bcbc5e55eef50355ca70a9be044112d05b3af6542d4b63aec,false,,false,false,
PAIR00225:VARIANT,PAIR00225,GW230824_033047,VARIANT,55,63,Priors,NAMED,fix-phi,fix-phi,fixphi,=,3,8aed642bf5118b9d3c859bd4be35ecac75b6e873cce34e7b6f554b06f75550d7,false,,false,false,
PAIR00270:BASE,PAIR00270,GW230914_111401,BASE,1,3,input,NAMED,run-type,run-type,runtype,=,4,a18b869b2e81c0c529552a3c4fa5c92ed08b98a4e146aed778d71d27517f83ac,false,,false,false,
PAIR00270:BASE,PAIR00270,GW230914_111401,BASE,2,4,input,NAMED,sampling-rate,sampling-rate,samplingrate,=,6,e75c3d41e5235b3b2911777152402ad9c9747a12e0021fab801d0fcc1580d076,false,,false,false,
PAIR00270:BASE,PAIR00270,GW230914_111401,BASE,3,5,input,NAMED,f-min-bp,f-min-bp,fminbp,=,4,585348dbd28810f9a34f57be46f000c5f9effab894d074713d93fe7ccfeb3b76,false,,false,false,
PAIR00270:BASE,PAIR00270,GW230914_111401,BASE,4,6,input,NAMED,f-max-bp,f-max-bp,fmaxbp,=,6,fddd30227ad776813b0af144db3610e985b228ba22f365f0132a4b270de7694a,false,,false,false,
PAIR00270:BASE,PAIR00270,GW230914_111401,BASE,5,7,input,NAMED,output,output,output,=,24,5b2355648694a4527af201b5c1f2cd274e0a3a2fdfb0ad962b6a73a04a0b283b,false,,false,false,
PAIR00270:BASE,PAIR00270,GW230914_111401,BASE,6,8,input,NAMED,download-data,download-data,downloaddata,=,1,6b86b273ff34fce19d6b804eff5a3f5747ada4eaa22f1d49c01e52ddb7875b4b,false,,false,false,
PAIR00270:BASE,PAIR00270,GW230914_111401,BASE,7,9,input,NAMED,datalen-download,datalen-download,datalendownload,=,4,f81b732a59389bd6838affaf36f9a3b6d9fe736b4e99f146571a5b1b935283e9,false,,false,false,
PAIR00270:BASE,PAIR00270,GW230914_111401,BASE,8,10,input,NAMED,channel-H1,channel-h1,channelh1,=,28,19a08d2e9b9f86ab015dfa721d16ffb749bff3c1b6cc9bc57e498d8021581df9,false,,false,false,
PAIR00270:BASE,PAIR00270,GW230914_111401,BASE,9,11,input,NAMED,channel-L1,channel-l1,channell1,=,28,fcede5f51dc717380e3072435c419d9ca94c127e7d1737dc870bc534d794b981,false,,false,false,
PAIR00270:BASE,PAIR00270,GW230914_111401,BASE,10,12,input,NAMED,channel-V1,channel-v1,channelv1,=,0,e3b0c44298fc1c149afbf4c8996fb92427ae41e4649b934ca495991b7852b855,false,,false,false,
PAIR00270:BASE,PAIR00270,GW230914_111401,BASE,11,13,input,NAMED,data-H1,data-h1,datah1,=,0,e3b0c44298fc1c149afbf4c8996fb92427ae41e4649b934ca495991b7852b855,false,,false,false,
PAIR00270:BASE,PAIR00270,GW230914_111401,BASE,12,14,input,NAMED,data-L1,data-l1,datal1,=,0,e3b0c44298fc1c149afbf4c8996fb92427ae41e4649b934ca495991b7852b855,false,,false,false,
PAIR00270:BASE,PAIR00270,GW230914_111401,BASE,13,15,input,NAMED,data-V1,data-v1,datav1,=,0,e3b0c44298fc1c149afbf4c8996fb92427ae41e4649b934ca495991b7852b855,false,,false,false,
PAIR00270:BASE,PAIR00270,GW230914_111401,BASE,14,16,input,NAMED,ignore-data-filename,ignore-data-filename,ignoredatafilename,=,1,5feceb66ffc86f38d952786c6d696c79c2dbc239dd4e91b46729d73a27fb57e9,false,,false,false,
PAIR00270:BASE,PAIR00270,GW230914_111401,BASE,15,17,input,NAMED,gw-data-find,gw-data-find,gwdatafind,=,1,5feceb66ffc86f38d952786c6d696c79c2dbc239dd4e91b46729d73a27fb57e9,false,,false,false,
PAIR00270:BASE,PAIR00270,GW230914_111401,BASE,16,18,input,NAMED,gw-data-type-H1,gw-data-type-h1,gwdatatypeh1,=,0,e3b0c44298fc1c149afbf4c8996fb92427ae41e4649b934ca495991b7852b855,false,,false,false,
PAIR00270:BASE,PAIR00270,GW230914_111401,BASE,17,19,input,NAMED,gw-data-type-L1,gw-data-type-l1,gwdatatypel1,=,0,e3b0c44298fc1c149afbf4c8996fb92427ae41e4649b934ca495991b7852b855,false,,false,false,
PAIR00270:BASE,PAIR00270,GW230914_111401,BASE,18,20,input,NAMED,gw-data-type-V1,gw-data-type-v1,gwdatatypev1,=,0,e3b0c44298fc1c149afbf4c8996fb92427ae41e4649b934ca495991b7852b855,false,,false,false,
PAIR00270:BASE,PAIR00270,GW230914_111401,BASE,19,21,input,NAMED,ref-det,ref-det,refdet,=,2,8bf797aa02bd65b7cbd52155f6e010be77bb3d461320dac4c74c12d749d81066,false,,false,false,
PAIR00270:BASE,PAIR00270,GW230914_111401,BASE,20,22,input,NAMED,trigtime,trigtime,trigtime,=,18,95899a13a6ea85bd455c504c7b4e815d9f1ec852d21f1c760f4e400d0899ef25,false,,false,false,
PAIR00270:BASE,PAIR00270,GW230914_111401,BASE,21,23,input,NAMED,detectors,detectors,detectors,=,5,3b0244de8d58e5217d2f9d33788bf9ff487c7cf82068b932f86e382eefc8bcfe,false,,false,false,
PAIR00270:BASE,PAIR00270,GW230914_111401,BASE,22,24,input,NAMED,window-onsource,window-onsource,windowonsource,=,1,5feceb66ffc86f38d952786c6d696c79c2dbc239dd4e91b46729d73a27fb57e9,false,,false,false,
PAIR00270:BASE,PAIR00270,GW230914_111401,BASE,23,25,input,NAMED,noise-chunksize,noise-chunksize,noisechunksize,=,3,fbd04e1aae9ce0b11a8946e2c9ac2619f7428a64d32d01eff61d809dcb70ee8e,false,,false,false,
PAIR00270:BASE,PAIR00270,GW230914_111401,BASE,24,26,input,NAMED,signal-chunksize,signal-chunksize,signalchunksize,=,3,fbd04e1aae9ce0b11a8946e2c9ac2619f7428a64d32d01eff61d809dcb70ee8e,false,,false,false,
PAIR00270:BASE,PAIR00270,GW230914_111401,BASE,25,27,input,NAMED,amp-non-prec-sym,amp-non-prec-sym,ampnonprecsym,=,1,6b86b273ff34fce19d6b804eff5a3f5747ada4eaa22f1d49c01e52ddb7875b4b,false,,false,false,
PAIR00270:BASE,PAIR00270,GW230914_111401,BASE,26,28,input,NAMED,max-Kerr-amp-ratio,max-kerr-amp-ratio,maxkerrampratio,=,3,8aed642bf5118b9d3c859bd4be35ecac75b6e873cce34e7b6f554b06f75550d7,true,TARGET_LIKE_CANDIDATE,true,false,0.0
PAIR00270:BASE,PAIR00270,GW230914_111401,BASE,27,29,input,NAMED,kerr-modes,kerr-modes,kerrmodes,=,11,918b8617dd99e65be623b6a29009ed5cc07e2badeba955417690d4002c8f430b,true,KERR_MODES,true,false,"[(2,2,2,0)]"
PAIR00270:BASE,PAIR00270,GW230914_111401,BASE,28,30,input,NAMED,spheroidal,spheroidal,spheroidal,=,1,5feceb66ffc86f38d952786c6d696c79c2dbc239dd4e91b46729d73a27fb57e9,false,,false,false,
PAIR00270:BASE,PAIR00270,GW230914_111401,BASE,29,31,input,NAMED,reference-amplitude,reference-amplitude,referenceamplitude,=,5,64a930966aa1b51c0cc3f0747e943493b4dd46e75f7aba72f837f9adfa7d8c3d,false,,false,false,
PAIR00270:BASE,PAIR00270,GW230914_111401,BASE,30,32,input,NAMED,psd-H1,psd-h1,psdh1,=,0,e3b0c44298fc1c149afbf4c8996fb92427ae41e4649b934ca495991b7852b855,false,,false,false,
PAIR00270:BASE,PAIR00270,GW230914_111401,BASE,31,33,input,NAMED,psd-L1,psd-l1,psdl1,=,0,e3b0c44298fc1c149afbf4c8996fb92427ae41e4649b934ca495991b7852b855,false,,false,false,
PAIR00270:BASE,PAIR00270,GW230914_111401,BASE,32,34,input,NAMED,psd-V1,psd-v1,psdv1,=,0,e3b0c44298fc1c149afbf4c8996fb92427ae41e4649b934ca495991b7852b855,false,,false,false,
PAIR00270:BASE,PAIR00270,GW230914_111401,BASE,33,35,input,NAMED,injection-T,injection-t,injectiont,=,1,5feceb66ffc86f38d952786c6d696c79c2dbc239dd4e91b46729d73a27fb57e9,false,,false,false,
PAIR00270:BASE,PAIR00270,GW230914_111401,BASE,34,36,input,NAMED,injection-scaling,injection-scaling,injectionscaling,=,3,d0ff5974b6aa52cf562bea5921840c032a860a91a3512f7fe8f768f6bbe005f6,false,,false,false,
PAIR00270:BASE,PAIR00270,GW230914_111401,BASE,35,37,input,NAMED,gaussian-noise,gaussian-noise,gaussiannoise,=,0,e3b0c44298fc1c149afbf4c8996fb92427ae41e4649b934ca495991b7852b855,false,,false,false,
PAIR00270:BASE,PAIR00270,GW230914_111401,BASE,36,38,input,NAMED,injection-approximant,injection-approximant,injectionapproximant,=,0,e3b0c44298fc1c149afbf4c8996fb92427ae41e4649b934ca495991b7852b855,false,,false,false,
PAIR00270:BASE,PAIR00270,GW230914_111401,BASE,37,39,input,NAMED,zero-noise,zero-noise,zeronoise,=,1,5feceb66ffc86f38d952786c6d696c79c2dbc239dd4e91b46729d73a27fb57e9,false,,false,false,
PAIR00270:BASE,PAIR00270,GW230914_111401,BASE,38,40,input,NAMED,sky-frame,sky-frame,skyframe,=,10,5df6b59dfafca1111fa87f6072971ed8f4719d44cfe95bd6a7490e0e7010579d,false,,false,false,
PAIR00270:BASE,PAIR00270,GW230914_111401,BASE,39,41,input,NAMED,truncate,truncate,truncate,=,1,6b86b273ff34fce19d6b804eff5a3f5747ada4eaa22f1d49c01e52ddb7875b4b,false,,false,false,
PAIR00270:BASE,PAIR00270,GW230914_111401,BASE,40,42,input,NAMED,analysis-duration,analysis-duration,analysisduration,=,3,44896b09365746b5f7167ee4d64988a38f7f4628803cbf86224e74eeb7c69e9d,false,,false,false,
PAIR00270:BASE,PAIR00270,GW230914_111401,BASE,41,43,input,NAMED,run-tag,run-tag,runtag,=,5,750f7eda495bfdb2e6c52c5b7d767da4f33e2633683373a2f914e96c0a7407a8,false,,false,false,
PAIR00270:BASE,PAIR00270,GW230914_111401,BASE,42,47,Sampler settings,NAMED,nlive,nlive,nlive,=,4,8b926d75599a618e21f1341318e66517be26e18cc7496783d2b59758c1333be8,false,,false,false,
PAIR00270:BASE,PAIR00270,GW230914_111401,BASE,43,48,Sampler settings,NAMED,poolsize,poolsize,poolsize,=,3,ad57366865126e55649ecb23ae1d48887544976efea46a48eb5d85a6eeb4d306,false,,false,false,
PAIR00270:BASE,PAIR00270,GW230914_111401,BASE,44,49,Sampler settings,NAMED,maxmcmc,maxmcmc,maxmcmc,=,4,8b926d75599a618e21f1341318e66517be26e18cc7496783d2b59758c1333be8,false,,false,false,
PAIR00270:BASE,PAIR00270,GW230914_111401,BASE,45,50,Sampler settings,NAMED,nthreads,nthreads,nthreads,=,1,6b86b273ff34fce19d6b804eff5a3f5747ada4eaa22f1d49c01e52ddb7875b4b,false,,false,false,
PAIR00270:BASE,PAIR00270,GW230914_111401,BASE,46,51,Sampler settings,NAMED,verbose,verbose,verbose,=,1,d4735e3a265e16eee03f59718b9b5d03019c07d8b6c51f90da3a666eec13ab35,false,,false,false,
PAIR00270:BASE,PAIR00270,GW230914_111401,BASE,47,52,Sampler settings,NAMED,seed,seed,seed,=,4,7b346904f63cc07f1d8cc2d88d7dae08a3f088a0e4159d5214c27a6571a51eb4,false,,false,false,
PAIR00270:BASE,PAIR00270,GW230914_111401,BASE,48,56,Priors,NAMED,gr-time-prior,gr-time-prior,grtimeprior,=,1,6b86b273ff34fce19d6b804eff5a3f5747ada4eaa22f1d49c01e52ddb7875b4b,false,,false,false,
PAIR00270:BASE,PAIR00270,GW230914_111401,BASE,49,57,Priors,NAMED,mf-time-prior,mf-time-prior,mftimeprior,=,17,63dccf77f0b0d554165091482c8664ebd31b361668a6444ad997f724ffe231c5,false,,false,false,
PAIR00270:BASE,PAIR00270,GW230914_111401,BASE,50,58,Priors,NAMED,t-min,t-min,tmin,=,2,4a44dc15364204a80fe80e9039455cc1608281820fe2b24f1e5233ade6af1dd5,false,,false,false,
PAIR00270:BASE,PAIR00270,GW230914_111401,BASE,51,59,Priors,NAMED,t-max,t-max,tmax,=,2,39fa9ec190eee7b6f4dff1100d6343e10918d044c75eac8f9e9a2596173f80c9,false,,false,false,
PAIR00270:BASE,PAIR00270,GW230914_111401,BASE,52,60,Priors,NAMED,fix-t,fix-t,fixt,=,8,402e1c667f8c6f0ee800d277e12fc0e57fff7186f3a839ece56179f4dbd97592,false,,false,false,
PAIR00270:BASE,PAIR00270,GW230914_111401,BASE,53,61,Priors,NAMED,fix-ra,fix-ra,fixra,=,17,9571fb064e9eb3b548a8227652e4be3be050168dfa73e70467e34425954e0f3c,false,,false,false,
PAIR00270:BASE,PAIR00270,GW230914_111401,BASE,54,62,Priors,NAMED,fix-dec,fix-dec,fixdec,=,19,a67d7f6d7f77bb9aab8ec32641f2d030dd1f645741d5fecd9328833023c5294d,false,,false,false,
PAIR00270:BASE,PAIR00270,GW230914_111401,BASE,55,63,Priors,NAMED,fix-phi,fix-phi,fixphi,=,3,8aed642bf5118b9d3c859bd4be35ecac75b6e873cce34e7b6f554b06f75550d7,false,,false,false,
PAIR00270:VARIANT,PAIR00270,GW230914_111401,VARIANT,1,3,input,NAMED,run-type,run-type,runtype,=,4,a18b869b2e81c0c529552a3c4fa5c92ed08b98a4e146aed778d71d27517f83ac,false,,false,false,
PAIR00270:VARIANT,PAIR00270,GW230914_111401,VARIANT,2,4,input,NAMED,sampling-rate,sampling-rate,samplingrate,=,6,e75c3d41e5235b3b2911777152402ad9c9747a12e0021fab801d0fcc1580d076,false,,false,false,
PAIR00270:VARIANT,PAIR00270,GW230914_111401,VARIANT,3,5,input,NAMED,f-min-bp,f-min-bp,fminbp,=,4,585348dbd28810f9a34f57be46f000c5f9effab894d074713d93fe7ccfeb3b76,false,,false,false,
PAIR00270:VARIANT,PAIR00270,GW230914_111401,VARIANT,4,6,input,NAMED,f-max-bp,f-max-bp,fmaxbp,=,6,fddd30227ad776813b0af144db3610e985b228ba22f365f0132a4b270de7694a,false,,false,false,
PAIR00270:VARIANT,PAIR00270,GW230914_111401,VARIANT,5,7,input,NAMED,output,output,output,=,24,5b2355648694a4527af201b5c1f2cd274e0a3a2fdfb0ad962b6a73a04a0b283b,false,,false,false,
PAIR00270:VARIANT,PAIR00270,GW230914_111401,VARIANT,6,8,input,NAMED,download-data,download-data,downloaddata,=,1,6b86b273ff34fce19d6b804eff5a3f5747ada4eaa22f1d49c01e52ddb7875b4b,false,,false,false,
PAIR00270:VARIANT,PAIR00270,GW230914_111401,VARIANT,7,9,input,NAMED,datalen-download,datalen-download,datalendownload,=,4,f81b732a59389bd6838affaf36f9a3b6d9fe736b4e99f146571a5b1b935283e9,false,,false,false,
PAIR00270:VARIANT,PAIR00270,GW230914_111401,VARIANT,8,10,input,NAMED,channel-H1,channel-h1,channelh1,=,28,19a08d2e9b9f86ab015dfa721d16ffb749bff3c1b6cc9bc57e498d8021581df9,false,,false,false,
PAIR00270:VARIANT,PAIR00270,GW230914_111401,VARIANT,9,11,input,NAMED,channel-L1,channel-l1,channell1,=,28,fcede5f51dc717380e3072435c419d9ca94c127e7d1737dc870bc534d794b981,false,,false,false,
PAIR00270:VARIANT,PAIR00270,GW230914_111401,VARIANT,10,12,input,NAMED,channel-V1,channel-v1,channelv1,=,0,e3b0c44298fc1c149afbf4c8996fb92427ae41e4649b934ca495991b7852b855,false,,false,false,
PAIR00270:VARIANT,PAIR00270,GW230914_111401,VARIANT,11,13,input,NAMED,data-H1,data-h1,datah1,=,0,e3b0c44298fc1c149afbf4c8996fb92427ae41e4649b934ca495991b7852b855,false,,false,false,
PAIR00270:VARIANT,PAIR00270,GW230914_111401,VARIANT,12,14,input,NAMED,data-L1,data-l1,datal1,=,0,e3b0c44298fc1c149afbf4c8996fb92427ae41e4649b934ca495991b7852b855,false,,false,false,
PAIR00270:VARIANT,PAIR00270,GW230914_111401,VARIANT,13,15,input,NAMED,data-V1,data-v1,datav1,=,0,e3b0c44298fc1c149afbf4c8996fb92427ae41e4649b934ca495991b7852b855,false,,false,false,
PAIR00270:VARIANT,PAIR00270,GW230914_111401,VARIANT,14,16,input,NAMED,ignore-data-filename,ignore-data-filename,ignoredatafilename,=,1,5feceb66ffc86f38d952786c6d696c79c2dbc239dd4e91b46729d73a27fb57e9,false,,false,false,
PAIR00270:VARIANT,PAIR00270,GW230914_111401,VARIANT,15,17,input,NAMED,gw-data-find,gw-data-find,gwdatafind,=,1,5feceb66ffc86f38d952786c6d696c79c2dbc239dd4e91b46729d73a27fb57e9,false,,false,false,
PAIR00270:VARIANT,PAIR00270,GW230914_111401,VARIANT,16,18,input,NAMED,gw-data-type-H1,gw-data-type-h1,gwdatatypeh1,=,0,e3b0c44298fc1c149afbf4c8996fb92427ae41e4649b934ca495991b7852b855,false,,false,false,
PAIR00270:VARIANT,PAIR00270,GW230914_111401,VARIANT,17,19,input,NAMED,gw-data-type-L1,gw-data-type-l1,gwdatatypel1,=,0,e3b0c44298fc1c149afbf4c8996fb92427ae41e4649b934ca495991b7852b855,false,,false,false,
PAIR00270:VARIANT,PAIR00270,GW230914_111401,VARIANT,18,20,input,NAMED,gw-data-type-V1,gw-data-type-v1,gwdatatypev1,=,0,e3b0c44298fc1c149afbf4c8996fb92427ae41e4649b934ca495991b7852b855,false,,false,false,
PAIR00270:VARIANT,PAIR00270,GW230914_111401,VARIANT,19,21,input,NAMED,ref-det,ref-det,refdet,=,2,8bf797aa02bd65b7cbd52155f6e010be77bb3d461320dac4c74c12d749d81066,false,,false,false,
PAIR00270:VARIANT,PAIR00270,GW230914_111401,VARIANT,20,22,input,NAMED,trigtime,trigtime,trigtime,=,18,95899a13a6ea85bd455c504c7b4e815d9f1ec852d21f1c760f4e400d0899ef25,false,,false,false,
PAIR00270:VARIANT,PAIR00270,GW230914_111401,VARIANT,21,23,input,NAMED,detectors,detectors,detectors,=,5,3b0244de8d58e5217d2f9d33788bf9ff487c7cf82068b932f86e382eefc8bcfe,false,,false,false,
PAIR00270:VARIANT,PAIR00270,GW230914_111401,VARIANT,22,24,input,NAMED,window-onsource,window-onsource,windowonsource,=,1,5feceb66ffc86f38d952786c6d696c79c2dbc239dd4e91b46729d73a27fb57e9,false,,false,false,
PAIR00270:VARIANT,PAIR00270,GW230914_111401,VARIANT,23,25,input,NAMED,noise-chunksize,noise-chunksize,noisechunksize,=,3,fbd04e1aae9ce0b11a8946e2c9ac2619f7428a64d32d01eff61d809dcb70ee8e,false,,false,false,
PAIR00270:VARIANT,PAIR00270,GW230914_111401,VARIANT,24,26,input,NAMED,signal-chunksize,signal-chunksize,signalchunksize,=,3,fbd04e1aae9ce0b11a8946e2c9ac2619f7428a64d32d01eff61d809dcb70ee8e,false,,false,false,
PAIR00270:VARIANT,PAIR00270,GW230914_111401,VARIANT,25,27,input,NAMED,amp-non-prec-sym,amp-non-prec-sym,ampnonprecsym,=,1,6b86b273ff34fce19d6b804eff5a3f5747ada4eaa22f1d49c01e52ddb7875b4b,false,,false,false,
PAIR00270:VARIANT,PAIR00270,GW230914_111401,VARIANT,26,28,input,NAMED,max-Kerr-amp-ratio,max-kerr-amp-ratio,maxkerrampratio,=,3,8aed642bf5118b9d3c859bd4be35ecac75b6e873cce34e7b6f554b06f75550d7,true,TARGET_LIKE_CANDIDATE,true,false,0.0
PAIR00270:VARIANT,PAIR00270,GW230914_111401,VARIANT,27,29,input,NAMED,kerr-modes,kerr-modes,kerrmodes,=,22,0d595cf40cf2425dc35d46e50a22b46261bb94fc6f61b36520f527c1cd03168f,true,KERR_MODES,true,false,"[(2,2,2,0), (2,2,0,0)]"
PAIR00270:VARIANT,PAIR00270,GW230914_111401,VARIANT,28,30,input,NAMED,spheroidal,spheroidal,spheroidal,=,1,5feceb66ffc86f38d952786c6d696c79c2dbc239dd4e91b46729d73a27fb57e9,false,,false,false,
PAIR00270:VARIANT,PAIR00270,GW230914_111401,VARIANT,29,31,input,NAMED,reference-amplitude,reference-amplitude,referenceamplitude,=,5,64a930966aa1b51c0cc3f0747e943493b4dd46e75f7aba72f837f9adfa7d8c3d,false,,false,false,
PAIR00270:VARIANT,PAIR00270,GW230914_111401,VARIANT,30,32,input,NAMED,psd-H1,psd-h1,psdh1,=,0,e3b0c44298fc1c149afbf4c8996fb92427ae41e4649b934ca495991b7852b855,false,,false,false,
PAIR00270:VARIANT,PAIR00270,GW230914_111401,VARIANT,31,33,input,NAMED,psd-L1,psd-l1,psdl1,=,0,e3b0c44298fc1c149afbf4c8996fb92427ae41e4649b934ca495991b7852b855,false,,false,false,
PAIR00270:VARIANT,PAIR00270,GW230914_111401,VARIANT,32,34,input,NAMED,psd-V1,psd-v1,psdv1,=,0,e3b0c44298fc1c149afbf4c8996fb92427ae41e4649b934ca495991b7852b855,false,,false,false,
PAIR00270:VARIANT,PAIR00270,GW230914_111401,VARIANT,33,35,input,NAMED,injection-T,injection-t,injectiont,=,1,5feceb66ffc86f38d952786c6d696c79c2dbc239dd4e91b46729d73a27fb57e9,false,,false,false,
PAIR00270:VARIANT,PAIR00270,GW230914_111401,VARIANT,34,36,input,NAMED,injection-scaling,injection-scaling,injectionscaling,=,3,d0ff5974b6aa52cf562bea5921840c032a860a91a3512f7fe8f768f6bbe005f6,false,,false,false,
PAIR00270:VARIANT,PAIR00270,GW230914_111401,VARIANT,35,37,input,NAMED,gaussian-noise,gaussian-noise,gaussiannoise,=,0,e3b0c44298fc1c149afbf4c8996fb92427ae41e4649b934ca495991b7852b855,false,,false,false,
PAIR00270:VARIANT,PAIR00270,GW230914_111401,VARIANT,36,38,input,NAMED,injection-approximant,injection-approximant,injectionapproximant,=,0,e3b0c44298fc1c149afbf4c8996fb92427ae41e4649b934ca495991b7852b855,false,,false,false,
PAIR00270:VARIANT,PAIR00270,GW230914_111401,VARIANT,37,39,input,NAMED,zero-noise,zero-noise,zeronoise,=,1,5feceb66ffc86f38d952786c6d696c79c2dbc239dd4e91b46729d73a27fb57e9,false,,false,false,
PAIR00270:VARIANT,PAIR00270,GW230914_111401,VARIANT,38,40,input,NAMED,sky-frame,sky-frame,skyframe,=,10,5df6b59dfafca1111fa87f6072971ed8f4719d44cfe95bd6a7490e0e7010579d,false,,false,false,
PAIR00270:VARIANT,PAIR00270,GW230914_111401,VARIANT,39,41,input,NAMED,truncate,truncate,truncate,=,1,6b86b273ff34fce19d6b804eff5a3f5747ada4eaa22f1d49c01e52ddb7875b4b,false,,false,false,
PAIR00270:VARIANT,PAIR00270,GW230914_111401,VARIANT,40,42,input,NAMED,analysis-duration,analysis-duration,analysisduration,=,3,44896b09365746b5f7167ee4d64988a38f7f4628803cbf86224e74eeb7c69e9d,false,,false,false,
PAIR00270:VARIANT,PAIR00270,GW230914_111401,VARIANT,41,43,input,NAMED,run-tag,run-tag,runtag,=,5,750f7eda495bfdb2e6c52c5b7d767da4f33e2633683373a2f914e96c0a7407a8,false,,false,false,
PAIR00270:VARIANT,PAIR00270,GW230914_111401,VARIANT,42,47,Sampler settings,NAMED,nlive,nlive,nlive,=,4,8b926d75599a618e21f1341318e66517be26e18cc7496783d2b59758c1333be8,false,,false,false,
PAIR00270:VARIANT,PAIR00270,GW230914_111401,VARIANT,43,48,Sampler settings,NAMED,poolsize,poolsize,poolsize,=,3,ad57366865126e55649ecb23ae1d48887544976efea46a48eb5d85a6eeb4d306,false,,false,false,
PAIR00270:VARIANT,PAIR00270,GW230914_111401,VARIANT,44,49,Sampler settings,NAMED,maxmcmc,maxmcmc,maxmcmc,=,4,8b926d75599a618e21f1341318e66517be26e18cc7496783d2b59758c1333be8,false,,false,false,
PAIR00270:VARIANT,PAIR00270,GW230914_111401,VARIANT,45,50,Sampler settings,NAMED,nthreads,nthreads,nthreads,=,1,6b86b273ff34fce19d6b804eff5a3f5747ada4eaa22f1d49c01e52ddb7875b4b,false,,false,false,
PAIR00270:VARIANT,PAIR00270,GW230914_111401,VARIANT,46,51,Sampler settings,NAMED,verbose,verbose,verbose,=,1,d4735e3a265e16eee03f59718b9b5d03019c07d8b6c51f90da3a666eec13ab35,false,,false,false,
PAIR00270:VARIANT,PAIR00270,GW230914_111401,VARIANT,47,52,Sampler settings,NAMED,seed,seed,seed,=,4,7b346904f63cc07f1d8cc2d88d7dae08a3f088a0e4159d5214c27a6571a51eb4,false,,false,false,
PAIR00270:VARIANT,PAIR00270,GW230914_111401,VARIANT,48,56,Priors,NAMED,gr-time-prior,gr-time-prior,grtimeprior,=,1,6b86b273ff34fce19d6b804eff5a3f5747ada4eaa22f1d49c01e52ddb7875b4b,false,,false,false,
PAIR00270:VARIANT,PAIR00270,GW230914_111401,VARIANT,49,57,Priors,NAMED,mf-time-prior,mf-time-prior,mftimeprior,=,17,63dccf77f0b0d554165091482c8664ebd31b361668a6444ad997f724ffe231c5,false,,false,false,
PAIR00270:VARIANT,PAIR00270,GW230914_111401,VARIANT,50,58,Priors,NAMED,t-min,t-min,tmin,=,2,4a44dc15364204a80fe80e9039455cc1608281820fe2b24f1e5233ade6af1dd5,false,,false,false,
PAIR00270:VARIANT,PAIR00270,GW230914_111401,VARIANT,51,59,Priors,NAMED,t-max,t-max,tmax,=,2,39fa9ec190eee7b6f4dff1100d6343e10918d044c75eac8f9e9a2596173f80c9,false,,false,false,
PAIR00270:VARIANT,PAIR00270,GW230914_111401,VARIANT,52,60,Priors,NAMED,fix-t,fix-t,fixt,=,8,402e1c667f8c6f0ee800d277e12fc0e57fff7186f3a839ece56179f4dbd97592,false,,false,false,
PAIR00270:VARIANT,PAIR00270,GW230914_111401,VARIANT,53,61,Priors,NAMED,fix-ra,fix-ra,fixra,=,17,9571fb064e9eb3b548a8227652e4be3be050168dfa73e70467e34425954e0f3c,false,,false,false,
PAIR00270:VARIANT,PAIR00270,GW230914_111401,VARIANT,54,62,Priors,NAMED,fix-dec,fix-dec,fixdec,=,19,a67d7f6d7f77bb9aab8ec32641f2d030dd1f645741d5fecd9328833023c5294d,false,,false,false,
PAIR00270:VARIANT,PAIR00270,GW230914_111401,VARIANT,55,63,Priors,NAMED,fix-phi,fix-phi,fixphi,=,3,8aed642bf5118b9d3c859bd4be35ecac75b6e873cce34e7b6f554b06f75550d7,false,,false,false,
PAIR00315:BASE,PAIR00315,GW230922_020344,BASE,1,3,input,NAMED,run-type,run-type,runtype,=,4,a18b869b2e81c0c529552a3c4fa5c92ed08b98a4e146aed778d71d27517f83ac,false,,false,false,
PAIR00315:BASE,PAIR00315,GW230922_020344,BASE,2,4,input,NAMED,sampling-rate,sampling-rate,samplingrate,=,6,e75c3d41e5235b3b2911777152402ad9c9747a12e0021fab801d0fcc1580d076,false,,false,false,
PAIR00315:BASE,PAIR00315,GW230922_020344,BASE,3,5,input,NAMED,f-min-bp,f-min-bp,fminbp,=,4,585348dbd28810f9a34f57be46f000c5f9effab894d074713d93fe7ccfeb3b76,false,,false,false,
PAIR00315:BASE,PAIR00315,GW230922_020344,BASE,4,6,input,NAMED,f-max-bp,f-max-bp,fmaxbp,=,6,fddd30227ad776813b0af144db3610e985b228ba22f365f0132a4b270de7694a,false,,false,false,
PAIR00315:BASE,PAIR00315,GW230922_020344,BASE,5,7,input,NAMED,output,output,output,=,24,5b2355648694a4527af201b5c1f2cd274e0a3a2fdfb0ad962b6a73a04a0b283b,false,,false,false,
PAIR00315:BASE,PAIR00315,GW230922_020344,BASE,6,8,input,NAMED,download-data,download-data,downloaddata,=,1,6b86b273ff34fce19d6b804eff5a3f5747ada4eaa22f1d49c01e52ddb7875b4b,false,,false,false,
PAIR00315:BASE,PAIR00315,GW230922_020344,BASE,7,9,input,NAMED,datalen-download,datalen-download,datalendownload,=,4,f81b732a59389bd6838affaf36f9a3b6d9fe736b4e99f146571a5b1b935283e9,false,,false,false,
PAIR00315:BASE,PAIR00315,GW230922_020344,BASE,8,10,input,NAMED,channel-H1,channel-h1,channelh1,=,28,19a08d2e9b9f86ab015dfa721d16ffb749bff3c1b6cc9bc57e498d8021581df9,false,,false,false,
PAIR00315:BASE,PAIR00315,GW230922_020344,BASE,9,11,input,NAMED,channel-L1,channel-l1,channell1,=,28,fcede5f51dc717380e3072435c419d9ca94c127e7d1737dc870bc534d794b981,false,,false,false,
PAIR00315:BASE,PAIR00315,GW230922_020344,BASE,10,12,input,NAMED,channel-V1,channel-v1,channelv1,=,0,e3b0c44298fc1c149afbf4c8996fb92427ae41e4649b934ca495991b7852b855,false,,false,false,
PAIR00315:BASE,PAIR00315,GW230922_020344,BASE,11,13,input,NAMED,data-H1,data-h1,datah1,=,0,e3b0c44298fc1c149afbf4c8996fb92427ae41e4649b934ca495991b7852b855,false,,false,false,
PAIR00315:BASE,PAIR00315,GW230922_020344,BASE,12,14,input,NAMED,data-L1,data-l1,datal1,=,0,e3b0c44298fc1c149afbf4c8996fb92427ae41e4649b934ca495991b7852b855,false,,false,false,
PAIR00315:BASE,PAIR00315,GW230922_020344,BASE,13,15,input,NAMED,data-V1,data-v1,datav1,=,0,e3b0c44298fc1c149afbf4c8996fb92427ae41e4649b934ca495991b7852b855,false,,false,false,
PAIR00315:BASE,PAIR00315,GW230922_020344,BASE,14,16,input,NAMED,ignore-data-filename,ignore-data-filename,ignoredatafilename,=,1,5feceb66ffc86f38d952786c6d696c79c2dbc239dd4e91b46729d73a27fb57e9,false,,false,false,
PAIR00315:BASE,PAIR00315,GW230922_020344,BASE,15,17,input,NAMED,gw-data-find,gw-data-find,gwdatafind,=,1,5feceb66ffc86f38d952786c6d696c79c2dbc239dd4e91b46729d73a27fb57e9,false,,false,false,
PAIR00315:BASE,PAIR00315,GW230922_020344,BASE,16,18,input,NAMED,gw-data-type-H1,gw-data-type-h1,gwdatatypeh1,=,0,e3b0c44298fc1c149afbf4c8996fb92427ae41e4649b934ca495991b7852b855,false,,false,false,
PAIR00315:BASE,PAIR00315,GW230922_020344,BASE,17,19,input,NAMED,gw-data-type-L1,gw-data-type-l1,gwdatatypel1,=,0,e3b0c44298fc1c149afbf4c8996fb92427ae41e4649b934ca495991b7852b855,false,,false,false,
PAIR00315:BASE,PAIR00315,GW230922_020344,BASE,18,20,input,NAMED,gw-data-type-V1,gw-data-type-v1,gwdatatypev1,=,0,e3b0c44298fc1c149afbf4c8996fb92427ae41e4649b934ca495991b7852b855,false,,false,false,
PAIR00315:BASE,PAIR00315,GW230922_020344,BASE,19,21,input,NAMED,ref-det,ref-det,refdet,=,2,8bf797aa02bd65b7cbd52155f6e010be77bb3d461320dac4c74c12d749d81066,false,,false,false,
PAIR00315:BASE,PAIR00315,GW230922_020344,BASE,20,22,input,NAMED,trigtime,trigtime,trigtime,=,16,7de710c23eff06b28e2d35eb2573f9efe0e8c7f3bab927d6be97edec10ae3e2c,false,,false,false,
PAIR00315:BASE,PAIR00315,GW230922_020344,BASE,21,23,input,NAMED,detectors,detectors,detectors,=,5,3b0244de8d58e5217d2f9d33788bf9ff487c7cf82068b932f86e382eefc8bcfe,false,,false,false,
PAIR00315:BASE,PAIR00315,GW230922_020344,BASE,22,24,input,NAMED,window-onsource,window-onsource,windowonsource,=,1,5feceb66ffc86f38d952786c6d696c79c2dbc239dd4e91b46729d73a27fb57e9,false,,false,false,
PAIR00315:BASE,PAIR00315,GW230922_020344,BASE,23,25,input,NAMED,noise-chunksize,noise-chunksize,noisechunksize,=,3,fbd04e1aae9ce0b11a8946e2c9ac2619f7428a64d32d01eff61d809dcb70ee8e,false,,false,false,
PAIR00315:BASE,PAIR00315,GW230922_020344,BASE,24,26,input,NAMED,signal-chunksize,signal-chunksize,signalchunksize,=,3,fbd04e1aae9ce0b11a8946e2c9ac2619f7428a64d32d01eff61d809dcb70ee8e,false,,false,false,
PAIR00315:BASE,PAIR00315,GW230922_020344,BASE,25,27,input,NAMED,amp-non-prec-sym,amp-non-prec-sym,ampnonprecsym,=,1,6b86b273ff34fce19d6b804eff5a3f5747ada4eaa22f1d49c01e52ddb7875b4b,false,,false,false,
PAIR00315:BASE,PAIR00315,GW230922_020344,BASE,26,28,input,NAMED,max-Kerr-amp-ratio,max-kerr-amp-ratio,maxkerrampratio,=,3,8aed642bf5118b9d3c859bd4be35ecac75b6e873cce34e7b6f554b06f75550d7,true,TARGET_LIKE_CANDIDATE,true,false,0.0
PAIR00315:BASE,PAIR00315,GW230922_020344,BASE,27,29,input,NAMED,kerr-modes,kerr-modes,kerrmodes,=,11,918b8617dd99e65be623b6a29009ed5cc07e2badeba955417690d4002c8f430b,true,KERR_MODES,true,false,"[(2,2,2,0)]"
PAIR00315:BASE,PAIR00315,GW230922_020344,BASE,28,30,input,NAMED,spheroidal,spheroidal,spheroidal,=,1,5feceb66ffc86f38d952786c6d696c79c2dbc239dd4e91b46729d73a27fb57e9,false,,false,false,
PAIR00315:BASE,PAIR00315,GW230922_020344,BASE,29,31,input,NAMED,reference-amplitude,reference-amplitude,referenceamplitude,=,5,64a930966aa1b51c0cc3f0747e943493b4dd46e75f7aba72f837f9adfa7d8c3d,false,,false,false,
PAIR00315:BASE,PAIR00315,GW230922_020344,BASE,30,32,input,NAMED,psd-H1,psd-h1,psdh1,=,0,e3b0c44298fc1c149afbf4c8996fb92427ae41e4649b934ca495991b7852b855,false,,false,false,
PAIR00315:BASE,PAIR00315,GW230922_020344,BASE,31,33,input,NAMED,psd-L1,psd-l1,psdl1,=,0,e3b0c44298fc1c149afbf4c8996fb92427ae41e4649b934ca495991b7852b855,false,,false,false,
PAIR00315:BASE,PAIR00315,GW230922_020344,BASE,32,34,input,NAMED,psd-V1,psd-v1,psdv1,=,0,e3b0c44298fc1c149afbf4c8996fb92427ae41e4649b934ca495991b7852b855,false,,false,false,
PAIR00315:BASE,PAIR00315,GW230922_020344,BASE,33,35,input,NAMED,injection-T,injection-t,injectiont,=,1,5feceb66ffc86f38d952786c6d696c79c2dbc239dd4e91b46729d73a27fb57e9,false,,false,false,
PAIR00315:BASE,PAIR00315,GW230922_020344,BASE,34,36,input,NAMED,injection-scaling,injection-scaling,injectionscaling,=,3,d0ff5974b6aa52cf562bea5921840c032a860a91a3512f7fe8f768f6bbe005f6,false,,false,false,
PAIR00315:BASE,PAIR00315,GW230922_020344,BASE,35,37,input,NAMED,gaussian-noise,gaussian-noise,gaussiannoise,=,0,e3b0c44298fc1c149afbf4c8996fb92427ae41e4649b934ca495991b7852b855,false,,false,false,
PAIR00315:BASE,PAIR00315,GW230922_020344,BASE,36,38,input,NAMED,injection-approximant,injection-approximant,injectionapproximant,=,0,e3b0c44298fc1c149afbf4c8996fb92427ae41e4649b934ca495991b7852b855,false,,false,false,
PAIR00315:BASE,PAIR00315,GW230922_020344,BASE,37,39,input,NAMED,zero-noise,zero-noise,zeronoise,=,1,5feceb66ffc86f38d952786c6d696c79c2dbc239dd4e91b46729d73a27fb57e9,false,,false,false,
PAIR00315:BASE,PAIR00315,GW230922_020344,BASE,38,40,input,NAMED,sky-frame,sky-frame,skyframe,=,10,5df6b59dfafca1111fa87f6072971ed8f4719d44cfe95bd6a7490e0e7010579d,false,,false,false,
PAIR00315:BASE,PAIR00315,GW230922_020344,BASE,39,41,input,NAMED,truncate,truncate,truncate,=,1,6b86b273ff34fce19d6b804eff5a3f5747ada4eaa22f1d49c01e52ddb7875b4b,false,,false,false,
PAIR00315:BASE,PAIR00315,GW230922_020344,BASE,40,42,input,NAMED,analysis-duration,analysis-duration,analysisduration,=,3,44896b09365746b5f7167ee4d64988a38f7f4628803cbf86224e74eeb7c69e9d,false,,false,false,
PAIR00315:BASE,PAIR00315,GW230922_020344,BASE,41,43,input,NAMED,run-tag,run-tag,runtag,=,6,b80f6b485bcb2eb62c8837dc0584594ad24fdae1debd0342debf7e038d14c866,false,,false,false,
PAIR00315:BASE,PAIR00315,GW230922_020344,BASE,42,47,Sampler settings,NAMED,nlive,nlive,nlive,=,4,8b926d75599a618e21f1341318e66517be26e18cc7496783d2b59758c1333be8,false,,false,false,
PAIR00315:BASE,PAIR00315,GW230922_020344,BASE,43,48,Sampler settings,NAMED,poolsize,poolsize,poolsize,=,3,ad57366865126e55649ecb23ae1d48887544976efea46a48eb5d85a6eeb4d306,false,,false,false,
PAIR00315:BASE,PAIR00315,GW230922_020344,BASE,44,49,Sampler settings,NAMED,maxmcmc,maxmcmc,maxmcmc,=,4,8b926d75599a618e21f1341318e66517be26e18cc7496783d2b59758c1333be8,false,,false,false,
PAIR00315:BASE,PAIR00315,GW230922_020344,BASE,45,50,Sampler settings,NAMED,nthreads,nthreads,nthreads,=,1,6b86b273ff34fce19d6b804eff5a3f5747ada4eaa22f1d49c01e52ddb7875b4b,false,,false,false,
PAIR00315:BASE,PAIR00315,GW230922_020344,BASE,46,51,Sampler settings,NAMED,verbose,verbose,verbose,=,1,d4735e3a265e16eee03f59718b9b5d03019c07d8b6c51f90da3a666eec13ab35,false,,false,false,
PAIR00315:BASE,PAIR00315,GW230922_020344,BASE,47,52,Sampler settings,NAMED,seed,seed,seed,=,4,7b346904f63cc07f1d8cc2d88d7dae08a3f088a0e4159d5214c27a6571a51eb4,false,,false,false,
PAIR00315:BASE,PAIR00315,GW230922_020344,BASE,48,56,Priors,NAMED,gr-time-prior,gr-time-prior,grtimeprior,=,1,6b86b273ff34fce19d6b804eff5a3f5747ada4eaa22f1d49c01e52ddb7875b4b,false,,false,false,
PAIR00315:BASE,PAIR00315,GW230922_020344,BASE,49,57,Priors,NAMED,mf-time-prior,mf-time-prior,mftimeprior,=,17,b27251c794788e54f2da6b7d56cc1e70f396ab1279c736ce2ffa139a3a52160f,false,,false,false,
PAIR00315:BASE,PAIR00315,GW230922_020344,BASE,50,58,Priors,NAMED,t-min,t-min,tmin,=,2,4a44dc15364204a80fe80e9039455cc1608281820fe2b24f1e5233ade6af1dd5,false,,false,false,
PAIR00315:BASE,PAIR00315,GW230922_020344,BASE,51,59,Priors,NAMED,t-max,t-max,tmax,=,2,39fa9ec190eee7b6f4dff1100d6343e10918d044c75eac8f9e9a2596173f80c9,false,,false,false,
PAIR00315:BASE,PAIR00315,GW230922_020344,BASE,52,60,Priors,NAMED,fix-t,fix-t,fixt,=,8,3b60ce335f3334124473b9037a768bc4f1b86743c427996179cf00d35e679335,false,,false,false,
PAIR00315:BASE,PAIR00315,GW230922_020344,BASE,53,61,Priors,NAMED,fix-ra,fix-ra,fixra,=,17,0326f22c1e53a8260f242161d1f3a28633e537e3137834522154b8fe324c44b9,false,,false,false,
PAIR00315:BASE,PAIR00315,GW230922_020344,BASE,54,62,Priors,NAMED,fix-dec,fix-dec,fixdec,=,19,1d8107868110805ac3e75989cfbe044e1207f5fab24d0c73a1fc50ef5c34e99a,false,,false,false,
PAIR00315:BASE,PAIR00315,GW230922_020344,BASE,55,63,Priors,NAMED,fix-phi,fix-phi,fixphi,=,3,8aed642bf5118b9d3c859bd4be35ecac75b6e873cce34e7b6f554b06f75550d7,false,,false,false,
PAIR00315:VARIANT,PAIR00315,GW230922_020344,VARIANT,1,3,input,NAMED,run-type,run-type,runtype,=,4,a18b869b2e81c0c529552a3c4fa5c92ed08b98a4e146aed778d71d27517f83ac,false,,false,false,
PAIR00315:VARIANT,PAIR00315,GW230922_020344,VARIANT,2,4,input,NAMED,sampling-rate,sampling-rate,samplingrate,=,6,e75c3d41e5235b3b2911777152402ad9c9747a12e0021fab801d0fcc1580d076,false,,false,false,
PAIR00315:VARIANT,PAIR00315,GW230922_020344,VARIANT,3,5,input,NAMED,f-min-bp,f-min-bp,fminbp,=,4,585348dbd28810f9a34f57be46f000c5f9effab894d074713d93fe7ccfeb3b76,false,,false,false,
PAIR00315:VARIANT,PAIR00315,GW230922_020344,VARIANT,4,6,input,NAMED,f-max-bp,f-max-bp,fmaxbp,=,6,fddd30227ad776813b0af144db3610e985b228ba22f365f0132a4b270de7694a,false,,false,false,
PAIR00315:VARIANT,PAIR00315,GW230922_020344,VARIANT,5,7,input,NAMED,output,output,output,=,24,5b2355648694a4527af201b5c1f2cd274e0a3a2fdfb0ad962b6a73a04a0b283b,false,,false,false,
PAIR00315:VARIANT,PAIR00315,GW230922_020344,VARIANT,6,8,input,NAMED,download-data,download-data,downloaddata,=,1,6b86b273ff34fce19d6b804eff5a3f5747ada4eaa22f1d49c01e52ddb7875b4b,false,,false,false,
PAIR00315:VARIANT,PAIR00315,GW230922_020344,VARIANT,7,9,input,NAMED,datalen-download,datalen-download,datalendownload,=,4,f81b732a59389bd6838affaf36f9a3b6d9fe736b4e99f146571a5b1b935283e9,false,,false,false,
PAIR00315:VARIANT,PAIR00315,GW230922_020344,VARIANT,8,10,input,NAMED,channel-H1,channel-h1,channelh1,=,28,19a08d2e9b9f86ab015dfa721d16ffb749bff3c1b6cc9bc57e498d8021581df9,false,,false,false,
PAIR00315:VARIANT,PAIR00315,GW230922_020344,VARIANT,9,11,input,NAMED,channel-L1,channel-l1,channell1,=,28,fcede5f51dc717380e3072435c419d9ca94c127e7d1737dc870bc534d794b981,false,,false,false,
PAIR00315:VARIANT,PAIR00315,GW230922_020344,VARIANT,10,12,input,NAMED,channel-V1,channel-v1,channelv1,=,0,e3b0c44298fc1c149afbf4c8996fb92427ae41e4649b934ca495991b7852b855,false,,false,false,
PAIR00315:VARIANT,PAIR00315,GW230922_020344,VARIANT,11,13,input,NAMED,data-H1,data-h1,datah1,=,0,e3b0c44298fc1c149afbf4c8996fb92427ae41e4649b934ca495991b7852b855,false,,false,false,
PAIR00315:VARIANT,PAIR00315,GW230922_020344,VARIANT,12,14,input,NAMED,data-L1,data-l1,datal1,=,0,e3b0c44298fc1c149afbf4c8996fb92427ae41e4649b934ca495991b7852b855,false,,false,false,
PAIR00315:VARIANT,PAIR00315,GW230922_020344,VARIANT,13,15,input,NAMED,data-V1,data-v1,datav1,=,0,e3b0c44298fc1c149afbf4c8996fb92427ae41e4649b934ca495991b7852b855,false,,false,false,
PAIR00315:VARIANT,PAIR00315,GW230922_020344,VARIANT,14,16,input,NAMED,ignore-data-filename,ignore-data-filename,ignoredatafilename,=,1,5feceb66ffc86f38d952786c6d696c79c2dbc239dd4e91b46729d73a27fb57e9,false,,false,false,
PAIR00315:VARIANT,PAIR00315,GW230922_020344,VARIANT,15,17,input,NAMED,gw-data-find,gw-data-find,gwdatafind,=,1,5feceb66ffc86f38d952786c6d696c79c2dbc239dd4e91b46729d73a27fb57e9,false,,false,false,
PAIR00315:VARIANT,PAIR00315,GW230922_020344,VARIANT,16,18,input,NAMED,gw-data-type-H1,gw-data-type-h1,gwdatatypeh1,=,0,e3b0c44298fc1c149afbf4c8996fb92427ae41e4649b934ca495991b7852b855,false,,false,false,
PAIR00315:VARIANT,PAIR00315,GW230922_020344,VARIANT,17,19,input,NAMED,gw-data-type-L1,gw-data-type-l1,gwdatatypel1,=,0,e3b0c44298fc1c149afbf4c8996fb92427ae41e4649b934ca495991b7852b855,false,,false,false,
PAIR00315:VARIANT,PAIR00315,GW230922_020344,VARIANT,18,20,input,NAMED,gw-data-type-V1,gw-data-type-v1,gwdatatypev1,=,0,e3b0c44298fc1c149afbf4c8996fb92427ae41e4649b934ca495991b7852b855,false,,false,false,
PAIR00315:VARIANT,PAIR00315,GW230922_020344,VARIANT,19,21,input,NAMED,ref-det,ref-det,refdet,=,2,8bf797aa02bd65b7cbd52155f6e010be77bb3d461320dac4c74c12d749d81066,false,,false,false,
PAIR00315:VARIANT,PAIR00315,GW230922_020344,VARIANT,20,22,input,NAMED,trigtime,trigtime,trigtime,=,16,7de710c23eff06b28e2d35eb2573f9efe0e8c7f3bab927d6be97edec10ae3e2c,false,,false,false,
PAIR00315:VARIANT,PAIR00315,GW230922_020344,VARIANT,21,23,input,NAMED,detectors,detectors,detectors,=,5,3b0244de8d58e5217d2f9d33788bf9ff487c7cf82068b932f86e382eefc8bcfe,false,,false,false,
PAIR00315:VARIANT,PAIR00315,GW230922_020344,VARIANT,22,24,input,NAMED,window-onsource,window-onsource,windowonsource,=,1,5feceb66ffc86f38d952786c6d696c79c2dbc239dd4e91b46729d73a27fb57e9,false,,false,false,
PAIR00315:VARIANT,PAIR00315,GW230922_020344,VARIANT,23,25,input,NAMED,noise-chunksize,noise-chunksize,noisechunksize,=,3,fbd04e1aae9ce0b11a8946e2c9ac2619f7428a64d32d01eff61d809dcb70ee8e,false,,false,false,
PAIR00315:VARIANT,PAIR00315,GW230922_020344,VARIANT,24,26,input,NAMED,signal-chunksize,signal-chunksize,signalchunksize,=,3,fbd04e1aae9ce0b11a8946e2c9ac2619f7428a64d32d01eff61d809dcb70ee8e,false,,false,false,
PAIR00315:VARIANT,PAIR00315,GW230922_020344,VARIANT,25,27,input,NAMED,amp-non-prec-sym,amp-non-prec-sym,ampnonprecsym,=,1,6b86b273ff34fce19d6b804eff5a3f5747ada4eaa22f1d49c01e52ddb7875b4b,false,,false,false,
PAIR00315:VARIANT,PAIR00315,GW230922_020344,VARIANT,26,28,input,NAMED,max-Kerr-amp-ratio,max-kerr-amp-ratio,maxkerrampratio,=,3,8aed642bf5118b9d3c859bd4be35ecac75b6e873cce34e7b6f554b06f75550d7,true,TARGET_LIKE_CANDIDATE,true,false,0.0
PAIR00315:VARIANT,PAIR00315,GW230922_020344,VARIANT,27,29,input,NAMED,kerr-modes,kerr-modes,kerrmodes,=,22,26acb063da48cd3d13b325c6fcf635766d64ae0318ecb9d7b68d86e24b01ef1a,true,KERR_MODES,true,false,"[(2,2,2,0), (2,2,1,0)]"
PAIR00315:VARIANT,PAIR00315,GW230922_020344,VARIANT,28,30,input,NAMED,spheroidal,spheroidal,spheroidal,=,1,5feceb66ffc86f38d952786c6d696c79c2dbc239dd4e91b46729d73a27fb57e9,false,,false,false,
PAIR00315:VARIANT,PAIR00315,GW230922_020344,VARIANT,29,31,input,NAMED,reference-amplitude,reference-amplitude,referenceamplitude,=,5,64a930966aa1b51c0cc3f0747e943493b4dd46e75f7aba72f837f9adfa7d8c3d,false,,false,false,
PAIR00315:VARIANT,PAIR00315,GW230922_020344,VARIANT,30,32,input,NAMED,psd-H1,psd-h1,psdh1,=,0,e3b0c44298fc1c149afbf4c8996fb92427ae41e4649b934ca495991b7852b855,false,,false,false,
PAIR00315:VARIANT,PAIR00315,GW230922_020344,VARIANT,31,33,input,NAMED,psd-L1,psd-l1,psdl1,=,0,e3b0c44298fc1c149afbf4c8996fb92427ae41e4649b934ca495991b7852b855,false,,false,false,
PAIR00315:VARIANT,PAIR00315,GW230922_020344,VARIANT,32,34,input,NAMED,psd-V1,psd-v1,psdv1,=,0,e3b0c44298fc1c149afbf4c8996fb92427ae41e4649b934ca495991b7852b855,false,,false,false,
PAIR00315:VARIANT,PAIR00315,GW230922_020344,VARIANT,33,35,input,NAMED,injection-T,injection-t,injectiont,=,1,5feceb66ffc86f38d952786c6d696c79c2dbc239dd4e91b46729d73a27fb57e9,false,,false,false,
PAIR00315:VARIANT,PAIR00315,GW230922_020344,VARIANT,34,36,input,NAMED,injection-scaling,injection-scaling,injectionscaling,=,3,d0ff5974b6aa52cf562bea5921840c032a860a91a3512f7fe8f768f6bbe005f6,false,,false,false,
PAIR00315:VARIANT,PAIR00315,GW230922_020344,VARIANT,35,37,input,NAMED,gaussian-noise,gaussian-noise,gaussiannoise,=,0,e3b0c44298fc1c149afbf4c8996fb92427ae41e4649b934ca495991b7852b855,false,,false,false,
PAIR00315:VARIANT,PAIR00315,GW230922_020344,VARIANT,36,38,input,NAMED,injection-approximant,injection-approximant,injectionapproximant,=,0,e3b0c44298fc1c149afbf4c8996fb92427ae41e4649b934ca495991b7852b855,false,,false,false,
PAIR00315:VARIANT,PAIR00315,GW230922_020344,VARIANT,37,39,input,NAMED,zero-noise,zero-noise,zeronoise,=,1,5feceb66ffc86f38d952786c6d696c79c2dbc239dd4e91b46729d73a27fb57e9,false,,false,false,
PAIR00315:VARIANT,PAIR00315,GW230922_020344,VARIANT,38,40,input,NAMED,sky-frame,sky-frame,skyframe,=,10,5df6b59dfafca1111fa87f6072971ed8f4719d44cfe95bd6a7490e0e7010579d,false,,false,false,
PAIR00315:VARIANT,PAIR00315,GW230922_020344,VARIANT,39,41,input,NAMED,truncate,truncate,truncate,=,1,6b86b273ff34fce19d6b804eff5a3f5747ada4eaa22f1d49c01e52ddb7875b4b,false,,false,false,
PAIR00315:VARIANT,PAIR00315,GW230922_020344,VARIANT,40,42,input,NAMED,analysis-duration,analysis-duration,analysisduration,=,3,44896b09365746b5f7167ee4d64988a38f7f4628803cbf86224e74eeb7c69e9d,false,,false,false,
PAIR00315:VARIANT,PAIR00315,GW230922_020344,VARIANT,41,43,input,NAMED,run-tag,run-tag,runtag,=,6,b80f6b485bcb2eb62c8837dc0584594ad24fdae1debd0342debf7e038d14c866,false,,false,false,
PAIR00315:VARIANT,PAIR00315,GW230922_020344,VARIANT,42,47,Sampler settings,NAMED,nlive,nlive,nlive,=,4,8b926d75599a618e21f1341318e66517be26e18cc7496783d2b59758c1333be8,false,,false,false,
PAIR00315:VARIANT,PAIR00315,GW230922_020344,VARIANT,43,48,Sampler settings,NAMED,poolsize,poolsize,poolsize,=,3,ad57366865126e55649ecb23ae1d48887544976efea46a48eb5d85a6eeb4d306,false,,false,false,
PAIR00315:VARIANT,PAIR00315,GW230922_020344,VARIANT,44,49,Sampler settings,NAMED,maxmcmc,maxmcmc,maxmcmc,=,4,8b926d75599a618e21f1341318e66517be26e18cc7496783d2b59758c1333be8,false,,false,false,
PAIR00315:VARIANT,PAIR00315,GW230922_020344,VARIANT,45,50,Sampler settings,NAMED,nthreads,nthreads,nthreads,=,1,6b86b273ff34fce19d6b804eff5a3f5747ada4eaa22f1d49c01e52ddb7875b4b,false,,false,false,
PAIR00315:VARIANT,PAIR00315,GW230922_020344,VARIANT,46,51,Sampler settings,NAMED,verbose,verbose,verbose,=,1,d4735e3a265e16eee03f59718b9b5d03019c07d8b6c51f90da3a666eec13ab35,false,,false,false,
PAIR00315:VARIANT,PAIR00315,GW230922_020344,VARIANT,47,52,Sampler settings,NAMED,seed,seed,seed,=,4,7b346904f63cc07f1d8cc2d88d7dae08a3f088a0e4159d5214c27a6571a51eb4,false,,false,false,
PAIR00315:VARIANT,PAIR00315,GW230922_020344,VARIANT,48,56,Priors,NAMED,gr-time-prior,gr-time-prior,grtimeprior,=,1,6b86b273ff34fce19d6b804eff5a3f5747ada4eaa22f1d49c01e52ddb7875b4b,false,,false,false,
PAIR00315:VARIANT,PAIR00315,GW230922_020344,VARIANT,49,57,Priors,NAMED,mf-time-prior,mf-time-prior,mftimeprior,=,17,b27251c794788e54f2da6b7d56cc1e70f396ab1279c736ce2ffa139a3a52160f,false,,false,false,
PAIR00315:VARIANT,PAIR00315,GW230922_020344,VARIANT,50,58,Priors,NAMED,t-min,t-min,tmin,=,2,4a44dc15364204a80fe80e9039455cc1608281820fe2b24f1e5233ade6af1dd5,false,,false,false,
PAIR00315:VARIANT,PAIR00315,GW230922_020344,VARIANT,51,59,Priors,NAMED,t-max,t-max,tmax,=,2,39fa9ec190eee7b6f4dff1100d6343e10918d044c75eac8f9e9a2596173f80c9,false,,false,false,
PAIR00315:VARIANT,PAIR00315,GW230922_020344,VARIANT,52,60,Priors,NAMED,fix-t,fix-t,fixt,=,8,3b60ce335f3334124473b9037a768bc4f1b86743c427996179cf00d35e679335,false,,false,false,
PAIR00315:VARIANT,PAIR00315,GW230922_020344,VARIANT,53,61,Priors,NAMED,fix-ra,fix-ra,fixra,=,17,0326f22c1e53a8260f242161d1f3a28633e537e3137834522154b8fe324c44b9,false,,false,false,
PAIR00315:VARIANT,PAIR00315,GW230922_020344,VARIANT,54,62,Priors,NAMED,fix-dec,fix-dec,fixdec,=,19,1d8107868110805ac3e75989cfbe044e1207f5fab24d0c73a1fc50ef5c34e99a,false,,false,false,
PAIR00315:VARIANT,PAIR00315,GW230922_020344,VARIANT,55,63,Priors,NAMED,fix-phi,fix-phi,fixphi,=,3,8aed642bf5118b9d3c859bd4be35ecac75b6e873cce34e7b6f554b06f75550d7,false,,false,false,
PAIR00360:BASE,PAIR00360,GW230922_040658,BASE,1,3,input,NAMED,run-type,run-type,runtype,=,4,a18b869b2e81c0c529552a3c4fa5c92ed08b98a4e146aed778d71d27517f83ac,false,,false,false,
PAIR00360:BASE,PAIR00360,GW230922_040658,BASE,2,4,input,NAMED,sampling-rate,sampling-rate,samplingrate,=,6,e75c3d41e5235b3b2911777152402ad9c9747a12e0021fab801d0fcc1580d076,false,,false,false,
PAIR00360:BASE,PAIR00360,GW230922_040658,BASE,3,5,input,NAMED,f-min-bp,f-min-bp,fminbp,=,4,585348dbd28810f9a34f57be46f000c5f9effab894d074713d93fe7ccfeb3b76,false,,false,false,
PAIR00360:BASE,PAIR00360,GW230922_040658,BASE,4,6,input,NAMED,f-max-bp,f-max-bp,fmaxbp,=,6,fddd30227ad776813b0af144db3610e985b228ba22f365f0132a4b270de7694a,false,,false,false,
PAIR00360:BASE,PAIR00360,GW230922_040658,BASE,5,7,input,NAMED,output,output,output,=,24,5b2355648694a4527af201b5c1f2cd274e0a3a2fdfb0ad962b6a73a04a0b283b,false,,false,false,
PAIR00360:BASE,PAIR00360,GW230922_040658,BASE,6,8,input,NAMED,download-data,download-data,downloaddata,=,1,6b86b273ff34fce19d6b804eff5a3f5747ada4eaa22f1d49c01e52ddb7875b4b,false,,false,false,
PAIR00360:BASE,PAIR00360,GW230922_040658,BASE,7,9,input,NAMED,datalen-download,datalen-download,datalendownload,=,4,f81b732a59389bd6838affaf36f9a3b6d9fe736b4e99f146571a5b1b935283e9,false,,false,false,
PAIR00360:BASE,PAIR00360,GW230922_040658,BASE,8,10,input,NAMED,channel-H1,channel-h1,channelh1,=,28,19a08d2e9b9f86ab015dfa721d16ffb749bff3c1b6cc9bc57e498d8021581df9,false,,false,false,
PAIR00360:BASE,PAIR00360,GW230922_040658,BASE,9,11,input,NAMED,channel-L1,channel-l1,channell1,=,28,fcede5f51dc717380e3072435c419d9ca94c127e7d1737dc870bc534d794b981,false,,false,false,
PAIR00360:BASE,PAIR00360,GW230922_040658,BASE,10,12,input,NAMED,channel-V1,channel-v1,channelv1,=,0,e3b0c44298fc1c149afbf4c8996fb92427ae41e4649b934ca495991b7852b855,false,,false,false,
PAIR00360:BASE,PAIR00360,GW230922_040658,BASE,11,13,input,NAMED,data-H1,data-h1,datah1,=,0,e3b0c44298fc1c149afbf4c8996fb92427ae41e4649b934ca495991b7852b855,false,,false,false,
PAIR00360:BASE,PAIR00360,GW230922_040658,BASE,12,14,input,NAMED,data-L1,data-l1,datal1,=,0,e3b0c44298fc1c149afbf4c8996fb92427ae41e4649b934ca495991b7852b855,false,,false,false,
PAIR00360:BASE,PAIR00360,GW230922_040658,BASE,13,15,input,NAMED,data-V1,data-v1,datav1,=,0,e3b0c44298fc1c149afbf4c8996fb92427ae41e4649b934ca495991b7852b855,false,,false,false,
PAIR00360:BASE,PAIR00360,GW230922_040658,BASE,14,16,input,NAMED,ignore-data-filename,ignore-data-filename,ignoredatafilename,=,1,5feceb66ffc86f38d952786c6d696c79c2dbc239dd4e91b46729d73a27fb57e9,false,,false,false,
PAIR00360:BASE,PAIR00360,GW230922_040658,BASE,15,17,input,NAMED,gw-data-find,gw-data-find,gwdatafind,=,1,5feceb66ffc86f38d952786c6d696c79c2dbc239dd4e91b46729d73a27fb57e9,false,,false,false,
PAIR00360:BASE,PAIR00360,GW230922_040658,BASE,16,18,input,NAMED,gw-data-type-H1,gw-data-type-h1,gwdatatypeh1,=,0,e3b0c44298fc1c149afbf4c8996fb92427ae41e4649b934ca495991b7852b855,false,,false,false,
PAIR00360:BASE,PAIR00360,GW230922_040658,BASE,17,19,input,NAMED,gw-data-type-L1,gw-data-type-l1,gwdatatypel1,=,0,e3b0c44298fc1c149afbf4c8996fb92427ae41e4649b934ca495991b7852b855,false,,false,false,
PAIR00360:BASE,PAIR00360,GW230922_040658,BASE,18,20,input,NAMED,gw-data-type-V1,gw-data-type-v1,gwdatatypev1,=,0,e3b0c44298fc1c149afbf4c8996fb92427ae41e4649b934ca495991b7852b855,false,,false,false,
PAIR00360:BASE,PAIR00360,GW230922_040658,BASE,19,21,input,NAMED,ref-det,ref-det,refdet,=,2,8bf797aa02bd65b7cbd52155f6e010be77bb3d461320dac4c74c12d749d81066,false,,false,false,
PAIR00360:BASE,PAIR00360,GW230922_040658,BASE,20,22,input,NAMED,trigtime,trigtime,trigtime,=,17,7614acc938b28705e1a81afd9f56a5b6012b97d7fdce6fa789066d13ed958dd1,false,,false,false,
PAIR00360:BASE,PAIR00360,GW230922_040658,BASE,21,23,input,NAMED,detectors,detectors,detectors,=,5,3b0244de8d58e5217d2f9d33788bf9ff487c7cf82068b932f86e382eefc8bcfe,false,,false,false,
PAIR00360:BASE,PAIR00360,GW230922_040658,BASE,22,24,input,NAMED,window-onsource,window-onsource,windowonsource,=,1,5feceb66ffc86f38d952786c6d696c79c2dbc239dd4e91b46729d73a27fb57e9,false,,false,false,
PAIR00360:BASE,PAIR00360,GW230922_040658,BASE,23,25,input,NAMED,noise-chunksize,noise-chunksize,noisechunksize,=,3,fbd04e1aae9ce0b11a8946e2c9ac2619f7428a64d32d01eff61d809dcb70ee8e,false,,false,false,
PAIR00360:BASE,PAIR00360,GW230922_040658,BASE,24,26,input,NAMED,signal-chunksize,signal-chunksize,signalchunksize,=,3,fbd04e1aae9ce0b11a8946e2c9ac2619f7428a64d32d01eff61d809dcb70ee8e,false,,false,false,
PAIR00360:BASE,PAIR00360,GW230922_040658,BASE,25,27,input,NAMED,amp-non-prec-sym,amp-non-prec-sym,ampnonprecsym,=,1,6b86b273ff34fce19d6b804eff5a3f5747ada4eaa22f1d49c01e52ddb7875b4b,false,,false,false,
PAIR00360:BASE,PAIR00360,GW230922_040658,BASE,26,28,input,NAMED,max-Kerr-amp-ratio,max-kerr-amp-ratio,maxkerrampratio,=,3,8aed642bf5118b9d3c859bd4be35ecac75b6e873cce34e7b6f554b06f75550d7,true,TARGET_LIKE_CANDIDATE,true,false,0.0
PAIR00360:BASE,PAIR00360,GW230922_040658,BASE,27,29,input,NAMED,kerr-modes,kerr-modes,kerrmodes,=,11,918b8617dd99e65be623b6a29009ed5cc07e2badeba955417690d4002c8f430b,true,KERR_MODES,true,false,"[(2,2,2,0)]"
PAIR00360:BASE,PAIR00360,GW230922_040658,BASE,28,30,input,NAMED,spheroidal,spheroidal,spheroidal,=,1,5feceb66ffc86f38d952786c6d696c79c2dbc239dd4e91b46729d73a27fb57e9,false,,false,false,
PAIR00360:BASE,PAIR00360,GW230922_040658,BASE,29,31,input,NAMED,reference-amplitude,reference-amplitude,referenceamplitude,=,5,64a930966aa1b51c0cc3f0747e943493b4dd46e75f7aba72f837f9adfa7d8c3d,false,,false,false,
PAIR00360:BASE,PAIR00360,GW230922_040658,BASE,30,32,input,NAMED,psd-H1,psd-h1,psdh1,=,0,e3b0c44298fc1c149afbf4c8996fb92427ae41e4649b934ca495991b7852b855,false,,false,false,
PAIR00360:BASE,PAIR00360,GW230922_040658,BASE,31,33,input,NAMED,psd-L1,psd-l1,psdl1,=,0,e3b0c44298fc1c149afbf4c8996fb92427ae41e4649b934ca495991b7852b855,false,,false,false,
PAIR00360:BASE,PAIR00360,GW230922_040658,BASE,32,34,input,NAMED,psd-V1,psd-v1,psdv1,=,0,e3b0c44298fc1c149afbf4c8996fb92427ae41e4649b934ca495991b7852b855,false,,false,false,
PAIR00360:BASE,PAIR00360,GW230922_040658,BASE,33,35,input,NAMED,injection-T,injection-t,injectiont,=,1,5feceb66ffc86f38d952786c6d696c79c2dbc239dd4e91b46729d73a27fb57e9,false,,false,false,
PAIR00360:BASE,PAIR00360,GW230922_040658,BASE,34,36,input,NAMED,injection-scaling,injection-scaling,injectionscaling,=,3,d0ff5974b6aa52cf562bea5921840c032a860a91a3512f7fe8f768f6bbe005f6,false,,false,false,
PAIR00360:BASE,PAIR00360,GW230922_040658,BASE,35,37,input,NAMED,gaussian-noise,gaussian-noise,gaussiannoise,=,0,e3b0c44298fc1c149afbf4c8996fb92427ae41e4649b934ca495991b7852b855,false,,false,false,
PAIR00360:BASE,PAIR00360,GW230922_040658,BASE,36,38,input,NAMED,injection-approximant,injection-approximant,injectionapproximant,=,0,e3b0c44298fc1c149afbf4c8996fb92427ae41e4649b934ca495991b7852b855,false,,false,false,
PAIR00360:BASE,PAIR00360,GW230922_040658,BASE,37,39,input,NAMED,zero-noise,zero-noise,zeronoise,=,1,5feceb66ffc86f38d952786c6d696c79c2dbc239dd4e91b46729d73a27fb57e9,false,,false,false,
PAIR00360:BASE,PAIR00360,GW230922_040658,BASE,38,40,input,NAMED,sky-frame,sky-frame,skyframe,=,10,5df6b59dfafca1111fa87f6072971ed8f4719d44cfe95bd6a7490e0e7010579d,false,,false,false,
PAIR00360:BASE,PAIR00360,GW230922_040658,BASE,39,41,input,NAMED,truncate,truncate,truncate,=,1,6b86b273ff34fce19d6b804eff5a3f5747ada4eaa22f1d49c01e52ddb7875b4b,false,,false,false,
PAIR00360:BASE,PAIR00360,GW230922_040658,BASE,40,42,input,NAMED,analysis-duration,analysis-duration,analysisduration,=,3,44896b09365746b5f7167ee4d64988a38f7f4628803cbf86224e74eeb7c69e9d,false,,false,false,
PAIR00360:BASE,PAIR00360,GW230922_040658,BASE,41,43,input,NAMED,run-tag,run-tag,runtag,=,6,36b8f014212bf467561240293cc6cb63f8f85362f0f99bd1dbdfd544797e5a43,false,,false,false,
PAIR00360:BASE,PAIR00360,GW230922_040658,BASE,42,47,Sampler settings,NAMED,nlive,nlive,nlive,=,4,8b926d75599a618e21f1341318e66517be26e18cc7496783d2b59758c1333be8,false,,false,false,
PAIR00360:BASE,PAIR00360,GW230922_040658,BASE,43,48,Sampler settings,NAMED,poolsize,poolsize,poolsize,=,3,ad57366865126e55649ecb23ae1d48887544976efea46a48eb5d85a6eeb4d306,false,,false,false,
PAIR00360:BASE,PAIR00360,GW230922_040658,BASE,44,49,Sampler settings,NAMED,maxmcmc,maxmcmc,maxmcmc,=,4,8b926d75599a618e21f1341318e66517be26e18cc7496783d2b59758c1333be8,false,,false,false,
PAIR00360:BASE,PAIR00360,GW230922_040658,BASE,45,50,Sampler settings,NAMED,nthreads,nthreads,nthreads,=,1,6b86b273ff34fce19d6b804eff5a3f5747ada4eaa22f1d49c01e52ddb7875b4b,false,,false,false,
PAIR00360:BASE,PAIR00360,GW230922_040658,BASE,46,51,Sampler settings,NAMED,verbose,verbose,verbose,=,1,d4735e3a265e16eee03f59718b9b5d03019c07d8b6c51f90da3a666eec13ab35,false,,false,false,
PAIR00360:BASE,PAIR00360,GW230922_040658,BASE,47,52,Sampler settings,NAMED,seed,seed,seed,=,4,7b346904f63cc07f1d8cc2d88d7dae08a3f088a0e4159d5214c27a6571a51eb4,false,,false,false,
PAIR00360:BASE,PAIR00360,GW230922_040658,BASE,48,56,Priors,NAMED,gr-time-prior,gr-time-prior,grtimeprior,=,1,6b86b273ff34fce19d6b804eff5a3f5747ada4eaa22f1d49c01e52ddb7875b4b,false,,false,false,
PAIR00360:BASE,PAIR00360,GW230922_040658,BASE,49,57,Priors,NAMED,mf-time-prior,mf-time-prior,mftimeprior,=,18,3487a78f2cadb4a4c96fee8102ddef073b93d7ee252820ac1107681b33d0acde,false,,false,false,
PAIR00360:BASE,PAIR00360,GW230922_040658,BASE,50,58,Priors,NAMED,t-min,t-min,tmin,=,2,4a44dc15364204a80fe80e9039455cc1608281820fe2b24f1e5233ade6af1dd5,false,,false,false,
PAIR00360:BASE,PAIR00360,GW230922_040658,BASE,51,59,Priors,NAMED,t-max,t-max,tmax,=,2,39fa9ec190eee7b6f4dff1100d6343e10918d044c75eac8f9e9a2596173f80c9,false,,false,false,
PAIR00360:BASE,PAIR00360,GW230922_040658,BASE,52,60,Priors,NAMED,fix-t,fix-t,fixt,=,8,b5c91cd6a05d23a02c17867d6f5750efb2c3c2d30e2fbbf190e533957921a949,false,,false,false,
PAIR00360:BASE,PAIR00360,GW230922_040658,BASE,53,61,Priors,NAMED,fix-ra,fix-ra,fixra,=,16,65bf53a3a39f69a253f22b7a65c99d0b255302a25bc57a3afabd5d140fc8f44f,false,,false,false,
PAIR00360:BASE,PAIR00360,GW230922_040658,BASE,54,62,Priors,NAMED,fix-dec,fix-dec,fixdec,=,19,d3b0bff5e6e18ee23682f5191c40095ff1680b2371965072e9948e2c8433d752,false,,false,false,
PAIR00360:BASE,PAIR00360,GW230922_040658,BASE,55,63,Priors,NAMED,fix-phi,fix-phi,fixphi,=,3,8aed642bf5118b9d3c859bd4be35ecac75b6e873cce34e7b6f554b06f75550d7,false,,false,false,
PAIR00360:VARIANT,PAIR00360,GW230922_040658,VARIANT,1,3,input,NAMED,run-type,run-type,runtype,=,4,a18b869b2e81c0c529552a3c4fa5c92ed08b98a4e146aed778d71d27517f83ac,false,,false,false,
PAIR00360:VARIANT,PAIR00360,GW230922_040658,VARIANT,2,4,input,NAMED,sampling-rate,sampling-rate,samplingrate,=,6,e75c3d41e5235b3b2911777152402ad9c9747a12e0021fab801d0fcc1580d076,false,,false,false,
PAIR00360:VARIANT,PAIR00360,GW230922_040658,VARIANT,3,5,input,NAMED,f-min-bp,f-min-bp,fminbp,=,4,585348dbd28810f9a34f57be46f000c5f9effab894d074713d93fe7ccfeb3b76,false,,false,false,
PAIR00360:VARIANT,PAIR00360,GW230922_040658,VARIANT,4,6,input,NAMED,f-max-bp,f-max-bp,fmaxbp,=,6,fddd30227ad776813b0af144db3610e985b228ba22f365f0132a4b270de7694a,false,,false,false,
PAIR00360:VARIANT,PAIR00360,GW230922_040658,VARIANT,5,7,input,NAMED,output,output,output,=,24,5b2355648694a4527af201b5c1f2cd274e0a3a2fdfb0ad962b6a73a04a0b283b,false,,false,false,
PAIR00360:VARIANT,PAIR00360,GW230922_040658,VARIANT,6,8,input,NAMED,download-data,download-data,downloaddata,=,1,6b86b273ff34fce19d6b804eff5a3f5747ada4eaa22f1d49c01e52ddb7875b4b,false,,false,false,
PAIR00360:VARIANT,PAIR00360,GW230922_040658,VARIANT,7,9,input,NAMED,datalen-download,datalen-download,datalendownload,=,4,f81b732a59389bd6838affaf36f9a3b6d9fe736b4e99f146571a5b1b935283e9,false,,false,false,
PAIR00360:VARIANT,PAIR00360,GW230922_040658,VARIANT,8,10,input,NAMED,channel-H1,channel-h1,channelh1,=,28,19a08d2e9b9f86ab015dfa721d16ffb749bff3c1b6cc9bc57e498d8021581df9,false,,false,false,
PAIR00360:VARIANT,PAIR00360,GW230922_040658,VARIANT,9,11,input,NAMED,channel-L1,channel-l1,channell1,=,28,fcede5f51dc717380e3072435c419d9ca94c127e7d1737dc870bc534d794b981,false,,false,false,
PAIR00360:VARIANT,PAIR00360,GW230922_040658,VARIANT,10,12,input,NAMED,channel-V1,channel-v1,channelv1,=,0,e3b0c44298fc1c149afbf4c8996fb92427ae41e4649b934ca495991b7852b855,false,,false,false,
PAIR00360:VARIANT,PAIR00360,GW230922_040658,VARIANT,11,13,input,NAMED,data-H1,data-h1,datah1,=,0,e3b0c44298fc1c149afbf4c8996fb92427ae41e4649b934ca495991b7852b855,false,,false,false,
PAIR00360:VARIANT,PAIR00360,GW230922_040658,VARIANT,12,14,input,NAMED,data-L1,data-l1,datal1,=,0,e3b0c44298fc1c149afbf4c8996fb92427ae41e4649b934ca495991b7852b855,false,,false,false,
PAIR00360:VARIANT,PAIR00360,GW230922_040658,VARIANT,13,15,input,NAMED,data-V1,data-v1,datav1,=,0,e3b0c44298fc1c149afbf4c8996fb92427ae41e4649b934ca495991b7852b855,false,,false,false,
PAIR00360:VARIANT,PAIR00360,GW230922_040658,VARIANT,14,16,input,NAMED,ignore-data-filename,ignore-data-filename,ignoredatafilename,=,1,5feceb66ffc86f38d952786c6d696c79c2dbc239dd4e91b46729d73a27fb57e9,false,,false,false,
PAIR00360:VARIANT,PAIR00360,GW230922_040658,VARIANT,15,17,input,NAMED,gw-data-find,gw-data-find,gwdatafind,=,1,5feceb66ffc86f38d952786c6d696c79c2dbc239dd4e91b46729d73a27fb57e9,false,,false,false,
PAIR00360:VARIANT,PAIR00360,GW230922_040658,VARIANT,16,18,input,NAMED,gw-data-type-H1,gw-data-type-h1,gwdatatypeh1,=,0,e3b0c44298fc1c149afbf4c8996fb92427ae41e4649b934ca495991b7852b855,false,,false,false,
PAIR00360:VARIANT,PAIR00360,GW230922_040658,VARIANT,17,19,input,NAMED,gw-data-type-L1,gw-data-type-l1,gwdatatypel1,=,0,e3b0c44298fc1c149afbf4c8996fb92427ae41e4649b934ca495991b7852b855,false,,false,false,
PAIR00360:VARIANT,PAIR00360,GW230922_040658,VARIANT,18,20,input,NAMED,gw-data-type-V1,gw-data-type-v1,gwdatatypev1,=,0,e3b0c44298fc1c149afbf4c8996fb92427ae41e4649b934ca495991b7852b855,false,,false,false,
PAIR00360:VARIANT,PAIR00360,GW230922_040658,VARIANT,19,21,input,NAMED,ref-det,ref-det,refdet,=,2,8bf797aa02bd65b7cbd52155f6e010be77bb3d461320dac4c74c12d749d81066,false,,false,false,
PAIR00360:VARIANT,PAIR00360,GW230922_040658,VARIANT,20,22,input,NAMED,trigtime,trigtime,trigtime,=,17,7614acc938b28705e1a81afd9f56a5b6012b97d7fdce6fa789066d13ed958dd1,false,,false,false,
PAIR00360:VARIANT,PAIR00360,GW230922_040658,VARIANT,21,23,input,NAMED,detectors,detectors,detectors,=,5,3b0244de8d58e5217d2f9d33788bf9ff487c7cf82068b932f86e382eefc8bcfe,false,,false,false,
PAIR00360:VARIANT,PAIR00360,GW230922_040658,VARIANT,22,24,input,NAMED,window-onsource,window-onsource,windowonsource,=,1,5feceb66ffc86f38d952786c6d696c79c2dbc239dd4e91b46729d73a27fb57e9,false,,false,false,
PAIR00360:VARIANT,PAIR00360,GW230922_040658,VARIANT,23,25,input,NAMED,noise-chunksize,noise-chunksize,noisechunksize,=,3,fbd04e1aae9ce0b11a8946e2c9ac2619f7428a64d32d01eff61d809dcb70ee8e,false,,false,false,
PAIR00360:VARIANT,PAIR00360,GW230922_040658,VARIANT,24,26,input,NAMED,signal-chunksize,signal-chunksize,signalchunksize,=,3,fbd04e1aae9ce0b11a8946e2c9ac2619f7428a64d32d01eff61d809dcb70ee8e,false,,false,false,
PAIR00360:VARIANT,PAIR00360,GW230922_040658,VARIANT,25,27,input,NAMED,amp-non-prec-sym,amp-non-prec-sym,ampnonprecsym,=,1,6b86b273ff34fce19d6b804eff5a3f5747ada4eaa22f1d49c01e52ddb7875b4b,false,,false,false,
PAIR00360:VARIANT,PAIR00360,GW230922_040658,VARIANT,26,28,input,NAMED,max-Kerr-amp-ratio,max-kerr-amp-ratio,maxkerrampratio,=,3,8aed642bf5118b9d3c859bd4be35ecac75b6e873cce34e7b6f554b06f75550d7,true,TARGET_LIKE_CANDIDATE,true,false,0.0
PAIR00360:VARIANT,PAIR00360,GW230922_040658,VARIANT,27,29,input,NAMED,kerr-modes,kerr-modes,kerrmodes,=,22,bc200f256cf28b74cec3f8e364af97fbd24eb4ea100fb87bf554622a407e809f,true,KERR_MODES,true,false,"[(2,2,2,0), (2,2,2,1)]"
PAIR00360:VARIANT,PAIR00360,GW230922_040658,VARIANT,28,30,input,NAMED,spheroidal,spheroidal,spheroidal,=,1,5feceb66ffc86f38d952786c6d696c79c2dbc239dd4e91b46729d73a27fb57e9,false,,false,false,
PAIR00360:VARIANT,PAIR00360,GW230922_040658,VARIANT,29,31,input,NAMED,reference-amplitude,reference-amplitude,referenceamplitude,=,5,64a930966aa1b51c0cc3f0747e943493b4dd46e75f7aba72f837f9adfa7d8c3d,false,,false,false,
PAIR00360:VARIANT,PAIR00360,GW230922_040658,VARIANT,30,32,input,NAMED,psd-H1,psd-h1,psdh1,=,0,e3b0c44298fc1c149afbf4c8996fb92427ae41e4649b934ca495991b7852b855,false,,false,false,
PAIR00360:VARIANT,PAIR00360,GW230922_040658,VARIANT,31,33,input,NAMED,psd-L1,psd-l1,psdl1,=,0,e3b0c44298fc1c149afbf4c8996fb92427ae41e4649b934ca495991b7852b855,false,,false,false,
PAIR00360:VARIANT,PAIR00360,GW230922_040658,VARIANT,32,34,input,NAMED,psd-V1,psd-v1,psdv1,=,0,e3b0c44298fc1c149afbf4c8996fb92427ae41e4649b934ca495991b7852b855,false,,false,false,
PAIR00360:VARIANT,PAIR00360,GW230922_040658,VARIANT,33,35,input,NAMED,injection-T,injection-t,injectiont,=,1,5feceb66ffc86f38d952786c6d696c79c2dbc239dd4e91b46729d73a27fb57e9,false,,false,false,
PAIR00360:VARIANT,PAIR00360,GW230922_040658,VARIANT,34,36,input,NAMED,injection-scaling,injection-scaling,injectionscaling,=,3,d0ff5974b6aa52cf562bea5921840c032a860a91a3512f7fe8f768f6bbe005f6,false,,false,false,
PAIR00360:VARIANT,PAIR00360,GW230922_040658,VARIANT,35,37,input,NAMED,gaussian-noise,gaussian-noise,gaussiannoise,=,0,e3b0c44298fc1c149afbf4c8996fb92427ae41e4649b934ca495991b7852b855,false,,false,false,
PAIR00360:VARIANT,PAIR00360,GW230922_040658,VARIANT,36,38,input,NAMED,injection-approximant,injection-approximant,injectionapproximant,=,0,e3b0c44298fc1c149afbf4c8996fb92427ae41e4649b934ca495991b7852b855,false,,false,false,
PAIR00360:VARIANT,PAIR00360,GW230922_040658,VARIANT,37,39,input,NAMED,zero-noise,zero-noise,zeronoise,=,1,5feceb66ffc86f38d952786c6d696c79c2dbc239dd4e91b46729d73a27fb57e9,false,,false,false,
PAIR00360:VARIANT,PAIR00360,GW230922_040658,VARIANT,38,40,input,NAMED,sky-frame,sky-frame,skyframe,=,10,5df6b59dfafca1111fa87f6072971ed8f4719d44cfe95bd6a7490e0e7010579d,false,,false,false,
PAIR00360:VARIANT,PAIR00360,GW230922_040658,VARIANT,39,41,input,NAMED,truncate,truncate,truncate,=,1,6b86b273ff34fce19d6b804eff5a3f5747ada4eaa22f1d49c01e52ddb7875b4b,false,,false,false,
PAIR00360:VARIANT,PAIR00360,GW230922_040658,VARIANT,40,42,input,NAMED,analysis-duration,analysis-duration,analysisduration,=,3,44896b09365746b5f7167ee4d64988a38f7f4628803cbf86224e74eeb7c69e9d,false,,false,false,
PAIR00360:VARIANT,PAIR00360,GW230922_040658,VARIANT,41,43,input,NAMED,run-tag,run-tag,runtag,=,6,36b8f014212bf467561240293cc6cb63f8f85362f0f99bd1dbdfd544797e5a43,false,,false,false,
PAIR00360:VARIANT,PAIR00360,GW230922_040658,VARIANT,42,47,Sampler settings,NAMED,nlive,nlive,nlive,=,4,8b926d75599a618e21f1341318e66517be26e18cc7496783d2b59758c1333be8,false,,false,false,
PAIR00360:VARIANT,PAIR00360,GW230922_040658,VARIANT,43,48,Sampler settings,NAMED,poolsize,poolsize,poolsize,=,3,ad57366865126e55649ecb23ae1d48887544976efea46a48eb5d85a6eeb4d306,false,,false,false,
PAIR00360:VARIANT,PAIR00360,GW230922_040658,VARIANT,44,49,Sampler settings,NAMED,maxmcmc,maxmcmc,maxmcmc,=,4,8b926d75599a618e21f1341318e66517be26e18cc7496783d2b59758c1333be8,false,,false,false,
PAIR00360:VARIANT,PAIR00360,GW230922_040658,VARIANT,45,50,Sampler settings,NAMED,nthreads,nthreads,nthreads,=,1,6b86b273ff34fce19d6b804eff5a3f5747ada4eaa22f1d49c01e52ddb7875b4b,false,,false,false,
PAIR00360:VARIANT,PAIR00360,GW230922_040658,VARIANT,46,51,Sampler settings,NAMED,verbose,verbose,verbose,=,1,d4735e3a265e16eee03f59718b9b5d03019c07d8b6c51f90da3a666eec13ab35,false,,false,false,
PAIR00360:VARIANT,PAIR00360,GW230922_040658,VARIANT,47,52,Sampler settings,NAMED,seed,seed,seed,=,4,7b346904f63cc07f1d8cc2d88d7dae08a3f088a0e4159d5214c27a6571a51eb4,false,,false,false,
PAIR00360:VARIANT,PAIR00360,GW230922_040658,VARIANT,48,56,Priors,NAMED,gr-time-prior,gr-time-prior,grtimeprior,=,1,6b86b273ff34fce19d6b804eff5a3f5747ada4eaa22f1d49c01e52ddb7875b4b,false,,false,false,
PAIR00360:VARIANT,PAIR00360,GW230922_040658,VARIANT,49,57,Priors,NAMED,mf-time-prior,mf-time-prior,mftimeprior,=,18,3487a78f2cadb4a4c96fee8102ddef073b93d7ee252820ac1107681b33d0acde,false,,false,false,
PAIR00360:VARIANT,PAIR00360,GW230922_040658,VARIANT,50,58,Priors,NAMED,t-min,t-min,tmin,=,2,4a44dc15364204a80fe80e9039455cc1608281820fe2b24f1e5233ade6af1dd5,false,,false,false,
PAIR00360:VARIANT,PAIR00360,GW230922_040658,VARIANT,51,59,Priors,NAMED,t-max,t-max,tmax,=,2,39fa9ec190eee7b6f4dff1100d6343e10918d044c75eac8f9e9a2596173f80c9,false,,false,false,
PAIR00360:VARIANT,PAIR00360,GW230922_040658,VARIANT,52,60,Priors,NAMED,fix-t,fix-t,fixt,=,8,b5c91cd6a05d23a02c17867d6f5750efb2c3c2d30e2fbbf190e533957921a949,false,,false,false,
PAIR00360:VARIANT,PAIR00360,GW230922_040658,VARIANT,53,61,Priors,NAMED,fix-ra,fix-ra,fixra,=,16,65bf53a3a39f69a253f22b7a65c99d0b255302a25bc57a3afabd5d140fc8f44f,false,,false,false,
PAIR00360:VARIANT,PAIR00360,GW230922_040658,VARIANT,54,62,Priors,NAMED,fix-dec,fix-dec,fixdec,=,19,d3b0bff5e6e18ee23682f5191c40095ff1680b2371965072e9948e2c8433d752,false,,false,false,
PAIR00360:VARIANT,PAIR00360,GW230922_040658,VARIANT,55,63,Priors,NAMED,fix-phi,fix-phi,fixphi,=,3,8aed642bf5118b9d3c859bd4be35ecac75b6e873cce34e7b6f554b06f75550d7,false,,false,false,
PAIR00405:BASE,PAIR00405,GW230924_124453,BASE,1,3,input,NAMED,run-type,run-type,runtype,=,4,a18b869b2e81c0c529552a3c4fa5c92ed08b98a4e146aed778d71d27517f83ac,false,,false,false,
PAIR00405:BASE,PAIR00405,GW230924_124453,BASE,2,4,input,NAMED,sampling-rate,sampling-rate,samplingrate,=,6,e75c3d41e5235b3b2911777152402ad9c9747a12e0021fab801d0fcc1580d076,false,,false,false,
PAIR00405:BASE,PAIR00405,GW230924_124453,BASE,3,5,input,NAMED,f-min-bp,f-min-bp,fminbp,=,4,585348dbd28810f9a34f57be46f000c5f9effab894d074713d93fe7ccfeb3b76,false,,false,false,
PAIR00405:BASE,PAIR00405,GW230924_124453,BASE,4,6,input,NAMED,f-max-bp,f-max-bp,fmaxbp,=,6,fddd30227ad776813b0af144db3610e985b228ba22f365f0132a4b270de7694a,false,,false,false,
PAIR00405:BASE,PAIR00405,GW230924_124453,BASE,5,7,input,NAMED,output,output,output,=,24,5b2355648694a4527af201b5c1f2cd274e0a3a2fdfb0ad962b6a73a04a0b283b,false,,false,false,
PAIR00405:BASE,PAIR00405,GW230924_124453,BASE,6,8,input,NAMED,download-data,download-data,downloaddata,=,1,6b86b273ff34fce19d6b804eff5a3f5747ada4eaa22f1d49c01e52ddb7875b4b,false,,false,false,
PAIR00405:BASE,PAIR00405,GW230924_124453,BASE,7,9,input,NAMED,datalen-download,datalen-download,datalendownload,=,4,f81b732a59389bd6838affaf36f9a3b6d9fe736b4e99f146571a5b1b935283e9,false,,false,false,
PAIR00405:BASE,PAIR00405,GW230924_124453,BASE,8,10,input,NAMED,channel-H1,channel-h1,channelh1,=,28,19a08d2e9b9f86ab015dfa721d16ffb749bff3c1b6cc9bc57e498d8021581df9,false,,false,false,
PAIR00405:BASE,PAIR00405,GW230924_124453,BASE,9,11,input,NAMED,channel-L1,channel-l1,channell1,=,28,fcede5f51dc717380e3072435c419d9ca94c127e7d1737dc870bc534d794b981,false,,false,false,
PAIR00405:BASE,PAIR00405,GW230924_124453,BASE,10,12,input,NAMED,channel-V1,channel-v1,channelv1,=,0,e3b0c44298fc1c149afbf4c8996fb92427ae41e4649b934ca495991b7852b855,false,,false,false,
PAIR00405:BASE,PAIR00405,GW230924_124453,BASE,11,13,input,NAMED,data-H1,data-h1,datah1,=,0,e3b0c44298fc1c149afbf4c8996fb92427ae41e4649b934ca495991b7852b855,false,,false,false,
PAIR00405:BASE,PAIR00405,GW230924_124453,BASE,12,14,input,NAMED,data-L1,data-l1,datal1,=,0,e3b0c44298fc1c149afbf4c8996fb92427ae41e4649b934ca495991b7852b855,false,,false,false,
PAIR00405:BASE,PAIR00405,GW230924_124453,BASE,13,15,input,NAMED,data-V1,data-v1,datav1,=,0,e3b0c44298fc1c149afbf4c8996fb92427ae41e4649b934ca495991b7852b855,false,,false,false,
PAIR00405:BASE,PAIR00405,GW230924_124453,BASE,14,16,input,NAMED,ignore-data-filename,ignore-data-filename,ignoredatafilename,=,1,5feceb66ffc86f38d952786c6d696c79c2dbc239dd4e91b46729d73a27fb57e9,false,,false,false,
PAIR00405:BASE,PAIR00405,GW230924_124453,BASE,15,17,input,NAMED,gw-data-find,gw-data-find,gwdatafind,=,1,5feceb66ffc86f38d952786c6d696c79c2dbc239dd4e91b46729d73a27fb57e9,false,,false,false,
PAIR00405:BASE,PAIR00405,GW230924_124453,BASE,16,18,input,NAMED,gw-data-type-H1,gw-data-type-h1,gwdatatypeh1,=,0,e3b0c44298fc1c149afbf4c8996fb92427ae41e4649b934ca495991b7852b855,false,,false,false,
PAIR00405:BASE,PAIR00405,GW230924_124453,BASE,17,19,input,NAMED,gw-data-type-L1,gw-data-type-l1,gwdatatypel1,=,0,e3b0c44298fc1c149afbf4c8996fb92427ae41e4649b934ca495991b7852b855,false,,false,false,
PAIR00405:BASE,PAIR00405,GW230924_124453,BASE,18,20,input,NAMED,gw-data-type-V1,gw-data-type-v1,gwdatatypev1,=,0,e3b0c44298fc1c149afbf4c8996fb92427ae41e4649b934ca495991b7852b855,false,,false,false,
PAIR00405:BASE,PAIR00405,GW230924_124453,BASE,19,21,input,NAMED,ref-det,ref-det,refdet,=,2,8bf797aa02bd65b7cbd52155f6e010be77bb3d461320dac4c74c12d749d81066,false,,false,false,
PAIR00405:BASE,PAIR00405,GW230924_124453,BASE,20,22,input,NAMED,trigtime,trigtime,trigtime,=,18,340ed8ba874264bb8427517f40fe0bd2b2d455157b3768ab0f6547eb95f43dfb,false,,false,false,
PAIR00405:BASE,PAIR00405,GW230924_124453,BASE,21,23,input,NAMED,detectors,detectors,detectors,=,5,3b0244de8d58e5217d2f9d33788bf9ff487c7cf82068b932f86e382eefc8bcfe,false,,false,false,
PAIR00405:BASE,PAIR00405,GW230924_124453,BASE,22,24,input,NAMED,window-onsource,window-onsource,windowonsource,=,1,5feceb66ffc86f38d952786c6d696c79c2dbc239dd4e91b46729d73a27fb57e9,false,,false,false,
PAIR00405:BASE,PAIR00405,GW230924_124453,BASE,23,25,input,NAMED,noise-chunksize,noise-chunksize,noisechunksize,=,3,fbd04e1aae9ce0b11a8946e2c9ac2619f7428a64d32d01eff61d809dcb70ee8e,false,,false,false,
PAIR00405:BASE,PAIR00405,GW230924_124453,BASE,24,26,input,NAMED,signal-chunksize,signal-chunksize,signalchunksize,=,3,fbd04e1aae9ce0b11a8946e2c9ac2619f7428a64d32d01eff61d809dcb70ee8e,false,,false,false,
PAIR00405:BASE,PAIR00405,GW230924_124453,BASE,25,27,input,NAMED,amp-non-prec-sym,amp-non-prec-sym,ampnonprecsym,=,1,6b86b273ff34fce19d6b804eff5a3f5747ada4eaa22f1d49c01e52ddb7875b4b,false,,false,false,
PAIR00405:BASE,PAIR00405,GW230924_124453,BASE,26,28,input,NAMED,max-Kerr-amp-ratio,max-kerr-amp-ratio,maxkerrampratio,=,3,8aed642bf5118b9d3c859bd4be35ecac75b6e873cce34e7b6f554b06f75550d7,true,TARGET_LIKE_CANDIDATE,true,false,0.0
PAIR00405:BASE,PAIR00405,GW230924_124453,BASE,27,29,input,NAMED,kerr-modes,kerr-modes,kerrmodes,=,11,918b8617dd99e65be623b6a29009ed5cc07e2badeba955417690d4002c8f430b,true,KERR_MODES,true,false,"[(2,2,2,0)]"
PAIR00405:BASE,PAIR00405,GW230924_124453,BASE,28,30,input,NAMED,spheroidal,spheroidal,spheroidal,=,1,5feceb66ffc86f38d952786c6d696c79c2dbc239dd4e91b46729d73a27fb57e9,false,,false,false,
PAIR00405:BASE,PAIR00405,GW230924_124453,BASE,29,31,input,NAMED,reference-amplitude,reference-amplitude,referenceamplitude,=,5,64a930966aa1b51c0cc3f0747e943493b4dd46e75f7aba72f837f9adfa7d8c3d,false,,false,false,
PAIR00405:BASE,PAIR00405,GW230924_124453,BASE,30,32,input,NAMED,psd-H1,psd-h1,psdh1,=,0,e3b0c44298fc1c149afbf4c8996fb92427ae41e4649b934ca495991b7852b855,false,,false,false,
PAIR00405:BASE,PAIR00405,GW230924_124453,BASE,31,33,input,NAMED,psd-L1,psd-l1,psdl1,=,0,e3b0c44298fc1c149afbf4c8996fb92427ae41e4649b934ca495991b7852b855,false,,false,false,
PAIR00405:BASE,PAIR00405,GW230924_124453,BASE,32,34,input,NAMED,psd-V1,psd-v1,psdv1,=,0,e3b0c44298fc1c149afbf4c8996fb92427ae41e4649b934ca495991b7852b855,false,,false,false,
PAIR00405:BASE,PAIR00405,GW230924_124453,BASE,33,35,input,NAMED,injection-T,injection-t,injectiont,=,1,5feceb66ffc86f38d952786c6d696c79c2dbc239dd4e91b46729d73a27fb57e9,false,,false,false,
PAIR00405:BASE,PAIR00405,GW230924_124453,BASE,34,36,input,NAMED,injection-scaling,injection-scaling,injectionscaling,=,3,d0ff5974b6aa52cf562bea5921840c032a860a91a3512f7fe8f768f6bbe005f6,false,,false,false,
PAIR00405:BASE,PAIR00405,GW230924_124453,BASE,35,37,input,NAMED,gaussian-noise,gaussian-noise,gaussiannoise,=,0,e3b0c44298fc1c149afbf4c8996fb92427ae41e4649b934ca495991b7852b855,false,,false,false,
PAIR00405:BASE,PAIR00405,GW230924_124453,BASE,36,38,input,NAMED,injection-approximant,injection-approximant,injectionapproximant,=,0,e3b0c44298fc1c149afbf4c8996fb92427ae41e4649b934ca495991b7852b855,false,,false,false,
PAIR00405:BASE,PAIR00405,GW230924_124453,BASE,37,39,input,NAMED,zero-noise,zero-noise,zeronoise,=,1,5feceb66ffc86f38d952786c6d696c79c2dbc239dd4e91b46729d73a27fb57e9,false,,false,false,
PAIR00405:BASE,PAIR00405,GW230924_124453,BASE,38,40,input,NAMED,sky-frame,sky-frame,skyframe,=,10,5df6b59dfafca1111fa87f6072971ed8f4719d44cfe95bd6a7490e0e7010579d,false,,false,false,
PAIR00405:BASE,PAIR00405,GW230924_124453,BASE,39,41,input,NAMED,truncate,truncate,truncate,=,1,6b86b273ff34fce19d6b804eff5a3f5747ada4eaa22f1d49c01e52ddb7875b4b,false,,false,false,
PAIR00405:BASE,PAIR00405,GW230924_124453,BASE,40,42,input,NAMED,analysis-duration,analysis-duration,analysisduration,=,3,44896b09365746b5f7167ee4d64988a38f7f4628803cbf86224e74eeb7c69e9d,false,,false,false,
PAIR00405:BASE,PAIR00405,GW230924_124453,BASE,41,43,input,NAMED,run-tag,run-tag,runtag,=,5,750f7eda495bfdb2e6c52c5b7d767da4f33e2633683373a2f914e96c0a7407a8,false,,false,false,
PAIR00405:BASE,PAIR00405,GW230924_124453,BASE,42,47,Sampler settings,NAMED,nlive,nlive,nlive,=,4,8b926d75599a618e21f1341318e66517be26e18cc7496783d2b59758c1333be8,false,,false,false,
PAIR00405:BASE,PAIR00405,GW230924_124453,BASE,43,48,Sampler settings,NAMED,poolsize,poolsize,poolsize,=,3,ad57366865126e55649ecb23ae1d48887544976efea46a48eb5d85a6eeb4d306,false,,false,false,
PAIR00405:BASE,PAIR00405,GW230924_124453,BASE,44,49,Sampler settings,NAMED,maxmcmc,maxmcmc,maxmcmc,=,4,8b926d75599a618e21f1341318e66517be26e18cc7496783d2b59758c1333be8,false,,false,false,
PAIR00405:BASE,PAIR00405,GW230924_124453,BASE,45,50,Sampler settings,NAMED,nthreads,nthreads,nthreads,=,1,6b86b273ff34fce19d6b804eff5a3f5747ada4eaa22f1d49c01e52ddb7875b4b,false,,false,false,
PAIR00405:BASE,PAIR00405,GW230924_124453,BASE,46,51,Sampler settings,NAMED,verbose,verbose,verbose,=,1,d4735e3a265e16eee03f59718b9b5d03019c07d8b6c51f90da3a666eec13ab35,false,,false,false,
PAIR00405:BASE,PAIR00405,GW230924_124453,BASE,47,52,Sampler settings,NAMED,seed,seed,seed,=,4,7b346904f63cc07f1d8cc2d88d7dae08a3f088a0e4159d5214c27a6571a51eb4,false,,false,false,
PAIR00405:BASE,PAIR00405,GW230924_124453,BASE,48,56,Priors,NAMED,gr-time-prior,gr-time-prior,grtimeprior,=,1,6b86b273ff34fce19d6b804eff5a3f5747ada4eaa22f1d49c01e52ddb7875b4b,false,,false,false,
PAIR00405:BASE,PAIR00405,GW230924_124453,BASE,49,57,Priors,NAMED,mf-time-prior,mf-time-prior,mftimeprior,=,17,8d2fc22f966ad447bad1b58ff7020c63e926f20336dec1088cd28f2fac40665d,false,,false,false,
PAIR00405:BASE,PAIR00405,GW230924_124453,BASE,50,58,Priors,NAMED,t-min,t-min,tmin,=,2,4a44dc15364204a80fe80e9039455cc1608281820fe2b24f1e5233ade6af1dd5,false,,false,false,
PAIR00405:BASE,PAIR00405,GW230924_124453,BASE,51,59,Priors,NAMED,t-max,t-max,tmax,=,2,39fa9ec190eee7b6f4dff1100d6343e10918d044c75eac8f9e9a2596173f80c9,false,,false,false,
PAIR00405:BASE,PAIR00405,GW230924_124453,BASE,52,60,Priors,NAMED,fix-t,fix-t,fixt,=,8,f42dd2f45dc041a978f238a9f3116b6974bcbf8170d26edf81463e4e0fe6a9b3,false,,false,false,
PAIR00405:BASE,PAIR00405,GW230924_124453,BASE,53,61,Priors,NAMED,fix-ra,fix-ra,fixra,=,18,0853ac3a45a88862994ee9386ad549e75c8be2ab42a6b5153f2ecf6bc3414c5d,false,,false,false,
PAIR00405:BASE,PAIR00405,GW230924_124453,BASE,54,62,Priors,NAMED,fix-dec,fix-dec,fixdec,=,17,7b3d41acc4e35bef72e5f9764a02ea3f6d0fdafa17dd2665b50a7281fa989213,false,,false,false,
PAIR00405:BASE,PAIR00405,GW230924_124453,BASE,55,63,Priors,NAMED,fix-phi,fix-phi,fixphi,=,3,8aed642bf5118b9d3c859bd4be35ecac75b6e873cce34e7b6f554b06f75550d7,false,,false,false,
PAIR00405:VARIANT,PAIR00405,GW230924_124453,VARIANT,1,3,input,NAMED,run-type,run-type,runtype,=,4,a18b869b2e81c0c529552a3c4fa5c92ed08b98a4e146aed778d71d27517f83ac,false,,false,false,
PAIR00405:VARIANT,PAIR00405,GW230924_124453,VARIANT,2,4,input,NAMED,sampling-rate,sampling-rate,samplingrate,=,6,e75c3d41e5235b3b2911777152402ad9c9747a12e0021fab801d0fcc1580d076,false,,false,false,
PAIR00405:VARIANT,PAIR00405,GW230924_124453,VARIANT,3,5,input,NAMED,f-min-bp,f-min-bp,fminbp,=,4,585348dbd28810f9a34f57be46f000c5f9effab894d074713d93fe7ccfeb3b76,false,,false,false,
PAIR00405:VARIANT,PAIR00405,GW230924_124453,VARIANT,4,6,input,NAMED,f-max-bp,f-max-bp,fmaxbp,=,6,fddd30227ad776813b0af144db3610e985b228ba22f365f0132a4b270de7694a,false,,false,false,
PAIR00405:VARIANT,PAIR00405,GW230924_124453,VARIANT,5,7,input,NAMED,output,output,output,=,24,5b2355648694a4527af201b5c1f2cd274e0a3a2fdfb0ad962b6a73a04a0b283b,false,,false,false,
PAIR00405:VARIANT,PAIR00405,GW230924_124453,VARIANT,6,8,input,NAMED,download-data,download-data,downloaddata,=,1,6b86b273ff34fce19d6b804eff5a3f5747ada4eaa22f1d49c01e52ddb7875b4b,false,,false,false,
PAIR00405:VARIANT,PAIR00405,GW230924_124453,VARIANT,7,9,input,NAMED,datalen-download,datalen-download,datalendownload,=,4,f81b732a59389bd6838affaf36f9a3b6d9fe736b4e99f146571a5b1b935283e9,false,,false,false,
PAIR00405:VARIANT,PAIR00405,GW230924_124453,VARIANT,8,10,input,NAMED,channel-H1,channel-h1,channelh1,=,28,19a08d2e9b9f86ab015dfa721d16ffb749bff3c1b6cc9bc57e498d8021581df9,false,,false,false,
PAIR00405:VARIANT,PAIR00405,GW230924_124453,VARIANT,9,11,input,NAMED,channel-L1,channel-l1,channell1,=,28,fcede5f51dc717380e3072435c419d9ca94c127e7d1737dc870bc534d794b981,false,,false,false,
PAIR00405:VARIANT,PAIR00405,GW230924_124453,VARIANT,10,12,input,NAMED,channel-V1,channel-v1,channelv1,=,0,e3b0c44298fc1c149afbf4c8996fb92427ae41e4649b934ca495991b7852b855,false,,false,false,
PAIR00405:VARIANT,PAIR00405,GW230924_124453,VARIANT,11,13,input,NAMED,data-H1,data-h1,datah1,=,0,e3b0c44298fc1c149afbf4c8996fb92427ae41e4649b934ca495991b7852b855,false,,false,false,
PAIR00405:VARIANT,PAIR00405,GW230924_124453,VARIANT,12,14,input,NAMED,data-L1,data-l1,datal1,=,0,e3b0c44298fc1c149afbf4c8996fb92427ae41e4649b934ca495991b7852b855,false,,false,false,
PAIR00405:VARIANT,PAIR00405,GW230924_124453,VARIANT,13,15,input,NAMED,data-V1,data-v1,datav1,=,0,e3b0c44298fc1c149afbf4c8996fb92427ae41e4649b934ca495991b7852b855,false,,false,false,
PAIR00405:VARIANT,PAIR00405,GW230924_124453,VARIANT,14,16,input,NAMED,ignore-data-filename,ignore-data-filename,ignoredatafilename,=,1,5feceb66ffc86f38d952786c6d696c79c2dbc239dd4e91b46729d73a27fb57e9,false,,false,false,
PAIR00405:VARIANT,PAIR00405,GW230924_124453,VARIANT,15,17,input,NAMED,gw-data-find,gw-data-find,gwdatafind,=,1,5feceb66ffc86f38d952786c6d696c79c2dbc239dd4e91b46729d73a27fb57e9,false,,false,false,
PAIR00405:VARIANT,PAIR00405,GW230924_124453,VARIANT,16,18,input,NAMED,gw-data-type-H1,gw-data-type-h1,gwdatatypeh1,=,0,e3b0c44298fc1c149afbf4c8996fb92427ae41e4649b934ca495991b7852b855,false,,false,false,
PAIR00405:VARIANT,PAIR00405,GW230924_124453,VARIANT,17,19,input,NAMED,gw-data-type-L1,gw-data-type-l1,gwdatatypel1,=,0,e3b0c44298fc1c149afbf4c8996fb92427ae41e4649b934ca495991b7852b855,false,,false,false,
PAIR00405:VARIANT,PAIR00405,GW230924_124453,VARIANT,18,20,input,NAMED,gw-data-type-V1,gw-data-type-v1,gwdatatypev1,=,0,e3b0c44298fc1c149afbf4c8996fb92427ae41e4649b934ca495991b7852b855,false,,false,false,
PAIR00405:VARIANT,PAIR00405,GW230924_124453,VARIANT,19,21,input,NAMED,ref-det,ref-det,refdet,=,2,8bf797aa02bd65b7cbd52155f6e010be77bb3d461320dac4c74c12d749d81066,false,,false,false,
PAIR00405:VARIANT,PAIR00405,GW230924_124453,VARIANT,20,22,input,NAMED,trigtime,trigtime,trigtime,=,18,340ed8ba874264bb8427517f40fe0bd2b2d455157b3768ab0f6547eb95f43dfb,false,,false,false,
PAIR00405:VARIANT,PAIR00405,GW230924_124453,VARIANT,21,23,input,NAMED,detectors,detectors,detectors,=,5,3b0244de8d58e5217d2f9d33788bf9ff487c7cf82068b932f86e382eefc8bcfe,false,,false,false,
PAIR00405:VARIANT,PAIR00405,GW230924_124453,VARIANT,22,24,input,NAMED,window-onsource,window-onsource,windowonsource,=,1,5feceb66ffc86f38d952786c6d696c79c2dbc239dd4e91b46729d73a27fb57e9,false,,false,false,
PAIR00405:VARIANT,PAIR00405,GW230924_124453,VARIANT,23,25,input,NAMED,noise-chunksize,noise-chunksize,noisechunksize,=,3,fbd04e1aae9ce0b11a8946e2c9ac2619f7428a64d32d01eff61d809dcb70ee8e,false,,false,false,
PAIR00405:VARIANT,PAIR00405,GW230924_124453,VARIANT,24,26,input,NAMED,signal-chunksize,signal-chunksize,signalchunksize,=,3,fbd04e1aae9ce0b11a8946e2c9ac2619f7428a64d32d01eff61d809dcb70ee8e,false,,false,false,
PAIR00405:VARIANT,PAIR00405,GW230924_124453,VARIANT,25,27,input,NAMED,amp-non-prec-sym,amp-non-prec-sym,ampnonprecsym,=,1,6b86b273ff34fce19d6b804eff5a3f5747ada4eaa22f1d49c01e52ddb7875b4b,false,,false,false,
PAIR00405:VARIANT,PAIR00405,GW230924_124453,VARIANT,26,28,input,NAMED,max-Kerr-amp-ratio,max-kerr-amp-ratio,maxkerrampratio,=,3,8aed642bf5118b9d3c859bd4be35ecac75b6e873cce34e7b6f554b06f75550d7,true,TARGET_LIKE_CANDIDATE,true,false,0.0
PAIR00405:VARIANT,PAIR00405,GW230924_124453,VARIANT,27,29,input,NAMED,kerr-modes,kerr-modes,kerrmodes,=,22,bc200f256cf28b74cec3f8e364af97fbd24eb4ea100fb87bf554622a407e809f,true,KERR_MODES,true,false,"[(2,2,2,0), (2,2,2,1)]"
PAIR00405:VARIANT,PAIR00405,GW230924_124453,VARIANT,28,30,input,NAMED,spheroidal,spheroidal,spheroidal,=,1,5feceb66ffc86f38d952786c6d696c79c2dbc239dd4e91b46729d73a27fb57e9,false,,false,false,
PAIR00405:VARIANT,PAIR00405,GW230924_124453,VARIANT,29,31,input,NAMED,reference-amplitude,reference-amplitude,referenceamplitude,=,5,64a930966aa1b51c0cc3f0747e943493b4dd46e75f7aba72f837f9adfa7d8c3d,false,,false,false,
PAIR00405:VARIANT,PAIR00405,GW230924_124453,VARIANT,30,32,input,NAMED,psd-H1,psd-h1,psdh1,=,0,e3b0c44298fc1c149afbf4c8996fb92427ae41e4649b934ca495991b7852b855,false,,false,false,
PAIR00405:VARIANT,PAIR00405,GW230924_124453,VARIANT,31,33,input,NAMED,psd-L1,psd-l1,psdl1,=,0,e3b0c44298fc1c149afbf4c8996fb92427ae41e4649b934ca495991b7852b855,false,,false,false,
PAIR00405:VARIANT,PAIR00405,GW230924_124453,VARIANT,32,34,input,NAMED,psd-V1,psd-v1,psdv1,=,0,e3b0c44298fc1c149afbf4c8996fb92427ae41e4649b934ca495991b7852b855,false,,false,false,
PAIR00405:VARIANT,PAIR00405,GW230924_124453,VARIANT,33,35,input,NAMED,injection-T,injection-t,injectiont,=,1,5feceb66ffc86f38d952786c6d696c79c2dbc239dd4e91b46729d73a27fb57e9,false,,false,false,
PAIR00405:VARIANT,PAIR00405,GW230924_124453,VARIANT,34,36,input,NAMED,injection-scaling,injection-scaling,injectionscaling,=,3,d0ff5974b6aa52cf562bea5921840c032a860a91a3512f7fe8f768f6bbe005f6,false,,false,false,
PAIR00405:VARIANT,PAIR00405,GW230924_124453,VARIANT,35,37,input,NAMED,gaussian-noise,gaussian-noise,gaussiannoise,=,0,e3b0c44298fc1c149afbf4c8996fb92427ae41e4649b934ca495991b7852b855,false,,false,false,
PAIR00405:VARIANT,PAIR00405,GW230924_124453,VARIANT,36,38,input,NAMED,injection-approximant,injection-approximant,injectionapproximant,=,0,e3b0c44298fc1c149afbf4c8996fb92427ae41e4649b934ca495991b7852b855,false,,false,false,
PAIR00405:VARIANT,PAIR00405,GW230924_124453,VARIANT,37,39,input,NAMED,zero-noise,zero-noise,zeronoise,=,1,5feceb66ffc86f38d952786c6d696c79c2dbc239dd4e91b46729d73a27fb57e9,false,,false,false,
PAIR00405:VARIANT,PAIR00405,GW230924_124453,VARIANT,38,40,input,NAMED,sky-frame,sky-frame,skyframe,=,10,5df6b59dfafca1111fa87f6072971ed8f4719d44cfe95bd6a7490e0e7010579d,false,,false,false,
PAIR00405:VARIANT,PAIR00405,GW230924_124453,VARIANT,39,41,input,NAMED,truncate,truncate,truncate,=,1,6b86b273ff34fce19d6b804eff5a3f5747ada4eaa22f1d49c01e52ddb7875b4b,false,,false,false,
PAIR00405:VARIANT,PAIR00405,GW230924_124453,VARIANT,40,42,input,NAMED,analysis-duration,analysis-duration,analysisduration,=,3,44896b09365746b5f7167ee4d64988a38f7f4628803cbf86224e74eeb7c69e9d,false,,false,false,
PAIR00405:VARIANT,PAIR00405,GW230924_124453,VARIANT,41,43,input,NAMED,run-tag,run-tag,runtag,=,5,750f7eda495bfdb2e6c52c5b7d767da4f33e2633683373a2f914e96c0a7407a8,false,,false,false,
PAIR00405:VARIANT,PAIR00405,GW230924_124453,VARIANT,42,47,Sampler settings,NAMED,nlive,nlive,nlive,=,4,8b926d75599a618e21f1341318e66517be26e18cc7496783d2b59758c1333be8,false,,false,false,
PAIR00405:VARIANT,PAIR00405,GW230924_124453,VARIANT,43,48,Sampler settings,NAMED,poolsize,poolsize,poolsize,=,3,ad57366865126e55649ecb23ae1d48887544976efea46a48eb5d85a6eeb4d306,false,,false,false,
PAIR00405:VARIANT,PAIR00405,GW230924_124453,VARIANT,44,49,Sampler settings,NAMED,maxmcmc,maxmcmc,maxmcmc,=,4,8b926d75599a618e21f1341318e66517be26e18cc7496783d2b59758c1333be8,false,,false,false,
PAIR00405:VARIANT,PAIR00405,GW230924_124453,VARIANT,45,50,Sampler settings,NAMED,nthreads,nthreads,nthreads,=,1,6b86b273ff34fce19d6b804eff5a3f5747ada4eaa22f1d49c01e52ddb7875b4b,false,,false,false,
PAIR00405:VARIANT,PAIR00405,GW230924_124453,VARIANT,46,51,Sampler settings,NAMED,verbose,verbose,verbose,=,1,d4735e3a265e16eee03f59718b9b5d03019c07d8b6c51f90da3a666eec13ab35,false,,false,false,
PAIR00405:VARIANT,PAIR00405,GW230924_124453,VARIANT,47,52,Sampler settings,NAMED,seed,seed,seed,=,4,7b346904f63cc07f1d8cc2d88d7dae08a3f088a0e4159d5214c27a6571a51eb4,false,,false,false,
PAIR00405:VARIANT,PAIR00405,GW230924_124453,VARIANT,48,56,Priors,NAMED,gr-time-prior,gr-time-prior,grtimeprior,=,1,6b86b273ff34fce19d6b804eff5a3f5747ada4eaa22f1d49c01e52ddb7875b4b,false,,false,false,
PAIR00405:VARIANT,PAIR00405,GW230924_124453,VARIANT,49,57,Priors,NAMED,mf-time-prior,mf-time-prior,mftimeprior,=,17,8d2fc22f966ad447bad1b58ff7020c63e926f20336dec1088cd28f2fac40665d,false,,false,false,
PAIR00405:VARIANT,PAIR00405,GW230924_124453,VARIANT,50,58,Priors,NAMED,t-min,t-min,tmin,=,2,4a44dc15364204a80fe80e9039455cc1608281820fe2b24f1e5233ade6af1dd5,false,,false,false,
PAIR00405:VARIANT,PAIR00405,GW230924_124453,VARIANT,51,59,Priors,NAMED,t-max,t-max,tmax,=,2,39fa9ec190eee7b6f4dff1100d6343e10918d044c75eac8f9e9a2596173f80c9,false,,false,false,
PAIR00405:VARIANT,PAIR00405,GW230924_124453,VARIANT,52,60,Priors,NAMED,fix-t,fix-t,fixt,=,8,f42dd2f45dc041a978f238a9f3116b6974bcbf8170d26edf81463e4e0fe6a9b3,false,,false,false,
PAIR00405:VARIANT,PAIR00405,GW230924_124453,VARIANT,53,61,Priors,NAMED,fix-ra,fix-ra,fixra,=,18,0853ac3a45a88862994ee9386ad549e75c8be2ab42a6b5153f2ecf6bc3414c5d,false,,false,false,
PAIR00405:VARIANT,PAIR00405,GW230924_124453,VARIANT,54,62,Priors,NAMED,fix-dec,fix-dec,fixdec,=,17,7b3d41acc4e35bef72e5f9764a02ea3f6d0fdafa17dd2665b50a7281fa989213,false,,false,false,
PAIR00405:VARIANT,PAIR00405,GW230924_124453,VARIANT,55,63,Priors,NAMED,fix-phi,fix-phi,fixphi,=,3,8aed642bf5118b9d3c859bd4be35ecac75b6e873cce34e7b6f554b06f75550d7,false,,false,false,
PAIR00450:BASE,PAIR00450,GW230927_043729,BASE,1,3,input,NAMED,run-type,run-type,runtype,=,4,a18b869b2e81c0c529552a3c4fa5c92ed08b98a4e146aed778d71d27517f83ac,false,,false,false,
PAIR00450:BASE,PAIR00450,GW230927_043729,BASE,2,4,input,NAMED,sampling-rate,sampling-rate,samplingrate,=,6,e75c3d41e5235b3b2911777152402ad9c9747a12e0021fab801d0fcc1580d076,false,,false,false,
PAIR00450:BASE,PAIR00450,GW230927_043729,BASE,3,5,input,NAMED,f-min-bp,f-min-bp,fminbp,=,4,585348dbd28810f9a34f57be46f000c5f9effab894d074713d93fe7ccfeb3b76,false,,false,false,
PAIR00450:BASE,PAIR00450,GW230927_043729,BASE,4,6,input,NAMED,f-max-bp,f-max-bp,fmaxbp,=,6,fddd30227ad776813b0af144db3610e985b228ba22f365f0132a4b270de7694a,false,,false,false,
PAIR00450:BASE,PAIR00450,GW230927_043729,BASE,5,7,input,NAMED,output,output,output,=,24,5b2355648694a4527af201b5c1f2cd274e0a3a2fdfb0ad962b6a73a04a0b283b,false,,false,false,
PAIR00450:BASE,PAIR00450,GW230927_043729,BASE,6,8,input,NAMED,download-data,download-data,downloaddata,=,1,6b86b273ff34fce19d6b804eff5a3f5747ada4eaa22f1d49c01e52ddb7875b4b,false,,false,false,
PAIR00450:BASE,PAIR00450,GW230927_043729,BASE,7,9,input,NAMED,datalen-download,datalen-download,datalendownload,=,4,f81b732a59389bd6838affaf36f9a3b6d9fe736b4e99f146571a5b1b935283e9,false,,false,false,
PAIR00450:BASE,PAIR00450,GW230927_043729,BASE,8,10,input,NAMED,channel-H1,channel-h1,channelh1,=,28,19a08d2e9b9f86ab015dfa721d16ffb749bff3c1b6cc9bc57e498d8021581df9,false,,false,false,
PAIR00450:BASE,PAIR00450,GW230927_043729,BASE,9,11,input,NAMED,channel-L1,channel-l1,channell1,=,28,fcede5f51dc717380e3072435c419d9ca94c127e7d1737dc870bc534d794b981,false,,false,false,
PAIR00450:BASE,PAIR00450,GW230927_043729,BASE,10,12,input,NAMED,channel-V1,channel-v1,channelv1,=,0,e3b0c44298fc1c149afbf4c8996fb92427ae41e4649b934ca495991b7852b855,false,,false,false,
PAIR00450:BASE,PAIR00450,GW230927_043729,BASE,11,13,input,NAMED,data-H1,data-h1,datah1,=,0,e3b0c44298fc1c149afbf4c8996fb92427ae41e4649b934ca495991b7852b855,false,,false,false,
PAIR00450:BASE,PAIR00450,GW230927_043729,BASE,12,14,input,NAMED,data-L1,data-l1,datal1,=,0,e3b0c44298fc1c149afbf4c8996fb92427ae41e4649b934ca495991b7852b855,false,,false,false,
PAIR00450:BASE,PAIR00450,GW230927_043729,BASE,13,15,input,NAMED,data-V1,data-v1,datav1,=,0,e3b0c44298fc1c149afbf4c8996fb92427ae41e4649b934ca495991b7852b855,false,,false,false,
PAIR00450:BASE,PAIR00450,GW230927_043729,BASE,14,16,input,NAMED,ignore-data-filename,ignore-data-filename,ignoredatafilename,=,1,5feceb66ffc86f38d952786c6d696c79c2dbc239dd4e91b46729d73a27fb57e9,false,,false,false,
PAIR00450:BASE,PAIR00450,GW230927_043729,BASE,15,17,input,NAMED,gw-data-find,gw-data-find,gwdatafind,=,1,5feceb66ffc86f38d952786c6d696c79c2dbc239dd4e91b46729d73a27fb57e9,false,,false,false,
PAIR00450:BASE,PAIR00450,GW230927_043729,BASE,16,18,input,NAMED,gw-data-type-H1,gw-data-type-h1,gwdatatypeh1,=,0,e3b0c44298fc1c149afbf4c8996fb92427ae41e4649b934ca495991b7852b855,false,,false,false,
PAIR00450:BASE,PAIR00450,GW230927_043729,BASE,17,19,input,NAMED,gw-data-type-L1,gw-data-type-l1,gwdatatypel1,=,0,e3b0c44298fc1c149afbf4c8996fb92427ae41e4649b934ca495991b7852b855,false,,false,false,
PAIR00450:BASE,PAIR00450,GW230927_043729,BASE,18,20,input,NAMED,gw-data-type-V1,gw-data-type-v1,gwdatatypev1,=,0,e3b0c44298fc1c149afbf4c8996fb92427ae41e4649b934ca495991b7852b855,false,,false,false,
PAIR00450:BASE,PAIR00450,GW230927_043729,BASE,19,21,input,NAMED,ref-det,ref-det,refdet,=,2,8bf797aa02bd65b7cbd52155f6e010be77bb3d461320dac4c74c12d749d81066,false,,false,false,
PAIR00450:BASE,PAIR00450,GW230927_043729,BASE,20,22,input,NAMED,trigtime,trigtime,trigtime,=,18,54cc7121b907a836d8bd1616450d52eeea98c430c86620a1756a057a3112f1d9,false,,false,false,
PAIR00450:BASE,PAIR00450,GW230927_043729,BASE,21,23,input,NAMED,detectors,detectors,detectors,=,5,3b0244de8d58e5217d2f9d33788bf9ff487c7cf82068b932f86e382eefc8bcfe,false,,false,false,
PAIR00450:BASE,PAIR00450,GW230927_043729,BASE,22,24,input,NAMED,window-onsource,window-onsource,windowonsource,=,1,5feceb66ffc86f38d952786c6d696c79c2dbc239dd4e91b46729d73a27fb57e9,false,,false,false,
PAIR00450:BASE,PAIR00450,GW230927_043729,BASE,23,25,input,NAMED,noise-chunksize,noise-chunksize,noisechunksize,=,3,fbd04e1aae9ce0b11a8946e2c9ac2619f7428a64d32d01eff61d809dcb70ee8e,false,,false,false,
PAIR00450:BASE,PAIR00450,GW230927_043729,BASE,24,26,input,NAMED,signal-chunksize,signal-chunksize,signalchunksize,=,3,fbd04e1aae9ce0b11a8946e2c9ac2619f7428a64d32d01eff61d809dcb70ee8e,false,,false,false,
PAIR00450:BASE,PAIR00450,GW230927_043729,BASE,25,27,input,NAMED,amp-non-prec-sym,amp-non-prec-sym,ampnonprecsym,=,1,6b86b273ff34fce19d6b804eff5a3f5747ada4eaa22f1d49c01e52ddb7875b4b,false,,false,false,
PAIR00450:BASE,PAIR00450,GW230927_043729,BASE,26,28,input,NAMED,max-Kerr-amp-ratio,max-kerr-amp-ratio,maxkerrampratio,=,3,8aed642bf5118b9d3c859bd4be35ecac75b6e873cce34e7b6f554b06f75550d7,true,TARGET_LIKE_CANDIDATE,true,false,0.0
PAIR00450:BASE,PAIR00450,GW230927_043729,BASE,27,29,input,NAMED,kerr-modes,kerr-modes,kerrmodes,=,11,918b8617dd99e65be623b6a29009ed5cc07e2badeba955417690d4002c8f430b,true,KERR_MODES,true,false,"[(2,2,2,0)]"
PAIR00450:BASE,PAIR00450,GW230927_043729,BASE,28,30,input,NAMED,spheroidal,spheroidal,spheroidal,=,1,5feceb66ffc86f38d952786c6d696c79c2dbc239dd4e91b46729d73a27fb57e9,false,,false,false,
PAIR00450:BASE,PAIR00450,GW230927_043729,BASE,29,31,input,NAMED,reference-amplitude,reference-amplitude,referenceamplitude,=,5,64a930966aa1b51c0cc3f0747e943493b4dd46e75f7aba72f837f9adfa7d8c3d,false,,false,false,
PAIR00450:BASE,PAIR00450,GW230927_043729,BASE,30,32,input,NAMED,psd-H1,psd-h1,psdh1,=,0,e3b0c44298fc1c149afbf4c8996fb92427ae41e4649b934ca495991b7852b855,false,,false,false,
PAIR00450:BASE,PAIR00450,GW230927_043729,BASE,31,33,input,NAMED,psd-L1,psd-l1,psdl1,=,0,e3b0c44298fc1c149afbf4c8996fb92427ae41e4649b934ca495991b7852b855,false,,false,false,
PAIR00450:BASE,PAIR00450,GW230927_043729,BASE,32,34,input,NAMED,psd-V1,psd-v1,psdv1,=,0,e3b0c44298fc1c149afbf4c8996fb92427ae41e4649b934ca495991b7852b855,false,,false,false,
PAIR00450:BASE,PAIR00450,GW230927_043729,BASE,33,35,input,NAMED,injection-T,injection-t,injectiont,=,1,5feceb66ffc86f38d952786c6d696c79c2dbc239dd4e91b46729d73a27fb57e9,false,,false,false,
PAIR00450:BASE,PAIR00450,GW230927_043729,BASE,34,36,input,NAMED,injection-scaling,injection-scaling,injectionscaling,=,3,d0ff5974b6aa52cf562bea5921840c032a860a91a3512f7fe8f768f6bbe005f6,false,,false,false,
PAIR00450:BASE,PAIR00450,GW230927_043729,BASE,35,37,input,NAMED,gaussian-noise,gaussian-noise,gaussiannoise,=,0,e3b0c44298fc1c149afbf4c8996fb92427ae41e4649b934ca495991b7852b855,false,,false,false,
PAIR00450:BASE,PAIR00450,GW230927_043729,BASE,36,38,input,NAMED,injection-approximant,injection-approximant,injectionapproximant,=,0,e3b0c44298fc1c149afbf4c8996fb92427ae41e4649b934ca495991b7852b855,false,,false,false,
PAIR00450:BASE,PAIR00450,GW230927_043729,BASE,37,39,input,NAMED,zero-noise,zero-noise,zeronoise,=,1,5feceb66ffc86f38d952786c6d696c79c2dbc239dd4e91b46729d73a27fb57e9,false,,false,false,
PAIR00450:BASE,PAIR00450,GW230927_043729,BASE,38,40,input,NAMED,sky-frame,sky-frame,skyframe,=,10,5df6b59dfafca1111fa87f6072971ed8f4719d44cfe95bd6a7490e0e7010579d,false,,false,false,
PAIR00450:BASE,PAIR00450,GW230927_043729,BASE,39,41,input,NAMED,truncate,truncate,truncate,=,1,6b86b273ff34fce19d6b804eff5a3f5747ada4eaa22f1d49c01e52ddb7875b4b,false,,false,false,
PAIR00450:BASE,PAIR00450,GW230927_043729,BASE,40,42,input,NAMED,analysis-duration,analysis-duration,analysisduration,=,3,44896b09365746b5f7167ee4d64988a38f7f4628803cbf86224e74eeb7c69e9d,false,,false,false,
PAIR00450:BASE,PAIR00450,GW230927_043729,BASE,41,43,input,NAMED,run-tag,run-tag,runtag,=,6,b80f6b485bcb2eb62c8837dc0584594ad24fdae1debd0342debf7e038d14c866,false,,false,false,
PAIR00450:BASE,PAIR00450,GW230927_043729,BASE,42,47,Sampler settings,NAMED,nlive,nlive,nlive,=,4,8b926d75599a618e21f1341318e66517be26e18cc7496783d2b59758c1333be8,false,,false,false,
PAIR00450:BASE,PAIR00450,GW230927_043729,BASE,43,48,Sampler settings,NAMED,poolsize,poolsize,poolsize,=,3,ad57366865126e55649ecb23ae1d48887544976efea46a48eb5d85a6eeb4d306,false,,false,false,
PAIR00450:BASE,PAIR00450,GW230927_043729,BASE,44,49,Sampler settings,NAMED,maxmcmc,maxmcmc,maxmcmc,=,4,8b926d75599a618e21f1341318e66517be26e18cc7496783d2b59758c1333be8,false,,false,false,
PAIR00450:BASE,PAIR00450,GW230927_043729,BASE,45,50,Sampler settings,NAMED,nthreads,nthreads,nthreads,=,1,6b86b273ff34fce19d6b804eff5a3f5747ada4eaa22f1d49c01e52ddb7875b4b,false,,false,false,
PAIR00450:BASE,PAIR00450,GW230927_043729,BASE,46,51,Sampler settings,NAMED,verbose,verbose,verbose,=,1,d4735e3a265e16eee03f59718b9b5d03019c07d8b6c51f90da3a666eec13ab35,false,,false,false,
PAIR00450:BASE,PAIR00450,GW230927_043729,BASE,47,52,Sampler settings,NAMED,seed,seed,seed,=,4,7b346904f63cc07f1d8cc2d88d7dae08a3f088a0e4159d5214c27a6571a51eb4,false,,false,false,
PAIR00450:BASE,PAIR00450,GW230927_043729,BASE,48,56,Priors,NAMED,gr-time-prior,gr-time-prior,grtimeprior,=,1,6b86b273ff34fce19d6b804eff5a3f5747ada4eaa22f1d49c01e52ddb7875b4b,false,,false,false,
PAIR00450:BASE,PAIR00450,GW230927_043729,BASE,49,57,Priors,NAMED,mf-time-prior,mf-time-prior,mftimeprior,=,17,352e5491f2b9150123afe5de3f12813719d441944bcda6c1f884a37c7e62332f,false,,false,false,
PAIR00450:BASE,PAIR00450,GW230927_043729,BASE,50,58,Priors,NAMED,t-min,t-min,tmin,=,2,4a44dc15364204a80fe80e9039455cc1608281820fe2b24f1e5233ade6af1dd5,false,,false,false,
PAIR00450:BASE,PAIR00450,GW230927_043729,BASE,51,59,Priors,NAMED,t-max,t-max,tmax,=,2,39fa9ec190eee7b6f4dff1100d6343e10918d044c75eac8f9e9a2596173f80c9,false,,false,false,
PAIR00450:BASE,PAIR00450,GW230927_043729,BASE,52,60,Priors,NAMED,fix-t,fix-t,fixt,=,8,4bdeecfcba5193066a242292c03eb3aaba8af81fd51f81dc532a29e5361b381c,false,,false,false,
PAIR00450:BASE,PAIR00450,GW230927_043729,BASE,53,61,Priors,NAMED,fix-ra,fix-ra,fixra,=,17,602675e9b7bc4205643832f1e5ceb093b19722b04a911e68ccd5c0b860e52aa0,false,,false,false,
PAIR00450:BASE,PAIR00450,GW230927_043729,BASE,54,62,Priors,NAMED,fix-dec,fix-dec,fixdec,=,19,770ed7875140044d26e5d40bed649b506a1e69f544dab46700f0ab84e5d03177,false,,false,false,
PAIR00450:BASE,PAIR00450,GW230927_043729,BASE,55,63,Priors,NAMED,fix-phi,fix-phi,fixphi,=,3,8aed642bf5118b9d3c859bd4be35ecac75b6e873cce34e7b6f554b06f75550d7,false,,false,false,
PAIR00450:VARIANT,PAIR00450,GW230927_043729,VARIANT,1,3,input,NAMED,run-type,run-type,runtype,=,4,a18b869b2e81c0c529552a3c4fa5c92ed08b98a4e146aed778d71d27517f83ac,false,,false,false,
PAIR00450:VARIANT,PAIR00450,GW230927_043729,VARIANT,2,4,input,NAMED,sampling-rate,sampling-rate,samplingrate,=,6,e75c3d41e5235b3b2911777152402ad9c9747a12e0021fab801d0fcc1580d076,false,,false,false,
PAIR00450:VARIANT,PAIR00450,GW230927_043729,VARIANT,3,5,input,NAMED,f-min-bp,f-min-bp,fminbp,=,4,585348dbd28810f9a34f57be46f000c5f9effab894d074713d93fe7ccfeb3b76,false,,false,false,
PAIR00450:VARIANT,PAIR00450,GW230927_043729,VARIANT,4,6,input,NAMED,f-max-bp,f-max-bp,fmaxbp,=,6,fddd30227ad776813b0af144db3610e985b228ba22f365f0132a4b270de7694a,false,,false,false,
PAIR00450:VARIANT,PAIR00450,GW230927_043729,VARIANT,5,7,input,NAMED,output,output,output,=,24,5b2355648694a4527af201b5c1f2cd274e0a3a2fdfb0ad962b6a73a04a0b283b,false,,false,false,
PAIR00450:VARIANT,PAIR00450,GW230927_043729,VARIANT,6,8,input,NAMED,download-data,download-data,downloaddata,=,1,6b86b273ff34fce19d6b804eff5a3f5747ada4eaa22f1d49c01e52ddb7875b4b,false,,false,false,
PAIR00450:VARIANT,PAIR00450,GW230927_043729,VARIANT,7,9,input,NAMED,datalen-download,datalen-download,datalendownload,=,4,f81b732a59389bd6838affaf36f9a3b6d9fe736b4e99f146571a5b1b935283e9,false,,false,false,
PAIR00450:VARIANT,PAIR00450,GW230927_043729,VARIANT,8,10,input,NAMED,channel-H1,channel-h1,channelh1,=,28,19a08d2e9b9f86ab015dfa721d16ffb749bff3c1b6cc9bc57e498d8021581df9,false,,false,false,
PAIR00450:VARIANT,PAIR00450,GW230927_043729,VARIANT,9,11,input,NAMED,channel-L1,channel-l1,channell1,=,28,fcede5f51dc717380e3072435c419d9ca94c127e7d1737dc870bc534d794b981,false,,false,false,
PAIR00450:VARIANT,PAIR00450,GW230927_043729,VARIANT,10,12,input,NAMED,channel-V1,channel-v1,channelv1,=,0,e3b0c44298fc1c149afbf4c8996fb92427ae41e4649b934ca495991b7852b855,false,,false,false,
PAIR00450:VARIANT,PAIR00450,GW230927_043729,VARIANT,11,13,input,NAMED,data-H1,data-h1,datah1,=,0,e3b0c44298fc1c149afbf4c8996fb92427ae41e4649b934ca495991b7852b855,false,,false,false,
PAIR00450:VARIANT,PAIR00450,GW230927_043729,VARIANT,12,14,input,NAMED,data-L1,data-l1,datal1,=,0,e3b0c44298fc1c149afbf4c8996fb92427ae41e4649b934ca495991b7852b855,false,,false,false,
PAIR00450:VARIANT,PAIR00450,GW230927_043729,VARIANT,13,15,input,NAMED,data-V1,data-v1,datav1,=,0,e3b0c44298fc1c149afbf4c8996fb92427ae41e4649b934ca495991b7852b855,false,,false,false,
PAIR00450:VARIANT,PAIR00450,GW230927_043729,VARIANT,14,16,input,NAMED,ignore-data-filename,ignore-data-filename,ignoredatafilename,=,1,5feceb66ffc86f38d952786c6d696c79c2dbc239dd4e91b46729d73a27fb57e9,false,,false,false,
PAIR00450:VARIANT,PAIR00450,GW230927_043729,VARIANT,15,17,input,NAMED,gw-data-find,gw-data-find,gwdatafind,=,1,5feceb66ffc86f38d952786c6d696c79c2dbc239dd4e91b46729d73a27fb57e9,false,,false,false,
PAIR00450:VARIANT,PAIR00450,GW230927_043729,VARIANT,16,18,input,NAMED,gw-data-type-H1,gw-data-type-h1,gwdatatypeh1,=,0,e3b0c44298fc1c149afbf4c8996fb92427ae41e4649b934ca495991b7852b855,false,,false,false,
PAIR00450:VARIANT,PAIR00450,GW230927_043729,VARIANT,17,19,input,NAMED,gw-data-type-L1,gw-data-type-l1,gwdatatypel1,=,0,e3b0c44298fc1c149afbf4c8996fb92427ae41e4649b934ca495991b7852b855,false,,false,false,
PAIR00450:VARIANT,PAIR00450,GW230927_043729,VARIANT,18,20,input,NAMED,gw-data-type-V1,gw-data-type-v1,gwdatatypev1,=,0,e3b0c44298fc1c149afbf4c8996fb92427ae41e4649b934ca495991b7852b855,false,,false,false,
PAIR00450:VARIANT,PAIR00450,GW230927_043729,VARIANT,19,21,input,NAMED,ref-det,ref-det,refdet,=,2,8bf797aa02bd65b7cbd52155f6e010be77bb3d461320dac4c74c12d749d81066,false,,false,false,
PAIR00450:VARIANT,PAIR00450,GW230927_043729,VARIANT,20,22,input,NAMED,trigtime,trigtime,trigtime,=,18,54cc7121b907a836d8bd1616450d52eeea98c430c86620a1756a057a3112f1d9,false,,false,false,
PAIR00450:VARIANT,PAIR00450,GW230927_043729,VARIANT,21,23,input,NAMED,detectors,detectors,detectors,=,5,3b0244de8d58e5217d2f9d33788bf9ff487c7cf82068b932f86e382eefc8bcfe,false,,false,false,
PAIR00450:VARIANT,PAIR00450,GW230927_043729,VARIANT,22,24,input,NAMED,window-onsource,window-onsource,windowonsource,=,1,5feceb66ffc86f38d952786c6d696c79c2dbc239dd4e91b46729d73a27fb57e9,false,,false,false,
PAIR00450:VARIANT,PAIR00450,GW230927_043729,VARIANT,23,25,input,NAMED,noise-chunksize,noise-chunksize,noisechunksize,=,3,fbd04e1aae9ce0b11a8946e2c9ac2619f7428a64d32d01eff61d809dcb70ee8e,false,,false,false,
PAIR00450:VARIANT,PAIR00450,GW230927_043729,VARIANT,24,26,input,NAMED,signal-chunksize,signal-chunksize,signalchunksize,=,3,fbd04e1aae9ce0b11a8946e2c9ac2619f7428a64d32d01eff61d809dcb70ee8e,false,,false,false,
PAIR00450:VARIANT,PAIR00450,GW230927_043729,VARIANT,25,27,input,NAMED,amp-non-prec-sym,amp-non-prec-sym,ampnonprecsym,=,1,6b86b273ff34fce19d6b804eff5a3f5747ada4eaa22f1d49c01e52ddb7875b4b,false,,false,false,
PAIR00450:VARIANT,PAIR00450,GW230927_043729,VARIANT,26,28,input,NAMED,max-Kerr-amp-ratio,max-kerr-amp-ratio,maxkerrampratio,=,3,8aed642bf5118b9d3c859bd4be35ecac75b6e873cce34e7b6f554b06f75550d7,true,TARGET_LIKE_CANDIDATE,true,false,0.0
PAIR00450:VARIANT,PAIR00450,GW230927_043729,VARIANT,27,29,input,NAMED,kerr-modes,kerr-modes,kerrmodes,=,22,bc200f256cf28b74cec3f8e364af97fbd24eb4ea100fb87bf554622a407e809f,true,KERR_MODES,true,false,"[(2,2,2,0), (2,2,2,1)]"
PAIR00450:VARIANT,PAIR00450,GW230927_043729,VARIANT,28,30,input,NAMED,spheroidal,spheroidal,spheroidal,=,1,5feceb66ffc86f38d952786c6d696c79c2dbc239dd4e91b46729d73a27fb57e9,false,,false,false,
PAIR00450:VARIANT,PAIR00450,GW230927_043729,VARIANT,29,31,input,NAMED,reference-amplitude,reference-amplitude,referenceamplitude,=,5,64a930966aa1b51c0cc3f0747e943493b4dd46e75f7aba72f837f9adfa7d8c3d,false,,false,false,
PAIR00450:VARIANT,PAIR00450,GW230927_043729,VARIANT,30,32,input,NAMED,psd-H1,psd-h1,psdh1,=,0,e3b0c44298fc1c149afbf4c8996fb92427ae41e4649b934ca495991b7852b855,false,,false,false,
PAIR00450:VARIANT,PAIR00450,GW230927_043729,VARIANT,31,33,input,NAMED,psd-L1,psd-l1,psdl1,=,0,e3b0c44298fc1c149afbf4c8996fb92427ae41e4649b934ca495991b7852b855,false,,false,false,
PAIR00450:VARIANT,PAIR00450,GW230927_043729,VARIANT,32,34,input,NAMED,psd-V1,psd-v1,psdv1,=,0,e3b0c44298fc1c149afbf4c8996fb92427ae41e4649b934ca495991b7852b855,false,,false,false,
PAIR00450:VARIANT,PAIR00450,GW230927_043729,VARIANT,33,35,input,NAMED,injection-T,injection-t,injectiont,=,1,5feceb66ffc86f38d952786c6d696c79c2dbc239dd4e91b46729d73a27fb57e9,false,,false,false,
PAIR00450:VARIANT,PAIR00450,GW230927_043729,VARIANT,34,36,input,NAMED,injection-scaling,injection-scaling,injectionscaling,=,3,d0ff5974b6aa52cf562bea5921840c032a860a91a3512f7fe8f768f6bbe005f6,false,,false,false,
PAIR00450:VARIANT,PAIR00450,GW230927_043729,VARIANT,35,37,input,NAMED,gaussian-noise,gaussian-noise,gaussiannoise,=,0,e3b0c44298fc1c149afbf4c8996fb92427ae41e4649b934ca495991b7852b855,false,,false,false,
PAIR00450:VARIANT,PAIR00450,GW230927_043729,VARIANT,36,38,input,NAMED,injection-approximant,injection-approximant,injectionapproximant,=,0,e3b0c44298fc1c149afbf4c8996fb92427ae41e4649b934ca495991b7852b855,false,,false,false,
PAIR00450:VARIANT,PAIR00450,GW230927_043729,VARIANT,37,39,input,NAMED,zero-noise,zero-noise,zeronoise,=,1,5feceb66ffc86f38d952786c6d696c79c2dbc239dd4e91b46729d73a27fb57e9,false,,false,false,
PAIR00450:VARIANT,PAIR00450,GW230927_043729,VARIANT,38,40,input,NAMED,sky-frame,sky-frame,skyframe,=,10,5df6b59dfafca1111fa87f6072971ed8f4719d44cfe95bd6a7490e0e7010579d,false,,false,false,
PAIR00450:VARIANT,PAIR00450,GW230927_043729,VARIANT,39,41,input,NAMED,truncate,truncate,truncate,=,1,6b86b273ff34fce19d6b804eff5a3f5747ada4eaa22f1d49c01e52ddb7875b4b,false,,false,false,
PAIR00450:VARIANT,PAIR00450,GW230927_043729,VARIANT,40,42,input,NAMED,analysis-duration,analysis-duration,analysisduration,=,3,44896b09365746b5f7167ee4d64988a38f7f4628803cbf86224e74eeb7c69e9d,false,,false,false,
PAIR00450:VARIANT,PAIR00450,GW230927_043729,VARIANT,41,43,input,NAMED,run-tag,run-tag,runtag,=,6,b80f6b485bcb2eb62c8837dc0584594ad24fdae1debd0342debf7e038d14c866,false,,false,false,
PAIR00450:VARIANT,PAIR00450,GW230927_043729,VARIANT,42,47,Sampler settings,NAMED,nlive,nlive,nlive,=,4,8b926d75599a618e21f1341318e66517be26e18cc7496783d2b59758c1333be8,false,,false,false,
PAIR00450:VARIANT,PAIR00450,GW230927_043729,VARIANT,43,48,Sampler settings,NAMED,poolsize,poolsize,poolsize,=,3,ad57366865126e55649ecb23ae1d48887544976efea46a48eb5d85a6eeb4d306,false,,false,false,
PAIR00450:VARIANT,PAIR00450,GW230927_043729,VARIANT,44,49,Sampler settings,NAMED,maxmcmc,maxmcmc,maxmcmc,=,4,8b926d75599a618e21f1341318e66517be26e18cc7496783d2b59758c1333be8,false,,false,false,
PAIR00450:VARIANT,PAIR00450,GW230927_043729,VARIANT,45,50,Sampler settings,NAMED,nthreads,nthreads,nthreads,=,1,6b86b273ff34fce19d6b804eff5a3f5747ada4eaa22f1d49c01e52ddb7875b4b,false,,false,false,
PAIR00450:VARIANT,PAIR00450,GW230927_043729,VARIANT,46,51,Sampler settings,NAMED,verbose,verbose,verbose,=,1,d4735e3a265e16eee03f59718b9b5d03019c07d8b6c51f90da3a666eec13ab35,false,,false,false,
PAIR00450:VARIANT,PAIR00450,GW230927_043729,VARIANT,47,52,Sampler settings,NAMED,seed,seed,seed,=,4,7b346904f63cc07f1d8cc2d88d7dae08a3f088a0e4159d5214c27a6571a51eb4,false,,false,false,
PAIR00450:VARIANT,PAIR00450,GW230927_043729,VARIANT,48,56,Priors,NAMED,gr-time-prior,gr-time-prior,grtimeprior,=,1,6b86b273ff34fce19d6b804eff5a3f5747ada4eaa22f1d49c01e52ddb7875b4b,false,,false,false,
PAIR00450:VARIANT,PAIR00450,GW230927_043729,VARIANT,49,57,Priors,NAMED,mf-time-prior,mf-time-prior,mftimeprior,=,17,352e5491f2b9150123afe5de3f12813719d441944bcda6c1f884a37c7e62332f,false,,false,false,
PAIR00450:VARIANT,PAIR00450,GW230927_043729,VARIANT,50,58,Priors,NAMED,t-min,t-min,tmin,=,2,4a44dc15364204a80fe80e9039455cc1608281820fe2b24f1e5233ade6af1dd5,false,,false,false,
PAIR00450:VARIANT,PAIR00450,GW230927_043729,VARIANT,51,59,Priors,NAMED,t-max,t-max,tmax,=,2,39fa9ec190eee7b6f4dff1100d6343e10918d044c75eac8f9e9a2596173f80c9,false,,false,false,
PAIR00450:VARIANT,PAIR00450,GW230927_043729,VARIANT,52,60,Priors,NAMED,fix-t,fix-t,fixt,=,8,4bdeecfcba5193066a242292c03eb3aaba8af81fd51f81dc532a29e5361b381c,false,,false,false,
PAIR00450:VARIANT,PAIR00450,GW230927_043729,VARIANT,53,61,Priors,NAMED,fix-ra,fix-ra,fixra,=,17,602675e9b7bc4205643832f1e5ceb093b19722b04a911e68ccd5c0b860e52aa0,false,,false,false,
PAIR00450:VARIANT,PAIR00450,GW230927_043729,VARIANT,54,62,Priors,NAMED,fix-dec,fix-dec,fixdec,=,19,770ed7875140044d26e5d40bed649b506a1e69f544dab46700f0ab84e5d03177,false,,false,false,
PAIR00450:VARIANT,PAIR00450,GW230927_043729,VARIANT,55,63,Priors,NAMED,fix-phi,fix-phi,fixphi,=,3,8aed642bf5118b9d3c859bd4be35ecac75b6e873cce34e7b6f554b06f75550d7,false,,false,false,
PAIR00495:BASE,PAIR00495,GW230927_153832,BASE,1,3,input,NAMED,run-type,run-type,runtype,=,4,a18b869b2e81c0c529552a3c4fa5c92ed08b98a4e146aed778d71d27517f83ac,false,,false,false,
PAIR00495:BASE,PAIR00495,GW230927_153832,BASE,2,4,input,NAMED,sampling-rate,sampling-rate,samplingrate,=,6,e75c3d41e5235b3b2911777152402ad9c9747a12e0021fab801d0fcc1580d076,false,,false,false,
PAIR00495:BASE,PAIR00495,GW230927_153832,BASE,3,5,input,NAMED,f-min-bp,f-min-bp,fminbp,=,4,585348dbd28810f9a34f57be46f000c5f9effab894d074713d93fe7ccfeb3b76,false,,false,false,
PAIR00495:BASE,PAIR00495,GW230927_153832,BASE,4,6,input,NAMED,f-max-bp,f-max-bp,fmaxbp,=,6,fddd30227ad776813b0af144db3610e985b228ba22f365f0132a4b270de7694a,false,,false,false,
PAIR00495:BASE,PAIR00495,GW230927_153832,BASE,5,7,input,NAMED,output,output,output,=,24,5b2355648694a4527af201b5c1f2cd274e0a3a2fdfb0ad962b6a73a04a0b283b,false,,false,false,
PAIR00495:BASE,PAIR00495,GW230927_153832,BASE,6,8,input,NAMED,download-data,download-data,downloaddata,=,1,6b86b273ff34fce19d6b804eff5a3f5747ada4eaa22f1d49c01e52ddb7875b4b,false,,false,false,
PAIR00495:BASE,PAIR00495,GW230927_153832,BASE,7,9,input,NAMED,datalen-download,datalen-download,datalendownload,=,4,f81b732a59389bd6838affaf36f9a3b6d9fe736b4e99f146571a5b1b935283e9,false,,false,false,
PAIR00495:BASE,PAIR00495,GW230927_153832,BASE,8,10,input,NAMED,channel-H1,channel-h1,channelh1,=,28,19a08d2e9b9f86ab015dfa721d16ffb749bff3c1b6cc9bc57e498d8021581df9,false,,false,false,
PAIR00495:BASE,PAIR00495,GW230927_153832,BASE,9,11,input,NAMED,channel-L1,channel-l1,channell1,=,28,fcede5f51dc717380e3072435c419d9ca94c127e7d1737dc870bc534d794b981,false,,false,false,
PAIR00495:BASE,PAIR00495,GW230927_153832,BASE,10,12,input,NAMED,channel-V1,channel-v1,channelv1,=,0,e3b0c44298fc1c149afbf4c8996fb92427ae41e4649b934ca495991b7852b855,false,,false,false,
PAIR00495:BASE,PAIR00495,GW230927_153832,BASE,11,13,input,NAMED,data-H1,data-h1,datah1,=,0,e3b0c44298fc1c149afbf4c8996fb92427ae41e4649b934ca495991b7852b855,false,,false,false,
PAIR00495:BASE,PAIR00495,GW230927_153832,BASE,12,14,input,NAMED,data-L1,data-l1,datal1,=,0,e3b0c44298fc1c149afbf4c8996fb92427ae41e4649b934ca495991b7852b855,false,,false,false,
PAIR00495:BASE,PAIR00495,GW230927_153832,BASE,13,15,input,NAMED,data-V1,data-v1,datav1,=,0,e3b0c44298fc1c149afbf4c8996fb92427ae41e4649b934ca495991b7852b855,false,,false,false,
PAIR00495:BASE,PAIR00495,GW230927_153832,BASE,14,16,input,NAMED,ignore-data-filename,ignore-data-filename,ignoredatafilename,=,1,5feceb66ffc86f38d952786c6d696c79c2dbc239dd4e91b46729d73a27fb57e9,false,,false,false,
PAIR00495:BASE,PAIR00495,GW230927_153832,BASE,15,17,input,NAMED,gw-data-find,gw-data-find,gwdatafind,=,1,5feceb66ffc86f38d952786c6d696c79c2dbc239dd4e91b46729d73a27fb57e9,false,,false,false,
PAIR00495:BASE,PAIR00495,GW230927_153832,BASE,16,18,input,NAMED,gw-data-type-H1,gw-data-type-h1,gwdatatypeh1,=,0,e3b0c44298fc1c149afbf4c8996fb92427ae41e4649b934ca495991b7852b855,false,,false,false,
PAIR00495:BASE,PAIR00495,GW230927_153832,BASE,17,19,input,NAMED,gw-data-type-L1,gw-data-type-l1,gwdatatypel1,=,0,e3b0c44298fc1c149afbf4c8996fb92427ae41e4649b934ca495991b7852b855,false,,false,false,
PAIR00495:BASE,PAIR00495,GW230927_153832,BASE,18,20,input,NAMED,gw-data-type-V1,gw-data-type-v1,gwdatatypev1,=,0,e3b0c44298fc1c149afbf4c8996fb92427ae41e4649b934ca495991b7852b855,false,,false,false,
PAIR00495:BASE,PAIR00495,GW230927_153832,BASE,19,21,input,NAMED,ref-det,ref-det,refdet,=,2,8bf797aa02bd65b7cbd52155f6e010be77bb3d461320dac4c74c12d749d81066,false,,false,false,
PAIR00495:BASE,PAIR00495,GW230927_153832,BASE,20,22,input,NAMED,trigtime,trigtime,trigtime,=,18,8c0fd5c7b4f06b193a02fa21d3d9c8e1c0350befe2f2ef6b7f03d4672951aac2,false,,false,false,
PAIR00495:BASE,PAIR00495,GW230927_153832,BASE,21,23,input,NAMED,detectors,detectors,detectors,=,5,3b0244de8d58e5217d2f9d33788bf9ff487c7cf82068b932f86e382eefc8bcfe,false,,false,false,
PAIR00495:BASE,PAIR00495,GW230927_153832,BASE,22,24,input,NAMED,window-onsource,window-onsource,windowonsource,=,1,5feceb66ffc86f38d952786c6d696c79c2dbc239dd4e91b46729d73a27fb57e9,false,,false,false,
PAIR00495:BASE,PAIR00495,GW230927_153832,BASE,23,25,input,NAMED,noise-chunksize,noise-chunksize,noisechunksize,=,3,fbd04e1aae9ce0b11a8946e2c9ac2619f7428a64d32d01eff61d809dcb70ee8e,false,,false,false,
PAIR00495:BASE,PAIR00495,GW230927_153832,BASE,24,26,input,NAMED,signal-chunksize,signal-chunksize,signalchunksize,=,3,fbd04e1aae9ce0b11a8946e2c9ac2619f7428a64d32d01eff61d809dcb70ee8e,false,,false,false,
PAIR00495:BASE,PAIR00495,GW230927_153832,BASE,25,27,input,NAMED,amp-non-prec-sym,amp-non-prec-sym,ampnonprecsym,=,1,6b86b273ff34fce19d6b804eff5a3f5747ada4eaa22f1d49c01e52ddb7875b4b,false,,false,false,
PAIR00495:BASE,PAIR00495,GW230927_153832,BASE,26,28,input,NAMED,max-Kerr-amp-ratio,max-kerr-amp-ratio,maxkerrampratio,=,3,8aed642bf5118b9d3c859bd4be35ecac75b6e873cce34e7b6f554b06f75550d7,true,TARGET_LIKE_CANDIDATE,true,false,0.0
PAIR00495:BASE,PAIR00495,GW230927_153832,BASE,27,29,input,NAMED,kerr-modes,kerr-modes,kerrmodes,=,11,918b8617dd99e65be623b6a29009ed5cc07e2badeba955417690d4002c8f430b,true,KERR_MODES,true,false,"[(2,2,2,0)]"
PAIR00495:BASE,PAIR00495,GW230927_153832,BASE,28,30,input,NAMED,spheroidal,spheroidal,spheroidal,=,1,5feceb66ffc86f38d952786c6d696c79c2dbc239dd4e91b46729d73a27fb57e9,false,,false,false,
PAIR00495:BASE,PAIR00495,GW230927_153832,BASE,29,31,input,NAMED,reference-amplitude,reference-amplitude,referenceamplitude,=,5,64a930966aa1b51c0cc3f0747e943493b4dd46e75f7aba72f837f9adfa7d8c3d,false,,false,false,
PAIR00495:BASE,PAIR00495,GW230927_153832,BASE,30,32,input,NAMED,psd-H1,psd-h1,psdh1,=,0,e3b0c44298fc1c149afbf4c8996fb92427ae41e4649b934ca495991b7852b855,false,,false,false,
PAIR00495:BASE,PAIR00495,GW230927_153832,BASE,31,33,input,NAMED,psd-L1,psd-l1,psdl1,=,0,e3b0c44298fc1c149afbf4c8996fb92427ae41e4649b934ca495991b7852b855,false,,false,false,
PAIR00495:BASE,PAIR00495,GW230927_153832,BASE,32,34,input,NAMED,psd-V1,psd-v1,psdv1,=,0,e3b0c44298fc1c149afbf4c8996fb92427ae41e4649b934ca495991b7852b855,false,,false,false,
PAIR00495:BASE,PAIR00495,GW230927_153832,BASE,33,35,input,NAMED,injection-T,injection-t,injectiont,=,1,5feceb66ffc86f38d952786c6d696c79c2dbc239dd4e91b46729d73a27fb57e9,false,,false,false,
PAIR00495:BASE,PAIR00495,GW230927_153832,BASE,34,36,input,NAMED,injection-scaling,injection-scaling,injectionscaling,=,3,d0ff5974b6aa52cf562bea5921840c032a860a91a3512f7fe8f768f6bbe005f6,false,,false,false,
PAIR00495:BASE,PAIR00495,GW230927_153832,BASE,35,37,input,NAMED,gaussian-noise,gaussian-noise,gaussiannoise,=,0,e3b0c44298fc1c149afbf4c8996fb92427ae41e4649b934ca495991b7852b855,false,,false,false,
PAIR00495:BASE,PAIR00495,GW230927_153832,BASE,36,38,input,NAMED,injection-approximant,injection-approximant,injectionapproximant,=,0,e3b0c44298fc1c149afbf4c8996fb92427ae41e4649b934ca495991b7852b855,false,,false,false,
PAIR00495:BASE,PAIR00495,GW230927_153832,BASE,37,39,input,NAMED,zero-noise,zero-noise,zeronoise,=,1,5feceb66ffc86f38d952786c6d696c79c2dbc239dd4e91b46729d73a27fb57e9,false,,false,false,
PAIR00495:BASE,PAIR00495,GW230927_153832,BASE,38,40,input,NAMED,sky-frame,sky-frame,skyframe,=,10,5df6b59dfafca1111fa87f6072971ed8f4719d44cfe95bd6a7490e0e7010579d,false,,false,false,
PAIR00495:BASE,PAIR00495,GW230927_153832,BASE,39,41,input,NAMED,truncate,truncate,truncate,=,1,6b86b273ff34fce19d6b804eff5a3f5747ada4eaa22f1d49c01e52ddb7875b4b,false,,false,false,
PAIR00495:BASE,PAIR00495,GW230927_153832,BASE,40,42,input,NAMED,analysis-duration,analysis-duration,analysisduration,=,3,44896b09365746b5f7167ee4d64988a38f7f4628803cbf86224e74eeb7c69e9d,false,,false,false,
PAIR00495:BASE,PAIR00495,GW230927_153832,BASE,41,43,input,NAMED,run-tag,run-tag,runtag,=,5,750f7eda495bfdb2e6c52c5b7d767da4f33e2633683373a2f914e96c0a7407a8,false,,false,false,
PAIR00495:BASE,PAIR00495,GW230927_153832,BASE,42,47,Sampler settings,NAMED,nlive,nlive,nlive,=,4,8b926d75599a618e21f1341318e66517be26e18cc7496783d2b59758c1333be8,false,,false,false,
PAIR00495:BASE,PAIR00495,GW230927_153832,BASE,43,48,Sampler settings,NAMED,poolsize,poolsize,poolsize,=,3,ad57366865126e55649ecb23ae1d48887544976efea46a48eb5d85a6eeb4d306,false,,false,false,
PAIR00495:BASE,PAIR00495,GW230927_153832,BASE,44,49,Sampler settings,NAMED,maxmcmc,maxmcmc,maxmcmc,=,4,8b926d75599a618e21f1341318e66517be26e18cc7496783d2b59758c1333be8,false,,false,false,
PAIR00495:BASE,PAIR00495,GW230927_153832,BASE,45,50,Sampler settings,NAMED,nthreads,nthreads,nthreads,=,1,6b86b273ff34fce19d6b804eff5a3f5747ada4eaa22f1d49c01e52ddb7875b4b,false,,false,false,
PAIR00495:BASE,PAIR00495,GW230927_153832,BASE,46,51,Sampler settings,NAMED,verbose,verbose,verbose,=,1,d4735e3a265e16eee03f59718b9b5d03019c07d8b6c51f90da3a666eec13ab35,false,,false,false,
PAIR00495:BASE,PAIR00495,GW230927_153832,BASE,47,52,Sampler settings,NAMED,seed,seed,seed,=,4,7b346904f63cc07f1d8cc2d88d7dae08a3f088a0e4159d5214c27a6571a51eb4,false,,false,false,
PAIR00495:BASE,PAIR00495,GW230927_153832,BASE,48,56,Priors,NAMED,gr-time-prior,gr-time-prior,grtimeprior,=,1,6b86b273ff34fce19d6b804eff5a3f5747ada4eaa22f1d49c01e52ddb7875b4b,false,,false,false,
PAIR00495:BASE,PAIR00495,GW230927_153832,BASE,49,57,Priors,NAMED,mf-time-prior,mf-time-prior,mftimeprior,=,17,25fda5d5ca9696a98fd75288cad41ffbac519e1559fe0ef216ffca2d88917d33,false,,false,false,
PAIR00495:BASE,PAIR00495,GW230927_153832,BASE,50,58,Priors,NAMED,t-min,t-min,tmin,=,2,4a44dc15364204a80fe80e9039455cc1608281820fe2b24f1e5233ade6af1dd5,false,,false,false,
PAIR00495:BASE,PAIR00495,GW230927_153832,BASE,51,59,Priors,NAMED,t-max,t-max,tmax,=,2,39fa9ec190eee7b6f4dff1100d6343e10918d044c75eac8f9e9a2596173f80c9,false,,false,false,
PAIR00495:BASE,PAIR00495,GW230927_153832,BASE,52,60,Priors,NAMED,fix-t,fix-t,fixt,=,8,490c7d2f49521e552a533f890c96c9a5f26ad8fda60efac7bf0601709d1beb9a,false,,false,false,
PAIR00495:BASE,PAIR00495,GW230927_153832,BASE,53,61,Priors,NAMED,fix-ra,fix-ra,fixra,=,17,5c986e4e3cc9be726466bcd3b5c6197ee7a978cfb6208ca443df0d4b1d4b6d4e,false,,false,false,
PAIR00495:BASE,PAIR00495,GW230927_153832,BASE,54,62,Priors,NAMED,fix-dec,fix-dec,fixdec,=,19,722611973ab963c7e3d4c2758a7e7e44f1c6cf1b553b4c5dee1a54b4b2d69254,false,,false,false,
PAIR00495:BASE,PAIR00495,GW230927_153832,BASE,55,63,Priors,NAMED,fix-phi,fix-phi,fixphi,=,3,8aed642bf5118b9d3c859bd4be35ecac75b6e873cce34e7b6f554b06f75550d7,false,,false,false,
PAIR00495:VARIANT,PAIR00495,GW230927_153832,VARIANT,1,3,input,NAMED,run-type,run-type,runtype,=,4,a18b869b2e81c0c529552a3c4fa5c92ed08b98a4e146aed778d71d27517f83ac,false,,false,false,
PAIR00495:VARIANT,PAIR00495,GW230927_153832,VARIANT,2,4,input,NAMED,sampling-rate,sampling-rate,samplingrate,=,6,e75c3d41e5235b3b2911777152402ad9c9747a12e0021fab801d0fcc1580d076,false,,false,false,
PAIR00495:VARIANT,PAIR00495,GW230927_153832,VARIANT,3,5,input,NAMED,f-min-bp,f-min-bp,fminbp,=,4,585348dbd28810f9a34f57be46f000c5f9effab894d074713d93fe7ccfeb3b76,false,,false,false,
PAIR00495:VARIANT,PAIR00495,GW230927_153832,VARIANT,4,6,input,NAMED,f-max-bp,f-max-bp,fmaxbp,=,6,fddd30227ad776813b0af144db3610e985b228ba22f365f0132a4b270de7694a,false,,false,false,
PAIR00495:VARIANT,PAIR00495,GW230927_153832,VARIANT,5,7,input,NAMED,output,output,output,=,24,5b2355648694a4527af201b5c1f2cd274e0a3a2fdfb0ad962b6a73a04a0b283b,false,,false,false,
PAIR00495:VARIANT,PAIR00495,GW230927_153832,VARIANT,6,8,input,NAMED,download-data,download-data,downloaddata,=,1,6b86b273ff34fce19d6b804eff5a3f5747ada4eaa22f1d49c01e52ddb7875b4b,false,,false,false,
PAIR00495:VARIANT,PAIR00495,GW230927_153832,VARIANT,7,9,input,NAMED,datalen-download,datalen-download,datalendownload,=,4,f81b732a59389bd6838affaf36f9a3b6d9fe736b4e99f146571a5b1b935283e9,false,,false,false,
PAIR00495:VARIANT,PAIR00495,GW230927_153832,VARIANT,8,10,input,NAMED,channel-H1,channel-h1,channelh1,=,28,19a08d2e9b9f86ab015dfa721d16ffb749bff3c1b6cc9bc57e498d8021581df9,false,,false,false,
PAIR00495:VARIANT,PAIR00495,GW230927_153832,VARIANT,9,11,input,NAMED,channel-L1,channel-l1,channell1,=,28,fcede5f51dc717380e3072435c419d9ca94c127e7d1737dc870bc534d794b981,false,,false,false,
PAIR00495:VARIANT,PAIR00495,GW230927_153832,VARIANT,10,12,input,NAMED,channel-V1,channel-v1,channelv1,=,0,e3b0c44298fc1c149afbf4c8996fb92427ae41e4649b934ca495991b7852b855,false,,false,false,
PAIR00495:VARIANT,PAIR00495,GW230927_153832,VARIANT,11,13,input,NAMED,data-H1,data-h1,datah1,=,0,e3b0c44298fc1c149afbf4c8996fb92427ae41e4649b934ca495991b7852b855,false,,false,false,
PAIR00495:VARIANT,PAIR00495,GW230927_153832,VARIANT,12,14,input,NAMED,data-L1,data-l1,datal1,=,0,e3b0c44298fc1c149afbf4c8996fb92427ae41e4649b934ca495991b7852b855,false,,false,false,
PAIR00495:VARIANT,PAIR00495,GW230927_153832,VARIANT,13,15,input,NAMED,data-V1,data-v1,datav1,=,0,e3b0c44298fc1c149afbf4c8996fb92427ae41e4649b934ca495991b7852b855,false,,false,false,
PAIR00495:VARIANT,PAIR00495,GW230927_153832,VARIANT,14,16,input,NAMED,ignore-data-filename,ignore-data-filename,ignoredatafilename,=,1,5feceb66ffc86f38d952786c6d696c79c2dbc239dd4e91b46729d73a27fb57e9,false,,false,false,
PAIR00495:VARIANT,PAIR00495,GW230927_153832,VARIANT,15,17,input,NAMED,gw-data-find,gw-data-find,gwdatafind,=,1,5feceb66ffc86f38d952786c6d696c79c2dbc239dd4e91b46729d73a27fb57e9,false,,false,false,
PAIR00495:VARIANT,PAIR00495,GW230927_153832,VARIANT,16,18,input,NAMED,gw-data-type-H1,gw-data-type-h1,gwdatatypeh1,=,0,e3b0c44298fc1c149afbf4c8996fb92427ae41e4649b934ca495991b7852b855,false,,false,false,
PAIR00495:VARIANT,PAIR00495,GW230927_153832,VARIANT,17,19,input,NAMED,gw-data-type-L1,gw-data-type-l1,gwdatatypel1,=,0,e3b0c44298fc1c149afbf4c8996fb92427ae41e4649b934ca495991b7852b855,false,,false,false,
PAIR00495:VARIANT,PAIR00495,GW230927_153832,VARIANT,18,20,input,NAMED,gw-data-type-V1,gw-data-type-v1,gwdatatypev1,=,0,e3b0c44298fc1c149afbf4c8996fb92427ae41e4649b934ca495991b7852b855,false,,false,false,
PAIR00495:VARIANT,PAIR00495,GW230927_153832,VARIANT,19,21,input,NAMED,ref-det,ref-det,refdet,=,2,8bf797aa02bd65b7cbd52155f6e010be77bb3d461320dac4c74c12d749d81066,false,,false,false,
PAIR00495:VARIANT,PAIR00495,GW230927_153832,VARIANT,20,22,input,NAMED,trigtime,trigtime,trigtime,=,18,8c0fd5c7b4f06b193a02fa21d3d9c8e1c0350befe2f2ef6b7f03d4672951aac2,false,,false,false,
PAIR00495:VARIANT,PAIR00495,GW230927_153832,VARIANT,21,23,input,NAMED,detectors,detectors,detectors,=,5,3b0244de8d58e5217d2f9d33788bf9ff487c7cf82068b932f86e382eefc8bcfe,false,,false,false,
PAIR00495:VARIANT,PAIR00495,GW230927_153832,VARIANT,22,24,input,NAMED,window-onsource,window-onsource,windowonsource,=,1,5feceb66ffc86f38d952786c6d696c79c2dbc239dd4e91b46729d73a27fb57e9,false,,false,false,
PAIR00495:VARIANT,PAIR00495,GW230927_153832,VARIANT,23,25,input,NAMED,noise-chunksize,noise-chunksize,noisechunksize,=,3,fbd04e1aae9ce0b11a8946e2c9ac2619f7428a64d32d01eff61d809dcb70ee8e,false,,false,false,
PAIR00495:VARIANT,PAIR00495,GW230927_153832,VARIANT,24,26,input,NAMED,signal-chunksize,signal-chunksize,signalchunksize,=,3,fbd04e1aae9ce0b11a8946e2c9ac2619f7428a64d32d01eff61d809dcb70ee8e,false,,false,false,
PAIR00495:VARIANT,PAIR00495,GW230927_153832,VARIANT,25,27,input,NAMED,amp-non-prec-sym,amp-non-prec-sym,ampnonprecsym,=,1,6b86b273ff34fce19d6b804eff5a3f5747ada4eaa22f1d49c01e52ddb7875b4b,false,,false,false,
PAIR00495:VARIANT,PAIR00495,GW230927_153832,VARIANT,26,28,input,NAMED,max-Kerr-amp-ratio,max-kerr-amp-ratio,maxkerrampratio,=,3,8aed642bf5118b9d3c859bd4be35ecac75b6e873cce34e7b6f554b06f75550d7,true,TARGET_LIKE_CANDIDATE,true,false,0.0
PAIR00495:VARIANT,PAIR00495,GW230927_153832,VARIANT,27,29,input,NAMED,kerr-modes,kerr-modes,kerrmodes,=,22,26acb063da48cd3d13b325c6fcf635766d64ae0318ecb9d7b68d86e24b01ef1a,true,KERR_MODES,true,false,"[(2,2,2,0), (2,2,1,0)]"
PAIR00495:VARIANT,PAIR00495,GW230927_153832,VARIANT,28,30,input,NAMED,spheroidal,spheroidal,spheroidal,=,1,5feceb66ffc86f38d952786c6d696c79c2dbc239dd4e91b46729d73a27fb57e9,false,,false,false,
PAIR00495:VARIANT,PAIR00495,GW230927_153832,VARIANT,29,31,input,NAMED,reference-amplitude,reference-amplitude,referenceamplitude,=,5,64a930966aa1b51c0cc3f0747e943493b4dd46e75f7aba72f837f9adfa7d8c3d,false,,false,false,
PAIR00495:VARIANT,PAIR00495,GW230927_153832,VARIANT,30,32,input,NAMED,psd-H1,psd-h1,psdh1,=,0,e3b0c44298fc1c149afbf4c8996fb92427ae41e4649b934ca495991b7852b855,false,,false,false,
PAIR00495:VARIANT,PAIR00495,GW230927_153832,VARIANT,31,33,input,NAMED,psd-L1,psd-l1,psdl1,=,0,e3b0c44298fc1c149afbf4c8996fb92427ae41e4649b934ca495991b7852b855,false,,false,false,
PAIR00495:VARIANT,PAIR00495,GW230927_153832,VARIANT,32,34,input,NAMED,psd-V1,psd-v1,psdv1,=,0,e3b0c44298fc1c149afbf4c8996fb92427ae41e4649b934ca495991b7852b855,false,,false,false,
PAIR00495:VARIANT,PAIR00495,GW230927_153832,VARIANT,33,35,input,NAMED,injection-T,injection-t,injectiont,=,1,5feceb66ffc86f38d952786c6d696c79c2dbc239dd4e91b46729d73a27fb57e9,false,,false,false,
PAIR00495:VARIANT,PAIR00495,GW230927_153832,VARIANT,34,36,input,NAMED,injection-scaling,injection-scaling,injectionscaling,=,3,d0ff5974b6aa52cf562bea5921840c032a860a91a3512f7fe8f768f6bbe005f6,false,,false,false,
PAIR00495:VARIANT,PAIR00495,GW230927_153832,VARIANT,35,37,input,NAMED,gaussian-noise,gaussian-noise,gaussiannoise,=,0,e3b0c44298fc1c149afbf4c8996fb92427ae41e4649b934ca495991b7852b855,false,,false,false,
PAIR00495:VARIANT,PAIR00495,GW230927_153832,VARIANT,36,38,input,NAMED,injection-approximant,injection-approximant,injectionapproximant,=,0,e3b0c44298fc1c149afbf4c8996fb92427ae41e4649b934ca495991b7852b855,false,,false,false,
PAIR00495:VARIANT,PAIR00495,GW230927_153832,VARIANT,37,39,input,NAMED,zero-noise,zero-noise,zeronoise,=,1,5feceb66ffc86f38d952786c6d696c79c2dbc239dd4e91b46729d73a27fb57e9,false,,false,false,
PAIR00495:VARIANT,PAIR00495,GW230927_153832,VARIANT,38,40,input,NAMED,sky-frame,sky-frame,skyframe,=,10,5df6b59dfafca1111fa87f6072971ed8f4719d44cfe95bd6a7490e0e7010579d,false,,false,false,
PAIR00495:VARIANT,PAIR00495,GW230927_153832,VARIANT,39,41,input,NAMED,truncate,truncate,truncate,=,1,6b86b273ff34fce19d6b804eff5a3f5747ada4eaa22f1d49c01e52ddb7875b4b,false,,false,false,
PAIR00495:VARIANT,PAIR00495,GW230927_153832,VARIANT,40,42,input,NAMED,analysis-duration,analysis-duration,analysisduration,=,3,44896b09365746b5f7167ee4d64988a38f7f4628803cbf86224e74eeb7c69e9d,false,,false,false,
PAIR00495:VARIANT,PAIR00495,GW230927_153832,VARIANT,41,43,input,NAMED,run-tag,run-tag,runtag,=,5,750f7eda495bfdb2e6c52c5b7d767da4f33e2633683373a2f914e96c0a7407a8,false,,false,false,
PAIR00495:VARIANT,PAIR00495,GW230927_153832,VARIANT,42,47,Sampler settings,NAMED,nlive,nlive,nlive,=,4,8b926d75599a618e21f1341318e66517be26e18cc7496783d2b59758c1333be8,false,,false,false,
PAIR00495:VARIANT,PAIR00495,GW230927_153832,VARIANT,43,48,Sampler settings,NAMED,poolsize,poolsize,poolsize,=,3,ad57366865126e55649ecb23ae1d48887544976efea46a48eb5d85a6eeb4d306,false,,false,false,
PAIR00495:VARIANT,PAIR00495,GW230927_153832,VARIANT,44,49,Sampler settings,NAMED,maxmcmc,maxmcmc,maxmcmc,=,4,8b926d75599a618e21f1341318e66517be26e18cc7496783d2b59758c1333be8,false,,false,false,
PAIR00495:VARIANT,PAIR00495,GW230927_153832,VARIANT,45,50,Sampler settings,NAMED,nthreads,nthreads,nthreads,=,1,6b86b273ff34fce19d6b804eff5a3f5747ada4eaa22f1d49c01e52ddb7875b4b,false,,false,false,
PAIR00495:VARIANT,PAIR00495,GW230927_153832,VARIANT,46,51,Sampler settings,NAMED,verbose,verbose,verbose,=,1,d4735e3a265e16eee03f59718b9b5d03019c07d8b6c51f90da3a666eec13ab35,false,,false,false,
PAIR00495:VARIANT,PAIR00495,GW230927_153832,VARIANT,47,52,Sampler settings,NAMED,seed,seed,seed,=,4,7b346904f63cc07f1d8cc2d88d7dae08a3f088a0e4159d5214c27a6571a51eb4,false,,false,false,
PAIR00495:VARIANT,PAIR00495,GW230927_153832,VARIANT,48,56,Priors,NAMED,gr-time-prior,gr-time-prior,grtimeprior,=,1,6b86b273ff34fce19d6b804eff5a3f5747ada4eaa22f1d49c01e52ddb7875b4b,false,,false,false,
PAIR00495:VARIANT,PAIR00495,GW230927_153832,VARIANT,49,57,Priors,NAMED,mf-time-prior,mf-time-prior,mftimeprior,=,17,25fda5d5ca9696a98fd75288cad41ffbac519e1559fe0ef216ffca2d88917d33,false,,false,false,
PAIR00495:VARIANT,PAIR00495,GW230927_153832,VARIANT,50,58,Priors,NAMED,t-min,t-min,tmin,=,2,4a44dc15364204a80fe80e9039455cc1608281820fe2b24f1e5233ade6af1dd5,false,,false,false,
PAIR00495:VARIANT,PAIR00495,GW230927_153832,VARIANT,51,59,Priors,NAMED,t-max,t-max,tmax,=,2,39fa9ec190eee7b6f4dff1100d6343e10918d044c75eac8f9e9a2596173f80c9,false,,false,false,
PAIR00495:VARIANT,PAIR00495,GW230927_153832,VARIANT,52,60,Priors,NAMED,fix-t,fix-t,fixt,=,8,490c7d2f49521e552a533f890c96c9a5f26ad8fda60efac7bf0601709d1beb9a,false,,false,false,
PAIR00495:VARIANT,PAIR00495,GW230927_153832,VARIANT,53,61,Priors,NAMED,fix-ra,fix-ra,fixra,=,17,5c986e4e3cc9be726466bcd3b5c6197ee7a978cfb6208ca443df0d4b1d4b6d4e,false,,false,false,
PAIR00495:VARIANT,PAIR00495,GW230927_153832,VARIANT,54,62,Priors,NAMED,fix-dec,fix-dec,fixdec,=,19,722611973ab963c7e3d4c2758a7e7e44f1c6cf1b553b4c5dee1a54b4b2d69254,false,,false,false,
PAIR00495:VARIANT,PAIR00495,GW230927_153832,VARIANT,55,63,Priors,NAMED,fix-phi,fix-phi,fixphi,=,3,8aed642bf5118b9d3c859bd4be35ecac75b6e873cce34e7b6f554b06f75550d7,false,,false,false,
PAIR00540:BASE,PAIR00540,GW230928_215827,BASE,1,3,input,NAMED,run-type,run-type,runtype,=,4,a18b869b2e81c0c529552a3c4fa5c92ed08b98a4e146aed778d71d27517f83ac,false,,false,false,
PAIR00540:BASE,PAIR00540,GW230928_215827,BASE,2,4,input,NAMED,sampling-rate,sampling-rate,samplingrate,=,6,e75c3d41e5235b3b2911777152402ad9c9747a12e0021fab801d0fcc1580d076,false,,false,false,
PAIR00540:BASE,PAIR00540,GW230928_215827,BASE,3,5,input,NAMED,f-min-bp,f-min-bp,fminbp,=,4,585348dbd28810f9a34f57be46f000c5f9effab894d074713d93fe7ccfeb3b76,false,,false,false,
PAIR00540:BASE,PAIR00540,GW230928_215827,BASE,4,6,input,NAMED,f-max-bp,f-max-bp,fmaxbp,=,6,fddd30227ad776813b0af144db3610e985b228ba22f365f0132a4b270de7694a,false,,false,false,
PAIR00540:BASE,PAIR00540,GW230928_215827,BASE,5,7,input,NAMED,output,output,output,=,24,5b2355648694a4527af201b5c1f2cd274e0a3a2fdfb0ad962b6a73a04a0b283b,false,,false,false,
PAIR00540:BASE,PAIR00540,GW230928_215827,BASE,6,8,input,NAMED,download-data,download-data,downloaddata,=,1,6b86b273ff34fce19d6b804eff5a3f5747ada4eaa22f1d49c01e52ddb7875b4b,false,,false,false,
PAIR00540:BASE,PAIR00540,GW230928_215827,BASE,7,9,input,NAMED,datalen-download,datalen-download,datalendownload,=,4,f81b732a59389bd6838affaf36f9a3b6d9fe736b4e99f146571a5b1b935283e9,false,,false,false,
PAIR00540:BASE,PAIR00540,GW230928_215827,BASE,8,10,input,NAMED,channel-H1,channel-h1,channelh1,=,28,19a08d2e9b9f86ab015dfa721d16ffb749bff3c1b6cc9bc57e498d8021581df9,false,,false,false,
PAIR00540:BASE,PAIR00540,GW230928_215827,BASE,9,11,input,NAMED,channel-L1,channel-l1,channell1,=,28,fcede5f51dc717380e3072435c419d9ca94c127e7d1737dc870bc534d794b981,false,,false,false,
PAIR00540:BASE,PAIR00540,GW230928_215827,BASE,10,12,input,NAMED,channel-V1,channel-v1,channelv1,=,0,e3b0c44298fc1c149afbf4c8996fb92427ae41e4649b934ca495991b7852b855,false,,false,false,
PAIR00540:BASE,PAIR00540,GW230928_215827,BASE,11,13,input,NAMED,data-H1,data-h1,datah1,=,0,e3b0c44298fc1c149afbf4c8996fb92427ae41e4649b934ca495991b7852b855,false,,false,false,
PAIR00540:BASE,PAIR00540,GW230928_215827,BASE,12,14,input,NAMED,data-L1,data-l1,datal1,=,0,e3b0c44298fc1c149afbf4c8996fb92427ae41e4649b934ca495991b7852b855,false,,false,false,
PAIR00540:BASE,PAIR00540,GW230928_215827,BASE,13,15,input,NAMED,data-V1,data-v1,datav1,=,0,e3b0c44298fc1c149afbf4c8996fb92427ae41e4649b934ca495991b7852b855,false,,false,false,
PAIR00540:BASE,PAIR00540,GW230928_215827,BASE,14,16,input,NAMED,ignore-data-filename,ignore-data-filename,ignoredatafilename,=,1,5feceb66ffc86f38d952786c6d696c79c2dbc239dd4e91b46729d73a27fb57e9,false,,false,false,
PAIR00540:BASE,PAIR00540,GW230928_215827,BASE,15,17,input,NAMED,gw-data-find,gw-data-find,gwdatafind,=,1,5feceb66ffc86f38d952786c6d696c79c2dbc239dd4e91b46729d73a27fb57e9,false,,false,false,
PAIR00540:BASE,PAIR00540,GW230928_215827,BASE,16,18,input,NAMED,gw-data-type-H1,gw-data-type-h1,gwdatatypeh1,=,0,e3b0c44298fc1c149afbf4c8996fb92427ae41e4649b934ca495991b7852b855,false,,false,false,
PAIR00540:BASE,PAIR00540,GW230928_215827,BASE,17,19,input,NAMED,gw-data-type-L1,gw-data-type-l1,gwdatatypel1,=,0,e3b0c44298fc1c149afbf4c8996fb92427ae41e4649b934ca495991b7852b855,false,,false,false,
PAIR00540:BASE,PAIR00540,GW230928_215827,BASE,18,20,input,NAMED,gw-data-type-V1,gw-data-type-v1,gwdatatypev1,=,0,e3b0c44298fc1c149afbf4c8996fb92427ae41e4649b934ca495991b7852b855,false,,false,false,
PAIR00540:BASE,PAIR00540,GW230928_215827,BASE,19,21,input,NAMED,ref-det,ref-det,refdet,=,2,8bf797aa02bd65b7cbd52155f6e010be77bb3d461320dac4c74c12d749d81066,false,,false,false,
PAIR00540:BASE,PAIR00540,GW230928_215827,BASE,20,22,input,NAMED,trigtime,trigtime,trigtime,=,18,3b7f9d7a55e048cceece3a3a9d5f1512132db29759a98893c7cd2819c37dffe4,false,,false,false,
PAIR00540:BASE,PAIR00540,GW230928_215827,BASE,21,23,input,NAMED,detectors,detectors,detectors,=,5,3b0244de8d58e5217d2f9d33788bf9ff487c7cf82068b932f86e382eefc8bcfe,false,,false,false,
PAIR00540:BASE,PAIR00540,GW230928_215827,BASE,22,24,input,NAMED,window-onsource,window-onsource,windowonsource,=,1,5feceb66ffc86f38d952786c6d696c79c2dbc239dd4e91b46729d73a27fb57e9,false,,false,false,
PAIR00540:BASE,PAIR00540,GW230928_215827,BASE,23,25,input,NAMED,noise-chunksize,noise-chunksize,noisechunksize,=,3,fbd04e1aae9ce0b11a8946e2c9ac2619f7428a64d32d01eff61d809dcb70ee8e,false,,false,false,
PAIR00540:BASE,PAIR00540,GW230928_215827,BASE,24,26,input,NAMED,signal-chunksize,signal-chunksize,signalchunksize,=,3,fbd04e1aae9ce0b11a8946e2c9ac2619f7428a64d32d01eff61d809dcb70ee8e,false,,false,false,
PAIR00540:BASE,PAIR00540,GW230928_215827,BASE,25,27,input,NAMED,amp-non-prec-sym,amp-non-prec-sym,ampnonprecsym,=,1,6b86b273ff34fce19d6b804eff5a3f5747ada4eaa22f1d49c01e52ddb7875b4b,false,,false,false,
PAIR00540:BASE,PAIR00540,GW230928_215827,BASE,26,28,input,NAMED,max-Kerr-amp-ratio,max-kerr-amp-ratio,maxkerrampratio,=,3,8aed642bf5118b9d3c859bd4be35ecac75b6e873cce34e7b6f554b06f75550d7,true,TARGET_LIKE_CANDIDATE,true,false,0.0
PAIR00540:BASE,PAIR00540,GW230928_215827,BASE,27,29,input,NAMED,kerr-modes,kerr-modes,kerrmodes,=,11,918b8617dd99e65be623b6a29009ed5cc07e2badeba955417690d4002c8f430b,true,KERR_MODES,true,false,"[(2,2,2,0)]"
PAIR00540:BASE,PAIR00540,GW230928_215827,BASE,28,30,input,NAMED,spheroidal,spheroidal,spheroidal,=,1,5feceb66ffc86f38d952786c6d696c79c2dbc239dd4e91b46729d73a27fb57e9,false,,false,false,
PAIR00540:BASE,PAIR00540,GW230928_215827,BASE,29,31,input,NAMED,reference-amplitude,reference-amplitude,referenceamplitude,=,5,64a930966aa1b51c0cc3f0747e943493b4dd46e75f7aba72f837f9adfa7d8c3d,false,,false,false,
PAIR00540:BASE,PAIR00540,GW230928_215827,BASE,30,32,input,NAMED,psd-H1,psd-h1,psdh1,=,0,e3b0c44298fc1c149afbf4c8996fb92427ae41e4649b934ca495991b7852b855,false,,false,false,
PAIR00540:BASE,PAIR00540,GW230928_215827,BASE,31,33,input,NAMED,psd-L1,psd-l1,psdl1,=,0,e3b0c44298fc1c149afbf4c8996fb92427ae41e4649b934ca495991b7852b855,false,,false,false,
PAIR00540:BASE,PAIR00540,GW230928_215827,BASE,32,34,input,NAMED,psd-V1,psd-v1,psdv1,=,0,e3b0c44298fc1c149afbf4c8996fb92427ae41e4649b934ca495991b7852b855,false,,false,false,
PAIR00540:BASE,PAIR00540,GW230928_215827,BASE,33,35,input,NAMED,injection-T,injection-t,injectiont,=,1,5feceb66ffc86f38d952786c6d696c79c2dbc239dd4e91b46729d73a27fb57e9,false,,false,false,
PAIR00540:BASE,PAIR00540,GW230928_215827,BASE,34,36,input,NAMED,injection-scaling,injection-scaling,injectionscaling,=,3,d0ff5974b6aa52cf562bea5921840c032a860a91a3512f7fe8f768f6bbe005f6,false,,false,false,
PAIR00540:BASE,PAIR00540,GW230928_215827,BASE,35,37,input,NAMED,gaussian-noise,gaussian-noise,gaussiannoise,=,0,e3b0c44298fc1c149afbf4c8996fb92427ae41e4649b934ca495991b7852b855,false,,false,false,
PAIR00540:BASE,PAIR00540,GW230928_215827,BASE,36,38,input,NAMED,injection-approximant,injection-approximant,injectionapproximant,=,0,e3b0c44298fc1c149afbf4c8996fb92427ae41e4649b934ca495991b7852b855,false,,false,false,
PAIR00540:BASE,PAIR00540,GW230928_215827,BASE,37,39,input,NAMED,zero-noise,zero-noise,zeronoise,=,1,5feceb66ffc86f38d952786c6d696c79c2dbc239dd4e91b46729d73a27fb57e9,false,,false,false,
PAIR00540:BASE,PAIR00540,GW230928_215827,BASE,38,40,input,NAMED,sky-frame,sky-frame,skyframe,=,10,5df6b59dfafca1111fa87f6072971ed8f4719d44cfe95bd6a7490e0e7010579d,false,,false,false,
PAIR00540:BASE,PAIR00540,GW230928_215827,BASE,39,41,input,NAMED,truncate,truncate,truncate,=,1,6b86b273ff34fce19d6b804eff5a3f5747ada4eaa22f1d49c01e52ddb7875b4b,false,,false,false,
PAIR00540:BASE,PAIR00540,GW230928_215827,BASE,40,42,input,NAMED,analysis-duration,analysis-duration,analysisduration,=,3,44896b09365746b5f7167ee4d64988a38f7f4628803cbf86224e74eeb7c69e9d,false,,false,false,
PAIR00540:BASE,PAIR00540,GW230928_215827,BASE,41,43,input,NAMED,run-tag,run-tag,runtag,=,6,b80f6b485bcb2eb62c8837dc0584594ad24fdae1debd0342debf7e038d14c866,false,,false,false,
PAIR00540:BASE,PAIR00540,GW230928_215827,BASE,42,47,Sampler settings,NAMED,nlive,nlive,nlive,=,4,8b926d75599a618e21f1341318e66517be26e18cc7496783d2b59758c1333be8,false,,false,false,
PAIR00540:BASE,PAIR00540,GW230928_215827,BASE,43,48,Sampler settings,NAMED,poolsize,poolsize,poolsize,=,3,ad57366865126e55649ecb23ae1d48887544976efea46a48eb5d85a6eeb4d306,false,,false,false,
PAIR00540:BASE,PAIR00540,GW230928_215827,BASE,44,49,Sampler settings,NAMED,maxmcmc,maxmcmc,maxmcmc,=,4,8b926d75599a618e21f1341318e66517be26e18cc7496783d2b59758c1333be8,false,,false,false,
PAIR00540:BASE,PAIR00540,GW230928_215827,BASE,45,50,Sampler settings,NAMED,nthreads,nthreads,nthreads,=,1,6b86b273ff34fce19d6b804eff5a3f5747ada4eaa22f1d49c01e52ddb7875b4b,false,,false,false,
PAIR00540:BASE,PAIR00540,GW230928_215827,BASE,46,51,Sampler settings,NAMED,verbose,verbose,verbose,=,1,d4735e3a265e16eee03f59718b9b5d03019c07d8b6c51f90da3a666eec13ab35,false,,false,false,
PAIR00540:BASE,PAIR00540,GW230928_215827,BASE,47,52,Sampler settings,NAMED,seed,seed,seed,=,4,7b346904f63cc07f1d8cc2d88d7dae08a3f088a0e4159d5214c27a6571a51eb4,false,,false,false,
PAIR00540:BASE,PAIR00540,GW230928_215827,BASE,48,56,Priors,NAMED,gr-time-prior,gr-time-prior,grtimeprior,=,1,6b86b273ff34fce19d6b804eff5a3f5747ada4eaa22f1d49c01e52ddb7875b4b,false,,false,false,
PAIR00540:BASE,PAIR00540,GW230928_215827,BASE,49,57,Priors,NAMED,mf-time-prior,mf-time-prior,mftimeprior,=,18,1e6f8f852487cd9a17974498a0ff6c9bd919c72f64a3692e2fc7c4cd2d0d7da5,false,,false,false,
PAIR00540:BASE,PAIR00540,GW230928_215827,BASE,50,58,Priors,NAMED,t-min,t-min,tmin,=,2,4a44dc15364204a80fe80e9039455cc1608281820fe2b24f1e5233ade6af1dd5,false,,false,false,
PAIR00540:BASE,PAIR00540,GW230928_215827,BASE,51,59,Priors,NAMED,t-max,t-max,tmax,=,2,39fa9ec190eee7b6f4dff1100d6343e10918d044c75eac8f9e9a2596173f80c9,false,,false,false,
PAIR00540:BASE,PAIR00540,GW230928_215827,BASE,52,60,Priors,NAMED,fix-t,fix-t,fixt,=,8,fca63e4d11352549b38de01f52cdf3ab4a876e5c9263180093f2ed0188d77c54,false,,false,false,
PAIR00540:BASE,PAIR00540,GW230928_215827,BASE,53,61,Priors,NAMED,fix-ra,fix-ra,fixra,=,18,3c9f884b3a4d6ce380890f46389e5b65f65e88848029f9230ccd5f81703c2216,false,,false,false,
PAIR00540:BASE,PAIR00540,GW230928_215827,BASE,54,62,Priors,NAMED,fix-dec,fix-dec,fixdec,=,19,63a00efef92b91d57cf94c033066a5f2c92d6b3c61fd4adadf4a068e649e0986,false,,false,false,
PAIR00540:BASE,PAIR00540,GW230928_215827,BASE,55,63,Priors,NAMED,fix-phi,fix-phi,fixphi,=,3,8aed642bf5118b9d3c859bd4be35ecac75b6e873cce34e7b6f554b06f75550d7,false,,false,false,
PAIR00540:VARIANT,PAIR00540,GW230928_215827,VARIANT,1,3,input,NAMED,run-type,run-type,runtype,=,4,a18b869b2e81c0c529552a3c4fa5c92ed08b98a4e146aed778d71d27517f83ac,false,,false,false,
PAIR00540:VARIANT,PAIR00540,GW230928_215827,VARIANT,2,4,input,NAMED,sampling-rate,sampling-rate,samplingrate,=,6,e75c3d41e5235b3b2911777152402ad9c9747a12e0021fab801d0fcc1580d076,false,,false,false,
PAIR00540:VARIANT,PAIR00540,GW230928_215827,VARIANT,3,5,input,NAMED,f-min-bp,f-min-bp,fminbp,=,4,585348dbd28810f9a34f57be46f000c5f9effab894d074713d93fe7ccfeb3b76,false,,false,false,
PAIR00540:VARIANT,PAIR00540,GW230928_215827,VARIANT,4,6,input,NAMED,f-max-bp,f-max-bp,fmaxbp,=,6,fddd30227ad776813b0af144db3610e985b228ba22f365f0132a4b270de7694a,false,,false,false,
PAIR00540:VARIANT,PAIR00540,GW230928_215827,VARIANT,5,7,input,NAMED,output,output,output,=,24,5b2355648694a4527af201b5c1f2cd274e0a3a2fdfb0ad962b6a73a04a0b283b,false,,false,false,
PAIR00540:VARIANT,PAIR00540,GW230928_215827,VARIANT,6,8,input,NAMED,download-data,download-data,downloaddata,=,1,6b86b273ff34fce19d6b804eff5a3f5747ada4eaa22f1d49c01e52ddb7875b4b,false,,false,false,
PAIR00540:VARIANT,PAIR00540,GW230928_215827,VARIANT,7,9,input,NAMED,datalen-download,datalen-download,datalendownload,=,4,f81b732a59389bd6838affaf36f9a3b6d9fe736b4e99f146571a5b1b935283e9,false,,false,false,
PAIR00540:VARIANT,PAIR00540,GW230928_215827,VARIANT,8,10,input,NAMED,channel-H1,channel-h1,channelh1,=,28,19a08d2e9b9f86ab015dfa721d16ffb749bff3c1b6cc9bc57e498d8021581df9,false,,false,false,
PAIR00540:VARIANT,PAIR00540,GW230928_215827,VARIANT,9,11,input,NAMED,channel-L1,channel-l1,channell1,=,28,fcede5f51dc717380e3072435c419d9ca94c127e7d1737dc870bc534d794b981,false,,false,false,
PAIR00540:VARIANT,PAIR00540,GW230928_215827,VARIANT,10,12,input,NAMED,channel-V1,channel-v1,channelv1,=,0,e3b0c44298fc1c149afbf4c8996fb92427ae41e4649b934ca495991b7852b855,false,,false,false,
PAIR00540:VARIANT,PAIR00540,GW230928_215827,VARIANT,11,13,input,NAMED,data-H1,data-h1,datah1,=,0,e3b0c44298fc1c149afbf4c8996fb92427ae41e4649b934ca495991b7852b855,false,,false,false,
PAIR00540:VARIANT,PAIR00540,GW230928_215827,VARIANT,12,14,input,NAMED,data-L1,data-l1,datal1,=,0,e3b0c44298fc1c149afbf4c8996fb92427ae41e4649b934ca495991b7852b855,false,,false,false,
PAIR00540:VARIANT,PAIR00540,GW230928_215827,VARIANT,13,15,input,NAMED,data-V1,data-v1,datav1,=,0,e3b0c44298fc1c149afbf4c8996fb92427ae41e4649b934ca495991b7852b855,false,,false,false,
PAIR00540:VARIANT,PAIR00540,GW230928_215827,VARIANT,14,16,input,NAMED,ignore-data-filename,ignore-data-filename,ignoredatafilename,=,1,5feceb66ffc86f38d952786c6d696c79c2dbc239dd4e91b46729d73a27fb57e9,false,,false,false,
PAIR00540:VARIANT,PAIR00540,GW230928_215827,VARIANT,15,17,input,NAMED,gw-data-find,gw-data-find,gwdatafind,=,1,5feceb66ffc86f38d952786c6d696c79c2dbc239dd4e91b46729d73a27fb57e9,false,,false,false,
PAIR00540:VARIANT,PAIR00540,GW230928_215827,VARIANT,16,18,input,NAMED,gw-data-type-H1,gw-data-type-h1,gwdatatypeh1,=,0,e3b0c44298fc1c149afbf4c8996fb92427ae41e4649b934ca495991b7852b855,false,,false,false,
PAIR00540:VARIANT,PAIR00540,GW230928_215827,VARIANT,17,19,input,NAMED,gw-data-type-L1,gw-data-type-l1,gwdatatypel1,=,0,e3b0c44298fc1c149afbf4c8996fb92427ae41e4649b934ca495991b7852b855,false,,false,false,
PAIR00540:VARIANT,PAIR00540,GW230928_215827,VARIANT,18,20,input,NAMED,gw-data-type-V1,gw-data-type-v1,gwdatatypev1,=,0,e3b0c44298fc1c149afbf4c8996fb92427ae41e4649b934ca495991b7852b855,false,,false,false,
PAIR00540:VARIANT,PAIR00540,GW230928_215827,VARIANT,19,21,input,NAMED,ref-det,ref-det,refdet,=,2,8bf797aa02bd65b7cbd52155f6e010be77bb3d461320dac4c74c12d749d81066,false,,false,false,
PAIR00540:VARIANT,PAIR00540,GW230928_215827,VARIANT,20,22,input,NAMED,trigtime,trigtime,trigtime,=,18,3b7f9d7a55e048cceece3a3a9d5f1512132db29759a98893c7cd2819c37dffe4,false,,false,false,
PAIR00540:VARIANT,PAIR00540,GW230928_215827,VARIANT,21,23,input,NAMED,detectors,detectors,detectors,=,5,3b0244de8d58e5217d2f9d33788bf9ff487c7cf82068b932f86e382eefc8bcfe,false,,false,false,
PAIR00540:VARIANT,PAIR00540,GW230928_215827,VARIANT,22,24,input,NAMED,window-onsource,window-onsource,windowonsource,=,1,5feceb66ffc86f38d952786c6d696c79c2dbc239dd4e91b46729d73a27fb57e9,false,,false,false,
PAIR00540:VARIANT,PAIR00540,GW230928_215827,VARIANT,23,25,input,NAMED,noise-chunksize,noise-chunksize,noisechunksize,=,3,fbd04e1aae9ce0b11a8946e2c9ac2619f7428a64d32d01eff61d809dcb70ee8e,false,,false,false,
PAIR00540:VARIANT,PAIR00540,GW230928_215827,VARIANT,24,26,input,NAMED,signal-chunksize,signal-chunksize,signalchunksize,=,3,fbd04e1aae9ce0b11a8946e2c9ac2619f7428a64d32d01eff61d809dcb70ee8e,false,,false,false,
PAIR00540:VARIANT,PAIR00540,GW230928_215827,VARIANT,25,27,input,NAMED,amp-non-prec-sym,amp-non-prec-sym,ampnonprecsym,=,1,6b86b273ff34fce19d6b804eff5a3f5747ada4eaa22f1d49c01e52ddb7875b4b,false,,false,false,
PAIR00540:VARIANT,PAIR00540,GW230928_215827,VARIANT,26,28,input,NAMED,max-Kerr-amp-ratio,max-kerr-amp-ratio,maxkerrampratio,=,3,8aed642bf5118b9d3c859bd4be35ecac75b6e873cce34e7b6f554b06f75550d7,true,TARGET_LIKE_CANDIDATE,true,false,0.0
PAIR00540:VARIANT,PAIR00540,GW230928_215827,VARIANT,27,29,input,NAMED,kerr-modes,kerr-modes,kerrmodes,=,22,8075378dd5a2edf48eebd53e80d9db914f017e62321215bc792b03c8bc4b9705,true,KERR_MODES,true,false,"[(2,2,2,0), (2,3,2,0)]"
PAIR00540:VARIANT,PAIR00540,GW230928_215827,VARIANT,28,30,input,NAMED,spheroidal,spheroidal,spheroidal,=,1,5feceb66ffc86f38d952786c6d696c79c2dbc239dd4e91b46729d73a27fb57e9,false,,false,false,
PAIR00540:VARIANT,PAIR00540,GW230928_215827,VARIANT,29,31,input,NAMED,reference-amplitude,reference-amplitude,referenceamplitude,=,5,64a930966aa1b51c0cc3f0747e943493b4dd46e75f7aba72f837f9adfa7d8c3d,false,,false,false,
PAIR00540:VARIANT,PAIR00540,GW230928_215827,VARIANT,30,32,input,NAMED,psd-H1,psd-h1,psdh1,=,0,e3b0c44298fc1c149afbf4c8996fb92427ae41e4649b934ca495991b7852b855,false,,false,false,
PAIR00540:VARIANT,PAIR00540,GW230928_215827,VARIANT,31,33,input,NAMED,psd-L1,psd-l1,psdl1,=,0,e3b0c44298fc1c149afbf4c8996fb92427ae41e4649b934ca495991b7852b855,false,,false,false,
PAIR00540:VARIANT,PAIR00540,GW230928_215827,VARIANT,32,34,input,NAMED,psd-V1,psd-v1,psdv1,=,0,e3b0c44298fc1c149afbf4c8996fb92427ae41e4649b934ca495991b7852b855,false,,false,false,
PAIR00540:VARIANT,PAIR00540,GW230928_215827,VARIANT,33,35,input,NAMED,injection-T,injection-t,injectiont,=,1,5feceb66ffc86f38d952786c6d696c79c2dbc239dd4e91b46729d73a27fb57e9,false,,false,false,
PAIR00540:VARIANT,PAIR00540,GW230928_215827,VARIANT,34,36,input,NAMED,injection-scaling,injection-scaling,injectionscaling,=,3,d0ff5974b6aa52cf562bea5921840c032a860a91a3512f7fe8f768f6bbe005f6,false,,false,false,
PAIR00540:VARIANT,PAIR00540,GW230928_215827,VARIANT,35,37,input,NAMED,gaussian-noise,gaussian-noise,gaussiannoise,=,0,e3b0c44298fc1c149afbf4c8996fb92427ae41e4649b934ca495991b7852b855,false,,false,false,
PAIR00540:VARIANT,PAIR00540,GW230928_215827,VARIANT,36,38,input,NAMED,injection-approximant,injection-approximant,injectionapproximant,=,0,e3b0c44298fc1c149afbf4c8996fb92427ae41e4649b934ca495991b7852b855,false,,false,false,
PAIR00540:VARIANT,PAIR00540,GW230928_215827,VARIANT,37,39,input,NAMED,zero-noise,zero-noise,zeronoise,=,1,5feceb66ffc86f38d952786c6d696c79c2dbc239dd4e91b46729d73a27fb57e9,false,,false,false,
PAIR00540:VARIANT,PAIR00540,GW230928_215827,VARIANT,38,40,input,NAMED,sky-frame,sky-frame,skyframe,=,10,5df6b59dfafca1111fa87f6072971ed8f4719d44cfe95bd6a7490e0e7010579d,false,,false,false,
PAIR00540:VARIANT,PAIR00540,GW230928_215827,VARIANT,39,41,input,NAMED,truncate,truncate,truncate,=,1,6b86b273ff34fce19d6b804eff5a3f5747ada4eaa22f1d49c01e52ddb7875b4b,false,,false,false,
PAIR00540:VARIANT,PAIR00540,GW230928_215827,VARIANT,40,42,input,NAMED,analysis-duration,analysis-duration,analysisduration,=,3,44896b09365746b5f7167ee4d64988a38f7f4628803cbf86224e74eeb7c69e9d,false,,false,false,
PAIR00540:VARIANT,PAIR00540,GW230928_215827,VARIANT,41,43,input,NAMED,run-tag,run-tag,runtag,=,6,b80f6b485bcb2eb62c8837dc0584594ad24fdae1debd0342debf7e038d14c866,false,,false,false,
PAIR00540:VARIANT,PAIR00540,GW230928_215827,VARIANT,42,47,Sampler settings,NAMED,nlive,nlive,nlive,=,4,8b926d75599a618e21f1341318e66517be26e18cc7496783d2b59758c1333be8,false,,false,false,
PAIR00540:VARIANT,PAIR00540,GW230928_215827,VARIANT,43,48,Sampler settings,NAMED,poolsize,poolsize,poolsize,=,3,ad57366865126e55649ecb23ae1d48887544976efea46a48eb5d85a6eeb4d306,false,,false,false,
PAIR00540:VARIANT,PAIR00540,GW230928_215827,VARIANT,44,49,Sampler settings,NAMED,maxmcmc,maxmcmc,maxmcmc,=,4,8b926d75599a618e21f1341318e66517be26e18cc7496783d2b59758c1333be8,false,,false,false,
PAIR00540:VARIANT,PAIR00540,GW230928_215827,VARIANT,45,50,Sampler settings,NAMED,nthreads,nthreads,nthreads,=,1,6b86b273ff34fce19d6b804eff5a3f5747ada4eaa22f1d49c01e52ddb7875b4b,false,,false,false,
PAIR00540:VARIANT,PAIR00540,GW230928_215827,VARIANT,46,51,Sampler settings,NAMED,verbose,verbose,verbose,=,1,d4735e3a265e16eee03f59718b9b5d03019c07d8b6c51f90da3a666eec13ab35,false,,false,false,
PAIR00540:VARIANT,PAIR00540,GW230928_215827,VARIANT,47,52,Sampler settings,NAMED,seed,seed,seed,=,4,7b346904f63cc07f1d8cc2d88d7dae08a3f088a0e4159d5214c27a6571a51eb4,false,,false,false,
PAIR00540:VARIANT,PAIR00540,GW230928_215827,VARIANT,48,56,Priors,NAMED,gr-time-prior,gr-time-prior,grtimeprior,=,1,6b86b273ff34fce19d6b804eff5a3f5747ada4eaa22f1d49c01e52ddb7875b4b,false,,false,false,
PAIR00540:VARIANT,PAIR00540,GW230928_215827,VARIANT,49,57,Priors,NAMED,mf-time-prior,mf-time-prior,mftimeprior,=,18,1e6f8f852487cd9a17974498a0ff6c9bd919c72f64a3692e2fc7c4cd2d0d7da5,false,,false,false,
PAIR00540:VARIANT,PAIR00540,GW230928_215827,VARIANT,50,58,Priors,NAMED,t-min,t-min,tmin,=,2,4a44dc15364204a80fe80e9039455cc1608281820fe2b24f1e5233ade6af1dd5,false,,false,false,
PAIR00540:VARIANT,PAIR00540,GW230928_215827,VARIANT,51,59,Priors,NAMED,t-max,t-max,tmax,=,2,39fa9ec190eee7b6f4dff1100d6343e10918d044c75eac8f9e9a2596173f80c9,false,,false,false,
PAIR00540:VARIANT,PAIR00540,GW230928_215827,VARIANT,52,60,Priors,NAMED,fix-t,fix-t,fixt,=,8,fca63e4d11352549b38de01f52cdf3ab4a876e5c9263180093f2ed0188d77c54,false,,false,false,
PAIR00540:VARIANT,PAIR00540,GW230928_215827,VARIANT,53,61,Priors,NAMED,fix-ra,fix-ra,fixra,=,18,3c9f884b3a4d6ce380890f46389e5b65f65e88848029f9230ccd5f81703c2216,false,,false,false,
PAIR00540:VARIANT,PAIR00540,GW230928_215827,VARIANT,54,62,Priors,NAMED,fix-dec,fix-dec,fixdec,=,19,63a00efef92b91d57cf94c033066a5f2c92d6b3c61fd4adadf4a068e649e0986,false,,false,false,
PAIR00540:VARIANT,PAIR00540,GW230928_215827,VARIANT,55,63,Priors,NAMED,fix-phi,fix-phi,fixphi,=,3,8aed642bf5118b9d3c859bd4be35ecac75b6e873cce34e7b6f554b06f75550d7,false,,false,false,
PAIR00583:BASE,PAIR00583,GW231001_140220,BASE,1,3,input,NAMED,run-type,run-type,runtype,=,4,a18b869b2e81c0c529552a3c4fa5c92ed08b98a4e146aed778d71d27517f83ac,false,,false,false,
PAIR00583:BASE,PAIR00583,GW231001_140220,BASE,2,4,input,NAMED,sampling-rate,sampling-rate,samplingrate,=,6,e75c3d41e5235b3b2911777152402ad9c9747a12e0021fab801d0fcc1580d076,false,,false,false,
PAIR00583:BASE,PAIR00583,GW231001_140220,BASE,3,5,input,NAMED,f-min-bp,f-min-bp,fminbp,=,4,e15274dcfe2d0cb541e8aa23fef7aaaa116bfcbc937d35ffda9d4506c8d7e785,false,,false,false,
PAIR00583:BASE,PAIR00583,GW231001_140220,BASE,4,6,input,NAMED,f-max-bp,f-max-bp,fmaxbp,=,6,fddd30227ad776813b0af144db3610e985b228ba22f365f0132a4b270de7694a,false,,false,false,
PAIR00583:BASE,PAIR00583,GW231001_140220,BASE,5,7,input,NAMED,output,output,output,=,24,5b2355648694a4527af201b5c1f2cd274e0a3a2fdfb0ad962b6a73a04a0b283b,false,,false,false,
PAIR00583:BASE,PAIR00583,GW231001_140220,BASE,6,8,input,NAMED,download-data,download-data,downloaddata,=,1,6b86b273ff34fce19d6b804eff5a3f5747ada4eaa22f1d49c01e52ddb7875b4b,false,,false,false,
PAIR00583:BASE,PAIR00583,GW231001_140220,BASE,7,9,input,NAMED,datalen-download,datalen-download,datalendownload,=,4,f81b732a59389bd6838affaf36f9a3b6d9fe736b4e99f146571a5b1b935283e9,false,,false,false,
PAIR00583:BASE,PAIR00583,GW231001_140220,BASE,8,10,input,NAMED,channel-H1,channel-h1,channelh1,=,28,19a08d2e9b9f86ab015dfa721d16ffb749bff3c1b6cc9bc57e498d8021581df9,false,,false,false,
PAIR00583:BASE,PAIR00583,GW231001_140220,BASE,9,11,input,NAMED,channel-L1,channel-l1,channell1,=,28,fcede5f51dc717380e3072435c419d9ca94c127e7d1737dc870bc534d794b981,false,,false,false,
PAIR00583:BASE,PAIR00583,GW231001_140220,BASE,10,12,input,NAMED,channel-V1,channel-v1,channelv1,=,0,e3b0c44298fc1c149afbf4c8996fb92427ae41e4649b934ca495991b7852b855,false,,false,false,
PAIR00583:BASE,PAIR00583,GW231001_140220,BASE,11,13,input,NAMED,data-H1,data-h1,datah1,=,0,e3b0c44298fc1c149afbf4c8996fb92427ae41e4649b934ca495991b7852b855,false,,false,false,
PAIR00583:BASE,PAIR00583,GW231001_140220,BASE,12,14,input,NAMED,data-L1,data-l1,datal1,=,0,e3b0c44298fc1c149afbf4c8996fb92427ae41e4649b934ca495991b7852b855,false,,false,false,
PAIR00583:BASE,PAIR00583,GW231001_140220,BASE,13,15,input,NAMED,data-V1,data-v1,datav1,=,0,e3b0c44298fc1c149afbf4c8996fb92427ae41e4649b934ca495991b7852b855,false,,false,false,
PAIR00583:BASE,PAIR00583,GW231001_140220,BASE,14,16,input,NAMED,ignore-data-filename,ignore-data-filename,ignoredatafilename,=,1,5feceb66ffc86f38d952786c6d696c79c2dbc239dd4e91b46729d73a27fb57e9,false,,false,false,
PAIR00583:BASE,PAIR00583,GW231001_140220,BASE,15,17,input,NAMED,gw-data-find,gw-data-find,gwdatafind,=,1,5feceb66ffc86f38d952786c6d696c79c2dbc239dd4e91b46729d73a27fb57e9,false,,false,false,
PAIR00583:BASE,PAIR00583,GW231001_140220,BASE,16,18,input,NAMED,gw-data-type-H1,gw-data-type-h1,gwdatatypeh1,=,0,e3b0c44298fc1c149afbf4c8996fb92427ae41e4649b934ca495991b7852b855,false,,false,false,
PAIR00583:BASE,PAIR00583,GW231001_140220,BASE,17,19,input,NAMED,gw-data-type-L1,gw-data-type-l1,gwdatatypel1,=,0,e3b0c44298fc1c149afbf4c8996fb92427ae41e4649b934ca495991b7852b855,false,,false,false,
PAIR00583:BASE,PAIR00583,GW231001_140220,BASE,18,20,input,NAMED,gw-data-type-V1,gw-data-type-v1,gwdatatypev1,=,0,e3b0c44298fc1c149afbf4c8996fb92427ae41e4649b934ca495991b7852b855,false,,false,false,
PAIR00583:BASE,PAIR00583,GW231001_140220,BASE,19,21,input,NAMED,ref-det,ref-det,refdet,=,2,8bf797aa02bd65b7cbd52155f6e010be77bb3d461320dac4c74c12d749d81066,false,,false,false,
PAIR00583:BASE,PAIR00583,GW231001_140220,BASE,20,22,input,NAMED,trigtime,trigtime,trigtime,=,18,28388b94b68ad652bac9826d7a29614a02ee72563fc2166b883fa1339db29124,false,,false,false,
PAIR00583:BASE,PAIR00583,GW231001_140220,BASE,21,23,input,NAMED,detectors,detectors,detectors,=,5,3b0244de8d58e5217d2f9d33788bf9ff487c7cf82068b932f86e382eefc8bcfe,false,,false,false,
PAIR00583:BASE,PAIR00583,GW231001_140220,BASE,22,24,input,NAMED,window-onsource,window-onsource,windowonsource,=,1,5feceb66ffc86f38d952786c6d696c79c2dbc239dd4e91b46729d73a27fb57e9,false,,false,false,
PAIR00583:BASE,PAIR00583,GW231001_140220,BASE,23,25,input,NAMED,noise-chunksize,noise-chunksize,noisechunksize,=,3,fbd04e1aae9ce0b11a8946e2c9ac2619f7428a64d32d01eff61d809dcb70ee8e,false,,false,false,
PAIR00583:BASE,PAIR00583,GW231001_140220,BASE,24,26,input,NAMED,signal-chunksize,signal-chunksize,signalchunksize,=,3,fbd04e1aae9ce0b11a8946e2c9ac2619f7428a64d32d01eff61d809dcb70ee8e,false,,false,false,
PAIR00583:BASE,PAIR00583,GW231001_140220,BASE,25,27,input,NAMED,amp-non-prec-sym,amp-non-prec-sym,ampnonprecsym,=,1,6b86b273ff34fce19d6b804eff5a3f5747ada4eaa22f1d49c01e52ddb7875b4b,false,,false,false,
PAIR00583:BASE,PAIR00583,GW231001_140220,BASE,26,28,input,NAMED,max-Kerr-amp-ratio,max-kerr-amp-ratio,maxkerrampratio,=,3,8aed642bf5118b9d3c859bd4be35ecac75b6e873cce34e7b6f554b06f75550d7,true,TARGET_LIKE_CANDIDATE,true,false,0.0
PAIR00583:BASE,PAIR00583,GW231001_140220,BASE,27,29,input,NAMED,kerr-modes,kerr-modes,kerrmodes,=,11,918b8617dd99e65be623b6a29009ed5cc07e2badeba955417690d4002c8f430b,true,KERR_MODES,true,false,"[(2,2,2,0)]"
PAIR00583:BASE,PAIR00583,GW231001_140220,BASE,28,30,input,NAMED,spheroidal,spheroidal,spheroidal,=,1,5feceb66ffc86f38d952786c6d696c79c2dbc239dd4e91b46729d73a27fb57e9,false,,false,false,
PAIR00583:BASE,PAIR00583,GW231001_140220,BASE,29,31,input,NAMED,reference-amplitude,reference-amplitude,referenceamplitude,=,5,64a930966aa1b51c0cc3f0747e943493b4dd46e75f7aba72f837f9adfa7d8c3d,false,,false,false,
PAIR00583:BASE,PAIR00583,GW231001_140220,BASE,30,32,input,NAMED,psd-H1,psd-h1,psdh1,=,0,e3b0c44298fc1c149afbf4c8996fb92427ae41e4649b934ca495991b7852b855,false,,false,false,
PAIR00583:BASE,PAIR00583,GW231001_140220,BASE,31,33,input,NAMED,psd-L1,psd-l1,psdl1,=,0,e3b0c44298fc1c149afbf4c8996fb92427ae41e4649b934ca495991b7852b855,false,,false,false,
PAIR00583:BASE,PAIR00583,GW231001_140220,BASE,32,34,input,NAMED,psd-V1,psd-v1,psdv1,=,0,e3b0c44298fc1c149afbf4c8996fb92427ae41e4649b934ca495991b7852b855,false,,false,false,
PAIR00583:BASE,PAIR00583,GW231001_140220,BASE,33,35,input,NAMED,injection-T,injection-t,injectiont,=,1,5feceb66ffc86f38d952786c6d696c79c2dbc239dd4e91b46729d73a27fb57e9,false,,false,false,
PAIR00583:BASE,PAIR00583,GW231001_140220,BASE,34,36,input,NAMED,injection-scaling,injection-scaling,injectionscaling,=,3,d0ff5974b6aa52cf562bea5921840c032a860a91a3512f7fe8f768f6bbe005f6,false,,false,false,
PAIR00583:BASE,PAIR00583,GW231001_140220,BASE,35,37,input,NAMED,gaussian-noise,gaussian-noise,gaussiannoise,=,0,e3b0c44298fc1c149afbf4c8996fb92427ae41e4649b934ca495991b7852b855,false,,false,false,
PAIR00583:BASE,PAIR00583,GW231001_140220,BASE,36,38,input,NAMED,injection-approximant,injection-approximant,injectionapproximant,=,0,e3b0c44298fc1c149afbf4c8996fb92427ae41e4649b934ca495991b7852b855,false,,false,false,
PAIR00583:BASE,PAIR00583,GW231001_140220,BASE,37,39,input,NAMED,zero-noise,zero-noise,zeronoise,=,1,5feceb66ffc86f38d952786c6d696c79c2dbc239dd4e91b46729d73a27fb57e9,false,,false,false,
PAIR00583:BASE,PAIR00583,GW231001_140220,BASE,38,40,input,NAMED,sky-frame,sky-frame,skyframe,=,10,5df6b59dfafca1111fa87f6072971ed8f4719d44cfe95bd6a7490e0e7010579d,false,,false,false,
PAIR00583:BASE,PAIR00583,GW231001_140220,BASE,39,41,input,NAMED,truncate,truncate,truncate,=,1,6b86b273ff34fce19d6b804eff5a3f5747ada4eaa22f1d49c01e52ddb7875b4b,false,,false,false,
PAIR00583:BASE,PAIR00583,GW231001_140220,BASE,40,42,input,NAMED,analysis-duration,analysis-duration,analysisduration,=,3,44896b09365746b5f7167ee4d64988a38f7f4628803cbf86224e74eeb7c69e9d,false,,false,false,
PAIR00583:BASE,PAIR00583,GW231001_140220,BASE,41,43,input,NAMED,run-tag,run-tag,runtag,=,6,b80f6b485bcb2eb62c8837dc0584594ad24fdae1debd0342debf7e038d14c866,false,,false,false,
PAIR00583:BASE,PAIR00583,GW231001_140220,BASE,42,47,Sampler settings,NAMED,nlive,nlive,nlive,=,4,8b926d75599a618e21f1341318e66517be26e18cc7496783d2b59758c1333be8,false,,false,false,
PAIR00583:BASE,PAIR00583,GW231001_140220,BASE,43,48,Sampler settings,NAMED,poolsize,poolsize,poolsize,=,3,ad57366865126e55649ecb23ae1d48887544976efea46a48eb5d85a6eeb4d306,false,,false,false,
PAIR00583:BASE,PAIR00583,GW231001_140220,BASE,44,49,Sampler settings,NAMED,maxmcmc,maxmcmc,maxmcmc,=,4,8b926d75599a618e21f1341318e66517be26e18cc7496783d2b59758c1333be8,false,,false,false,
PAIR00583:BASE,PAIR00583,GW231001_140220,BASE,45,50,Sampler settings,NAMED,nthreads,nthreads,nthreads,=,1,6b86b273ff34fce19d6b804eff5a3f5747ada4eaa22f1d49c01e52ddb7875b4b,false,,false,false,
PAIR00583:BASE,PAIR00583,GW231001_140220,BASE,46,51,Sampler settings,NAMED,verbose,verbose,verbose,=,1,d4735e3a265e16eee03f59718b9b5d03019c07d8b6c51f90da3a666eec13ab35,false,,false,false,
PAIR00583:BASE,PAIR00583,GW231001_140220,BASE,47,52,Sampler settings,NAMED,seed,seed,seed,=,4,7b346904f63cc07f1d8cc2d88d7dae08a3f088a0e4159d5214c27a6571a51eb4,false,,false,false,
PAIR00583:BASE,PAIR00583,GW231001_140220,BASE,48,56,Priors,NAMED,gr-time-prior,gr-time-prior,grtimeprior,=,1,6b86b273ff34fce19d6b804eff5a3f5747ada4eaa22f1d49c01e52ddb7875b4b,false,,false,false,
PAIR00583:BASE,PAIR00583,GW231001_140220,BASE,49,57,Priors,NAMED,mf-time-prior,mf-time-prior,mftimeprior,=,17,c8f50303d4746a299e4df80801d22adbe05ada63a4a835420ab7e643a362da15,false,,false,false,
PAIR00583:BASE,PAIR00583,GW231001_140220,BASE,50,58,Priors,NAMED,t-min,t-min,tmin,=,2,4a44dc15364204a80fe80e9039455cc1608281820fe2b24f1e5233ade6af1dd5,false,,false,false,
PAIR00583:BASE,PAIR00583,GW231001_140220,BASE,51,59,Priors,NAMED,t-max,t-max,tmax,=,2,39fa9ec190eee7b6f4dff1100d6343e10918d044c75eac8f9e9a2596173f80c9,false,,false,false,
PAIR00583:BASE,PAIR00583,GW231001_140220,BASE,52,60,Priors,NAMED,fix-t,fix-t,fixt,=,8,556fb0d4d8ca6ec09ace45966f6dcce4a787ae771ed89f2d34d1f68e21869717,false,,false,false,
PAIR00583:BASE,PAIR00583,GW231001_140220,BASE,53,61,Priors,NAMED,fix-ra,fix-ra,fixra,=,17,a3c0018742d2b6ad373cfe394a63ca0a099d6b2d2a48577d3083d767254dc70c,false,,false,false,
PAIR00583:BASE,PAIR00583,GW231001_140220,BASE,54,62,Priors,NAMED,fix-dec,fix-dec,fixdec,=,19,2e34cccb44e0eee0984b250db7362003a5b8e331be0774452709f62197472f0f,false,,false,false,
PAIR00583:BASE,PAIR00583,GW231001_140220,BASE,55,63,Priors,NAMED,fix-phi,fix-phi,fixphi,=,3,8aed642bf5118b9d3c859bd4be35ecac75b6e873cce34e7b6f554b06f75550d7,false,,false,false,
PAIR00583:VARIANT,PAIR00583,GW231001_140220,VARIANT,1,3,input,NAMED,run-type,run-type,runtype,=,4,a18b869b2e81c0c529552a3c4fa5c92ed08b98a4e146aed778d71d27517f83ac,false,,false,false,
PAIR00583:VARIANT,PAIR00583,GW231001_140220,VARIANT,2,4,input,NAMED,sampling-rate,sampling-rate,samplingrate,=,6,e75c3d41e5235b3b2911777152402ad9c9747a12e0021fab801d0fcc1580d076,false,,false,false,
PAIR00583:VARIANT,PAIR00583,GW231001_140220,VARIANT,3,5,input,NAMED,f-min-bp,f-min-bp,fminbp,=,4,e15274dcfe2d0cb541e8aa23fef7aaaa116bfcbc937d35ffda9d4506c8d7e785,false,,false,false,
PAIR00583:VARIANT,PAIR00583,GW231001_140220,VARIANT,4,6,input,NAMED,f-max-bp,f-max-bp,fmaxbp,=,6,fddd30227ad776813b0af144db3610e985b228ba22f365f0132a4b270de7694a,false,,false,false,
PAIR00583:VARIANT,PAIR00583,GW231001_140220,VARIANT,5,7,input,NAMED,output,output,output,=,24,5b2355648694a4527af201b5c1f2cd274e0a3a2fdfb0ad962b6a73a04a0b283b,false,,false,false,
PAIR00583:VARIANT,PAIR00583,GW231001_140220,VARIANT,6,8,input,NAMED,download-data,download-data,downloaddata,=,1,6b86b273ff34fce19d6b804eff5a3f5747ada4eaa22f1d49c01e52ddb7875b4b,false,,false,false,
PAIR00583:VARIANT,PAIR00583,GW231001_140220,VARIANT,7,9,input,NAMED,datalen-download,datalen-download,datalendownload,=,4,f81b732a59389bd6838affaf36f9a3b6d9fe736b4e99f146571a5b1b935283e9,false,,false,false,
PAIR00583:VARIANT,PAIR00583,GW231001_140220,VARIANT,8,10,input,NAMED,channel-H1,channel-h1,channelh1,=,28,19a08d2e9b9f86ab015dfa721d16ffb749bff3c1b6cc9bc57e498d8021581df9,false,,false,false,
PAIR00583:VARIANT,PAIR00583,GW231001_140220,VARIANT,9,11,input,NAMED,channel-L1,channel-l1,channell1,=,28,fcede5f51dc717380e3072435c419d9ca94c127e7d1737dc870bc534d794b981,false,,false,false,
PAIR00583:VARIANT,PAIR00583,GW231001_140220,VARIANT,10,12,input,NAMED,channel-V1,channel-v1,channelv1,=,0,e3b0c44298fc1c149afbf4c8996fb92427ae41e4649b934ca495991b7852b855,false,,false,false,
PAIR00583:VARIANT,PAIR00583,GW231001_140220,VARIANT,11,13,input,NAMED,data-H1,data-h1,datah1,=,0,e3b0c44298fc1c149afbf4c8996fb92427ae41e4649b934ca495991b7852b855,false,,false,false,
PAIR00583:VARIANT,PAIR00583,GW231001_140220,VARIANT,12,14,input,NAMED,data-L1,data-l1,datal1,=,0,e3b0c44298fc1c149afbf4c8996fb92427ae41e4649b934ca495991b7852b855,false,,false,false,
PAIR00583:VARIANT,PAIR00583,GW231001_140220,VARIANT,13,15,input,NAMED,data-V1,data-v1,datav1,=,0,e3b0c44298fc1c149afbf4c8996fb92427ae41e4649b934ca495991b7852b855,false,,false,false,
PAIR00583:VARIANT,PAIR00583,GW231001_140220,VARIANT,14,16,input,NAMED,ignore-data-filename,ignore-data-filename,ignoredatafilename,=,1,5feceb66ffc86f38d952786c6d696c79c2dbc239dd4e91b46729d73a27fb57e9,false,,false,false,
PAIR00583:VARIANT,PAIR00583,GW231001_140220,VARIANT,15,17,input,NAMED,gw-data-find,gw-data-find,gwdatafind,=,1,5feceb66ffc86f38d952786c6d696c79c2dbc239dd4e91b46729d73a27fb57e9,false,,false,false,
PAIR00583:VARIANT,PAIR00583,GW231001_140220,VARIANT,16,18,input,NAMED,gw-data-type-H1,gw-data-type-h1,gwdatatypeh1,=,0,e3b0c44298fc1c149afbf4c8996fb92427ae41e4649b934ca495991b7852b855,false,,false,false,
PAIR00583:VARIANT,PAIR00583,GW231001_140220,VARIANT,17,19,input,NAMED,gw-data-type-L1,gw-data-type-l1,gwdatatypel1,=,0,e3b0c44298fc1c149afbf4c8996fb92427ae41e4649b934ca495991b7852b855,false,,false,false,
PAIR00583:VARIANT,PAIR00583,GW231001_140220,VARIANT,18,20,input,NAMED,gw-data-type-V1,gw-data-type-v1,gwdatatypev1,=,0,e3b0c44298fc1c149afbf4c8996fb92427ae41e4649b934ca495991b7852b855,false,,false,false,
PAIR00583:VARIANT,PAIR00583,GW231001_140220,VARIANT,19,21,input,NAMED,ref-det,ref-det,refdet,=,2,8bf797aa02bd65b7cbd52155f6e010be77bb3d461320dac4c74c12d749d81066,false,,false,false,
PAIR00583:VARIANT,PAIR00583,GW231001_140220,VARIANT,20,22,input,NAMED,trigtime,trigtime,trigtime,=,18,28388b94b68ad652bac9826d7a29614a02ee72563fc2166b883fa1339db29124,false,,false,false,
PAIR00583:VARIANT,PAIR00583,GW231001_140220,VARIANT,21,23,input,NAMED,detectors,detectors,detectors,=,5,3b0244de8d58e5217d2f9d33788bf9ff487c7cf82068b932f86e382eefc8bcfe,false,,false,false,
PAIR00583:VARIANT,PAIR00583,GW231001_140220,VARIANT,22,24,input,NAMED,window-onsource,window-onsource,windowonsource,=,1,5feceb66ffc86f38d952786c6d696c79c2dbc239dd4e91b46729d73a27fb57e9,false,,false,false,
PAIR00583:VARIANT,PAIR00583,GW231001_140220,VARIANT,23,25,input,NAMED,noise-chunksize,noise-chunksize,noisechunksize,=,3,fbd04e1aae9ce0b11a8946e2c9ac2619f7428a64d32d01eff61d809dcb70ee8e,false,,false,false,
PAIR00583:VARIANT,PAIR00583,GW231001_140220,VARIANT,24,26,input,NAMED,signal-chunksize,signal-chunksize,signalchunksize,=,3,fbd04e1aae9ce0b11a8946e2c9ac2619f7428a64d32d01eff61d809dcb70ee8e,false,,false,false,
PAIR00583:VARIANT,PAIR00583,GW231001_140220,VARIANT,25,27,input,NAMED,amp-non-prec-sym,amp-non-prec-sym,ampnonprecsym,=,1,6b86b273ff34fce19d6b804eff5a3f5747ada4eaa22f1d49c01e52ddb7875b4b,false,,false,false,
PAIR00583:VARIANT,PAIR00583,GW231001_140220,VARIANT,26,28,input,NAMED,max-Kerr-amp-ratio,max-kerr-amp-ratio,maxkerrampratio,=,3,8aed642bf5118b9d3c859bd4be35ecac75b6e873cce34e7b6f554b06f75550d7,true,TARGET_LIKE_CANDIDATE,true,false,0.0
PAIR00583:VARIANT,PAIR00583,GW231001_140220,VARIANT,27,29,input,NAMED,kerr-modes,kerr-modes,kerrmodes,=,22,bc200f256cf28b74cec3f8e364af97fbd24eb4ea100fb87bf554622a407e809f,true,KERR_MODES,true,false,"[(2,2,2,0), (2,2,2,1)]"
PAIR00583:VARIANT,PAIR00583,GW231001_140220,VARIANT,28,30,input,NAMED,spheroidal,spheroidal,spheroidal,=,1,5feceb66ffc86f38d952786c6d696c79c2dbc239dd4e91b46729d73a27fb57e9,false,,false,false,
PAIR00583:VARIANT,PAIR00583,GW231001_140220,VARIANT,29,31,input,NAMED,reference-amplitude,reference-amplitude,referenceamplitude,=,5,64a930966aa1b51c0cc3f0747e943493b4dd46e75f7aba72f837f9adfa7d8c3d,false,,false,false,
PAIR00583:VARIANT,PAIR00583,GW231001_140220,VARIANT,30,32,input,NAMED,psd-H1,psd-h1,psdh1,=,0,e3b0c44298fc1c149afbf4c8996fb92427ae41e4649b934ca495991b7852b855,false,,false,false,
PAIR00583:VARIANT,PAIR00583,GW231001_140220,VARIANT,31,33,input,NAMED,psd-L1,psd-l1,psdl1,=,0,e3b0c44298fc1c149afbf4c8996fb92427ae41e4649b934ca495991b7852b855,false,,false,false,
PAIR00583:VARIANT,PAIR00583,GW231001_140220,VARIANT,32,34,input,NAMED,psd-V1,psd-v1,psdv1,=,0,e3b0c44298fc1c149afbf4c8996fb92427ae41e4649b934ca495991b7852b855,false,,false,false,
PAIR00583:VARIANT,PAIR00583,GW231001_140220,VARIANT,33,35,input,NAMED,injection-T,injection-t,injectiont,=,1,5feceb66ffc86f38d952786c6d696c79c2dbc239dd4e91b46729d73a27fb57e9,false,,false,false,
PAIR00583:VARIANT,PAIR00583,GW231001_140220,VARIANT,34,36,input,NAMED,injection-scaling,injection-scaling,injectionscaling,=,3,d0ff5974b6aa52cf562bea5921840c032a860a91a3512f7fe8f768f6bbe005f6,false,,false,false,
PAIR00583:VARIANT,PAIR00583,GW231001_140220,VARIANT,35,37,input,NAMED,gaussian-noise,gaussian-noise,gaussiannoise,=,0,e3b0c44298fc1c149afbf4c8996fb92427ae41e4649b934ca495991b7852b855,false,,false,false,
PAIR00583:VARIANT,PAIR00583,GW231001_140220,VARIANT,36,38,input,NAMED,injection-approximant,injection-approximant,injectionapproximant,=,0,e3b0c44298fc1c149afbf4c8996fb92427ae41e4649b934ca495991b7852b855,false,,false,false,
PAIR00583:VARIANT,PAIR00583,GW231001_140220,VARIANT,37,39,input,NAMED,zero-noise,zero-noise,zeronoise,=,1,5feceb66ffc86f38d952786c6d696c79c2dbc239dd4e91b46729d73a27fb57e9,false,,false,false,
PAIR00583:VARIANT,PAIR00583,GW231001_140220,VARIANT,38,40,input,NAMED,sky-frame,sky-frame,skyframe,=,10,5df6b59dfafca1111fa87f6072971ed8f4719d44cfe95bd6a7490e0e7010579d,false,,false,false,
PAIR00583:VARIANT,PAIR00583,GW231001_140220,VARIANT,39,41,input,NAMED,truncate,truncate,truncate,=,1,6b86b273ff34fce19d6b804eff5a3f5747ada4eaa22f1d49c01e52ddb7875b4b,false,,false,false,
PAIR00583:VARIANT,PAIR00583,GW231001_140220,VARIANT,40,42,input,NAMED,analysis-duration,analysis-duration,analysisduration,=,3,44896b09365746b5f7167ee4d64988a38f7f4628803cbf86224e74eeb7c69e9d,false,,false,false,
PAIR00583:VARIANT,PAIR00583,GW231001_140220,VARIANT,41,43,input,NAMED,run-tag,run-tag,runtag,=,6,b80f6b485bcb2eb62c8837dc0584594ad24fdae1debd0342debf7e038d14c866,false,,false,false,
PAIR00583:VARIANT,PAIR00583,GW231001_140220,VARIANT,42,47,Sampler settings,NAMED,nlive,nlive,nlive,=,4,8b926d75599a618e21f1341318e66517be26e18cc7496783d2b59758c1333be8,false,,false,false,
PAIR00583:VARIANT,PAIR00583,GW231001_140220,VARIANT,43,48,Sampler settings,NAMED,poolsize,poolsize,poolsize,=,3,ad57366865126e55649ecb23ae1d48887544976efea46a48eb5d85a6eeb4d306,false,,false,false,
PAIR00583:VARIANT,PAIR00583,GW231001_140220,VARIANT,44,49,Sampler settings,NAMED,maxmcmc,maxmcmc,maxmcmc,=,4,8b926d75599a618e21f1341318e66517be26e18cc7496783d2b59758c1333be8,false,,false,false,
PAIR00583:VARIANT,PAIR00583,GW231001_140220,VARIANT,45,50,Sampler settings,NAMED,nthreads,nthreads,nthreads,=,1,6b86b273ff34fce19d6b804eff5a3f5747ada4eaa22f1d49c01e52ddb7875b4b,false,,false,false,
PAIR00583:VARIANT,PAIR00583,GW231001_140220,VARIANT,46,51,Sampler settings,NAMED,verbose,verbose,verbose,=,1,d4735e3a265e16eee03f59718b9b5d03019c07d8b6c51f90da3a666eec13ab35,false,,false,false,
PAIR00583:VARIANT,PAIR00583,GW231001_140220,VARIANT,47,52,Sampler settings,NAMED,seed,seed,seed,=,4,7b346904f63cc07f1d8cc2d88d7dae08a3f088a0e4159d5214c27a6571a51eb4,false,,false,false,
PAIR00583:VARIANT,PAIR00583,GW231001_140220,VARIANT,48,56,Priors,NAMED,gr-time-prior,gr-time-prior,grtimeprior,=,1,6b86b273ff34fce19d6b804eff5a3f5747ada4eaa22f1d49c01e52ddb7875b4b,false,,false,false,
PAIR00583:VARIANT,PAIR00583,GW231001_140220,VARIANT,49,57,Priors,NAMED,mf-time-prior,mf-time-prior,mftimeprior,=,17,c8f50303d4746a299e4df80801d22adbe05ada63a4a835420ab7e643a362da15,false,,false,false,
PAIR00583:VARIANT,PAIR00583,GW231001_140220,VARIANT,50,58,Priors,NAMED,t-min,t-min,tmin,=,2,4a44dc15364204a80fe80e9039455cc1608281820fe2b24f1e5233ade6af1dd5,false,,false,false,
PAIR00583:VARIANT,PAIR00583,GW231001_140220,VARIANT,51,59,Priors,NAMED,t-max,t-max,tmax,=,2,39fa9ec190eee7b6f4dff1100d6343e10918d044c75eac8f9e9a2596173f80c9,false,,false,false,
PAIR00583:VARIANT,PAIR00583,GW231001_140220,VARIANT,52,60,Priors,NAMED,fix-t,fix-t,fixt,=,8,556fb0d4d8ca6ec09ace45966f6dcce4a787ae771ed89f2d34d1f68e21869717,false,,false,false,
PAIR00583:VARIANT,PAIR00583,GW231001_140220,VARIANT,53,61,Priors,NAMED,fix-ra,fix-ra,fixra,=,17,a3c0018742d2b6ad373cfe394a63ca0a099d6b2d2a48577d3083d767254dc70c,false,,false,false,
PAIR00583:VARIANT,PAIR00583,GW231001_140220,VARIANT,54,62,Priors,NAMED,fix-dec,fix-dec,fixdec,=,19,2e34cccb44e0eee0984b250db7362003a5b8e331be0774452709f62197472f0f,false,,false,false,
PAIR00583:VARIANT,PAIR00583,GW231001_140220,VARIANT,55,63,Priors,NAMED,fix-phi,fix-phi,fixphi,=,3,8aed642bf5118b9d3c859bd4be35ecac75b6e873cce34e7b6f554b06f75550d7,false,,false,false,
PAIR00621:BASE,PAIR00621,GW231028_153006,BASE,1,3,input,NAMED,run-type,run-type,runtype,=,4,a18b869b2e81c0c529552a3c4fa5c92ed08b98a4e146aed778d71d27517f83ac,false,,false,false,
PAIR00621:BASE,PAIR00621,GW231028_153006,BASE,2,4,input,NAMED,sampling-rate,sampling-rate,samplingrate,=,6,e75c3d41e5235b3b2911777152402ad9c9747a12e0021fab801d0fcc1580d076,false,,false,false,
PAIR00621:BASE,PAIR00621,GW231028_153006,BASE,3,5,input,NAMED,f-min-bp,f-min-bp,fminbp,=,4,585348dbd28810f9a34f57be46f000c5f9effab894d074713d93fe7ccfeb3b76,false,,false,false,
PAIR00621:BASE,PAIR00621,GW231028_153006,BASE,4,6,input,NAMED,f-max-bp,f-max-bp,fmaxbp,=,6,fddd30227ad776813b0af144db3610e985b228ba22f365f0132a4b270de7694a,false,,false,false,
PAIR00621:BASE,PAIR00621,GW231028_153006,BASE,5,7,input,NAMED,output,output,output,=,24,5b2355648694a4527af201b5c1f2cd274e0a3a2fdfb0ad962b6a73a04a0b283b,false,,false,false,
PAIR00621:BASE,PAIR00621,GW231028_153006,BASE,6,8,input,NAMED,download-data,download-data,downloaddata,=,1,6b86b273ff34fce19d6b804eff5a3f5747ada4eaa22f1d49c01e52ddb7875b4b,false,,false,false,
PAIR00621:BASE,PAIR00621,GW231028_153006,BASE,7,9,input,NAMED,datalen-download,datalen-download,datalendownload,=,4,f81b732a59389bd6838affaf36f9a3b6d9fe736b4e99f146571a5b1b935283e9,false,,false,false,
PAIR00621:BASE,PAIR00621,GW231028_153006,BASE,8,10,input,NAMED,channel-H1,channel-h1,channelh1,=,28,19a08d2e9b9f86ab015dfa721d16ffb749bff3c1b6cc9bc57e498d8021581df9,false,,false,false,
PAIR00621:BASE,PAIR00621,GW231028_153006,BASE,9,11,input,NAMED,channel-L1,channel-l1,channell1,=,28,fcede5f51dc717380e3072435c419d9ca94c127e7d1737dc870bc534d794b981,false,,false,false,
PAIR00621:BASE,PAIR00621,GW231028_153006,BASE,10,12,input,NAMED,channel-V1,channel-v1,channelv1,=,0,e3b0c44298fc1c149afbf4c8996fb92427ae41e4649b934ca495991b7852b855,false,,false,false,
PAIR00621:BASE,PAIR00621,GW231028_153006,BASE,11,13,input,NAMED,data-H1,data-h1,datah1,=,0,e3b0c44298fc1c149afbf4c8996fb92427ae41e4649b934ca495991b7852b855,false,,false,false,
PAIR00621:BASE,PAIR00621,GW231028_153006,BASE,12,14,input,NAMED,data-L1,data-l1,datal1,=,0,e3b0c44298fc1c149afbf4c8996fb92427ae41e4649b934ca495991b7852b855,false,,false,false,
PAIR00621:BASE,PAIR00621,GW231028_153006,BASE,13,15,input,NAMED,data-V1,data-v1,datav1,=,0,e3b0c44298fc1c149afbf4c8996fb92427ae41e4649b934ca495991b7852b855,false,,false,false,
PAIR00621:BASE,PAIR00621,GW231028_153006,BASE,14,16,input,NAMED,ignore-data-filename,ignore-data-filename,ignoredatafilename,=,1,5feceb66ffc86f38d952786c6d696c79c2dbc239dd4e91b46729d73a27fb57e9,false,,false,false,
PAIR00621:BASE,PAIR00621,GW231028_153006,BASE,15,17,input,NAMED,gw-data-find,gw-data-find,gwdatafind,=,1,5feceb66ffc86f38d952786c6d696c79c2dbc239dd4e91b46729d73a27fb57e9,false,,false,false,
PAIR00621:BASE,PAIR00621,GW231028_153006,BASE,16,18,input,NAMED,gw-data-type-H1,gw-data-type-h1,gwdatatypeh1,=,0,e3b0c44298fc1c149afbf4c8996fb92427ae41e4649b934ca495991b7852b855,false,,false,false,
PAIR00621:BASE,PAIR00621,GW231028_153006,BASE,17,19,input,NAMED,gw-data-type-L1,gw-data-type-l1,gwdatatypel1,=,0,e3b0c44298fc1c149afbf4c8996fb92427ae41e4649b934ca495991b7852b855,false,,false,false,
PAIR00621:BASE,PAIR00621,GW231028_153006,BASE,18,20,input,NAMED,gw-data-type-V1,gw-data-type-v1,gwdatatypev1,=,0,e3b0c44298fc1c149afbf4c8996fb92427ae41e4649b934ca495991b7852b855,false,,false,false,
PAIR00621:BASE,PAIR00621,GW231028_153006,BASE,19,21,input,NAMED,ref-det,ref-det,refdet,=,2,8bf797aa02bd65b7cbd52155f6e010be77bb3d461320dac4c74c12d749d81066,false,,false,false,
PAIR00621:BASE,PAIR00621,GW231028_153006,BASE,20,22,input,NAMED,trigtime,trigtime,trigtime,=,18,dee7db0bb4b88a3c488f48c8cf2fe0d69fea6588cd975b48f0651d6cf8747903,false,,false,false,
PAIR00621:BASE,PAIR00621,GW231028_153006,BASE,21,23,input,NAMED,detectors,detectors,detectors,=,5,3b0244de8d58e5217d2f9d33788bf9ff487c7cf82068b932f86e382eefc8bcfe,false,,false,false,
PAIR00621:BASE,PAIR00621,GW231028_153006,BASE,22,24,input,NAMED,window-onsource,window-onsource,windowonsource,=,1,5feceb66ffc86f38d952786c6d696c79c2dbc239dd4e91b46729d73a27fb57e9,false,,false,false,
PAIR00621:BASE,PAIR00621,GW231028_153006,BASE,23,25,input,NAMED,noise-chunksize,noise-chunksize,noisechunksize,=,3,fbd04e1aae9ce0b11a8946e2c9ac2619f7428a64d32d01eff61d809dcb70ee8e,false,,false,false,
PAIR00621:BASE,PAIR00621,GW231028_153006,BASE,24,26,input,NAMED,signal-chunksize,signal-chunksize,signalchunksize,=,3,fbd04e1aae9ce0b11a8946e2c9ac2619f7428a64d32d01eff61d809dcb70ee8e,false,,false,false,
PAIR00621:BASE,PAIR00621,GW231028_153006,BASE,25,27,input,NAMED,amp-non-prec-sym,amp-non-prec-sym,ampnonprecsym,=,1,6b86b273ff34fce19d6b804eff5a3f5747ada4eaa22f1d49c01e52ddb7875b4b,false,,false,false,
PAIR00621:BASE,PAIR00621,GW231028_153006,BASE,26,28,input,NAMED,max-Kerr-amp-ratio,max-kerr-amp-ratio,maxkerrampratio,=,3,8aed642bf5118b9d3c859bd4be35ecac75b6e873cce34e7b6f554b06f75550d7,true,TARGET_LIKE_CANDIDATE,true,false,0.0
PAIR00621:BASE,PAIR00621,GW231028_153006,BASE,27,29,input,NAMED,kerr-modes,kerr-modes,kerrmodes,=,11,918b8617dd99e65be623b6a29009ed5cc07e2badeba955417690d4002c8f430b,true,KERR_MODES,true,false,"[(2,2,2,0)]"
PAIR00621:BASE,PAIR00621,GW231028_153006,BASE,28,30,input,NAMED,spheroidal,spheroidal,spheroidal,=,1,5feceb66ffc86f38d952786c6d696c79c2dbc239dd4e91b46729d73a27fb57e9,false,,false,false,
PAIR00621:BASE,PAIR00621,GW231028_153006,BASE,29,31,input,NAMED,reference-amplitude,reference-amplitude,referenceamplitude,=,5,64a930966aa1b51c0cc3f0747e943493b4dd46e75f7aba72f837f9adfa7d8c3d,false,,false,false,
PAIR00621:BASE,PAIR00621,GW231028_153006,BASE,30,32,input,NAMED,psd-H1,psd-h1,psdh1,=,0,e3b0c44298fc1c149afbf4c8996fb92427ae41e4649b934ca495991b7852b855,false,,false,false,
PAIR00621:BASE,PAIR00621,GW231028_153006,BASE,31,33,input,NAMED,psd-L1,psd-l1,psdl1,=,0,e3b0c44298fc1c149afbf4c8996fb92427ae41e4649b934ca495991b7852b855,false,,false,false,
PAIR00621:BASE,PAIR00621,GW231028_153006,BASE,32,34,input,NAMED,psd-V1,psd-v1,psdv1,=,0,e3b0c44298fc1c149afbf4c8996fb92427ae41e4649b934ca495991b7852b855,false,,false,false,
PAIR00621:BASE,PAIR00621,GW231028_153006,BASE,33,35,input,NAMED,injection-T,injection-t,injectiont,=,1,5feceb66ffc86f38d952786c6d696c79c2dbc239dd4e91b46729d73a27fb57e9,false,,false,false,
PAIR00621:BASE,PAIR00621,GW231028_153006,BASE,34,36,input,NAMED,injection-scaling,injection-scaling,injectionscaling,=,3,d0ff5974b6aa52cf562bea5921840c032a860a91a3512f7fe8f768f6bbe005f6,false,,false,false,
PAIR00621:BASE,PAIR00621,GW231028_153006,BASE,35,37,input,NAMED,gaussian-noise,gaussian-noise,gaussiannoise,=,0,e3b0c44298fc1c149afbf4c8996fb92427ae41e4649b934ca495991b7852b855,false,,false,false,
PAIR00621:BASE,PAIR00621,GW231028_153006,BASE,36,38,input,NAMED,injection-approximant,injection-approximant,injectionapproximant,=,0,e3b0c44298fc1c149afbf4c8996fb92427ae41e4649b934ca495991b7852b855,false,,false,false,
PAIR00621:BASE,PAIR00621,GW231028_153006,BASE,37,39,input,NAMED,zero-noise,zero-noise,zeronoise,=,1,5feceb66ffc86f38d952786c6d696c79c2dbc239dd4e91b46729d73a27fb57e9,false,,false,false,
PAIR00621:BASE,PAIR00621,GW231028_153006,BASE,38,40,input,NAMED,sky-frame,sky-frame,skyframe,=,10,5df6b59dfafca1111fa87f6072971ed8f4719d44cfe95bd6a7490e0e7010579d,false,,false,false,
PAIR00621:BASE,PAIR00621,GW231028_153006,BASE,39,41,input,NAMED,truncate,truncate,truncate,=,1,6b86b273ff34fce19d6b804eff5a3f5747ada4eaa22f1d49c01e52ddb7875b4b,false,,false,false,
PAIR00621:BASE,PAIR00621,GW231028_153006,BASE,40,42,input,NAMED,analysis-duration,analysis-duration,analysisduration,=,3,44896b09365746b5f7167ee4d64988a38f7f4628803cbf86224e74eeb7c69e9d,false,,false,false,
PAIR00621:BASE,PAIR00621,GW231028_153006,BASE,41,43,input,NAMED,run-tag,run-tag,runtag,=,6,b80f6b485bcb2eb62c8837dc0584594ad24fdae1debd0342debf7e038d14c866,false,,false,false,
PAIR00621:BASE,PAIR00621,GW231028_153006,BASE,42,47,Sampler settings,NAMED,nlive,nlive,nlive,=,4,8b926d75599a618e21f1341318e66517be26e18cc7496783d2b59758c1333be8,false,,false,false,
PAIR00621:BASE,PAIR00621,GW231028_153006,BASE,43,48,Sampler settings,NAMED,poolsize,poolsize,poolsize,=,3,ad57366865126e55649ecb23ae1d48887544976efea46a48eb5d85a6eeb4d306,false,,false,false,
PAIR00621:BASE,PAIR00621,GW231028_153006,BASE,44,49,Sampler settings,NAMED,maxmcmc,maxmcmc,maxmcmc,=,4,8b926d75599a618e21f1341318e66517be26e18cc7496783d2b59758c1333be8,false,,false,false,
PAIR00621:BASE,PAIR00621,GW231028_153006,BASE,45,50,Sampler settings,NAMED,nthreads,nthreads,nthreads,=,1,6b86b273ff34fce19d6b804eff5a3f5747ada4eaa22f1d49c01e52ddb7875b4b,false,,false,false,
PAIR00621:BASE,PAIR00621,GW231028_153006,BASE,46,51,Sampler settings,NAMED,verbose,verbose,verbose,=,1,d4735e3a265e16eee03f59718b9b5d03019c07d8b6c51f90da3a666eec13ab35,false,,false,false,
PAIR00621:BASE,PAIR00621,GW231028_153006,BASE,47,52,Sampler settings,NAMED,seed,seed,seed,=,4,7b346904f63cc07f1d8cc2d88d7dae08a3f088a0e4159d5214c27a6571a51eb4,false,,false,false,
PAIR00621:BASE,PAIR00621,GW231028_153006,BASE,48,56,Priors,NAMED,gr-time-prior,gr-time-prior,grtimeprior,=,1,6b86b273ff34fce19d6b804eff5a3f5747ada4eaa22f1d49c01e52ddb7875b4b,false,,false,false,
PAIR00621:BASE,PAIR00621,GW231028_153006,BASE,49,57,Priors,NAMED,mf-time-prior,mf-time-prior,mftimeprior,=,18,30094d04fc80d44685272386edf75261fcb1d1267647bf38d416dce540674664,false,,false,false,
PAIR00621:BASE,PAIR00621,GW231028_153006,BASE,50,58,Priors,NAMED,t-min,t-min,tmin,=,2,4a44dc15364204a80fe80e9039455cc1608281820fe2b24f1e5233ade6af1dd5,false,,false,false,
PAIR00621:BASE,PAIR00621,GW231028_153006,BASE,51,59,Priors,NAMED,t-max,t-max,tmax,=,2,39fa9ec190eee7b6f4dff1100d6343e10918d044c75eac8f9e9a2596173f80c9,false,,false,false,
PAIR00621:BASE,PAIR00621,GW231028_153006,BASE,52,60,Priors,NAMED,fix-t,fix-t,fixt,=,8,46c20e4a3240fce45121585721dc88f0fa54aca603be94a16256445179fa5e5e,false,,false,false,
PAIR00621:BASE,PAIR00621,GW231028_153006,BASE,53,61,Priors,NAMED,fix-ra,fix-ra,fixra,=,19,ea5f3c4d68588c09f8d6c40f7964f7df1f7b3e70c9e49422ca58d736336f8c6b,false,,false,false,
PAIR00621:BASE,PAIR00621,GW231028_153006,BASE,54,62,Priors,NAMED,fix-dec,fix-dec,fixdec,=,19,9836e922eca4fd524928166da733b03cfd1646fb89e7692cb8f626d7f3e154ee,false,,false,false,
PAIR00621:BASE,PAIR00621,GW231028_153006,BASE,55,63,Priors,NAMED,fix-phi,fix-phi,fixphi,=,3,8aed642bf5118b9d3c859bd4be35ecac75b6e873cce34e7b6f554b06f75550d7,false,,false,false,
PAIR00621:VARIANT,PAIR00621,GW231028_153006,VARIANT,1,3,input,NAMED,run-type,run-type,runtype,=,4,a18b869b2e81c0c529552a3c4fa5c92ed08b98a4e146aed778d71d27517f83ac,false,,false,false,
PAIR00621:VARIANT,PAIR00621,GW231028_153006,VARIANT,2,4,input,NAMED,sampling-rate,sampling-rate,samplingrate,=,6,e75c3d41e5235b3b2911777152402ad9c9747a12e0021fab801d0fcc1580d076,false,,false,false,
PAIR00621:VARIANT,PAIR00621,GW231028_153006,VARIANT,3,5,input,NAMED,f-min-bp,f-min-bp,fminbp,=,4,585348dbd28810f9a34f57be46f000c5f9effab894d074713d93fe7ccfeb3b76,false,,false,false,
PAIR00621:VARIANT,PAIR00621,GW231028_153006,VARIANT,4,6,input,NAMED,f-max-bp,f-max-bp,fmaxbp,=,6,fddd30227ad776813b0af144db3610e985b228ba22f365f0132a4b270de7694a,false,,false,false,
PAIR00621:VARIANT,PAIR00621,GW231028_153006,VARIANT,5,7,input,NAMED,output,output,output,=,24,5b2355648694a4527af201b5c1f2cd274e0a3a2fdfb0ad962b6a73a04a0b283b,false,,false,false,
PAIR00621:VARIANT,PAIR00621,GW231028_153006,VARIANT,6,8,input,NAMED,download-data,download-data,downloaddata,=,1,6b86b273ff34fce19d6b804eff5a3f5747ada4eaa22f1d49c01e52ddb7875b4b,false,,false,false,
PAIR00621:VARIANT,PAIR00621,GW231028_153006,VARIANT,7,9,input,NAMED,datalen-download,datalen-download,datalendownload,=,4,f81b732a59389bd6838affaf36f9a3b6d9fe736b4e99f146571a5b1b935283e9,false,,false,false,
PAIR00621:VARIANT,PAIR00621,GW231028_153006,VARIANT,8,10,input,NAMED,channel-H1,channel-h1,channelh1,=,28,19a08d2e9b9f86ab015dfa721d16ffb749bff3c1b6cc9bc57e498d8021581df9,false,,false,false,
PAIR00621:VARIANT,PAIR00621,GW231028_153006,VARIANT,9,11,input,NAMED,channel-L1,channel-l1,channell1,=,28,fcede5f51dc717380e3072435c419d9ca94c127e7d1737dc870bc534d794b981,false,,false,false,
PAIR00621:VARIANT,PAIR00621,GW231028_153006,VARIANT,10,12,input,NAMED,channel-V1,channel-v1,channelv1,=,0,e3b0c44298fc1c149afbf4c8996fb92427ae41e4649b934ca495991b7852b855,false,,false,false,
PAIR00621:VARIANT,PAIR00621,GW231028_153006,VARIANT,11,13,input,NAMED,data-H1,data-h1,datah1,=,0,e3b0c44298fc1c149afbf4c8996fb92427ae41e4649b934ca495991b7852b855,false,,false,false,
PAIR00621:VARIANT,PAIR00621,GW231028_153006,VARIANT,12,14,input,NAMED,data-L1,data-l1,datal1,=,0,e3b0c44298fc1c149afbf4c8996fb92427ae41e4649b934ca495991b7852b855,false,,false,false,
PAIR00621:VARIANT,PAIR00621,GW231028_153006,VARIANT,13,15,input,NAMED,data-V1,data-v1,datav1,=,0,e3b0c44298fc1c149afbf4c8996fb92427ae41e4649b934ca495991b7852b855,false,,false,false,
PAIR00621:VARIANT,PAIR00621,GW231028_153006,VARIANT,14,16,input,NAMED,ignore-data-filename,ignore-data-filename,ignoredatafilename,=,1,5feceb66ffc86f38d952786c6d696c79c2dbc239dd4e91b46729d73a27fb57e9,false,,false,false,
PAIR00621:VARIANT,PAIR00621,GW231028_153006,VARIANT,15,17,input,NAMED,gw-data-find,gw-data-find,gwdatafind,=,1,5feceb66ffc86f38d952786c6d696c79c2dbc239dd4e91b46729d73a27fb57e9,false,,false,false,
PAIR00621:VARIANT,PAIR00621,GW231028_153006,VARIANT,16,18,input,NAMED,gw-data-type-H1,gw-data-type-h1,gwdatatypeh1,=,0,e3b0c44298fc1c149afbf4c8996fb92427ae41e4649b934ca495991b7852b855,false,,false,false,
PAIR00621:VARIANT,PAIR00621,GW231028_153006,VARIANT,17,19,input,NAMED,gw-data-type-L1,gw-data-type-l1,gwdatatypel1,=,0,e3b0c44298fc1c149afbf4c8996fb92427ae41e4649b934ca495991b7852b855,false,,false,false,
PAIR00621:VARIANT,PAIR00621,GW231028_153006,VARIANT,18,20,input,NAMED,gw-data-type-V1,gw-data-type-v1,gwdatatypev1,=,0,e3b0c44298fc1c149afbf4c8996fb92427ae41e4649b934ca495991b7852b855,false,,false,false,
PAIR00621:VARIANT,PAIR00621,GW231028_153006,VARIANT,19,21,input,NAMED,ref-det,ref-det,refdet,=,2,8bf797aa02bd65b7cbd52155f6e010be77bb3d461320dac4c74c12d749d81066,false,,false,false,
PAIR00621:VARIANT,PAIR00621,GW231028_153006,VARIANT,20,22,input,NAMED,trigtime,trigtime,trigtime,=,18,dee7db0bb4b88a3c488f48c8cf2fe0d69fea6588cd975b48f0651d6cf8747903,false,,false,false,
PAIR00621:VARIANT,PAIR00621,GW231028_153006,VARIANT,21,23,input,NAMED,detectors,detectors,detectors,=,5,3b0244de8d58e5217d2f9d33788bf9ff487c7cf82068b932f86e382eefc8bcfe,false,,false,false,
PAIR00621:VARIANT,PAIR00621,GW231028_153006,VARIANT,22,24,input,NAMED,window-onsource,window-onsource,windowonsource,=,1,5feceb66ffc86f38d952786c6d696c79c2dbc239dd4e91b46729d73a27fb57e9,false,,false,false,
PAIR00621:VARIANT,PAIR00621,GW231028_153006,VARIANT,23,25,input,NAMED,noise-chunksize,noise-chunksize,noisechunksize,=,3,fbd04e1aae9ce0b11a8946e2c9ac2619f7428a64d32d01eff61d809dcb70ee8e,false,,false,false,
PAIR00621:VARIANT,PAIR00621,GW231028_153006,VARIANT,24,26,input,NAMED,signal-chunksize,signal-chunksize,signalchunksize,=,3,fbd04e1aae9ce0b11a8946e2c9ac2619f7428a64d32d01eff61d809dcb70ee8e,false,,false,false,
PAIR00621:VARIANT,PAIR00621,GW231028_153006,VARIANT,25,27,input,NAMED,amp-non-prec-sym,amp-non-prec-sym,ampnonprecsym,=,1,6b86b273ff34fce19d6b804eff5a3f5747ada4eaa22f1d49c01e52ddb7875b4b,false,,false,false,
PAIR00621:VARIANT,PAIR00621,GW231028_153006,VARIANT,26,28,input,NAMED,max-Kerr-amp-ratio,max-kerr-amp-ratio,maxkerrampratio,=,3,8aed642bf5118b9d3c859bd4be35ecac75b6e873cce34e7b6f554b06f75550d7,true,TARGET_LIKE_CANDIDATE,true,false,0.0
PAIR00621:VARIANT,PAIR00621,GW231028_153006,VARIANT,27,29,input,NAMED,kerr-modes,kerr-modes,kerrmodes,=,22,0d595cf40cf2425dc35d46e50a22b46261bb94fc6f61b36520f527c1cd03168f,true,KERR_MODES,true,false,"[(2,2,2,0), (2,2,0,0)]"
PAIR00621:VARIANT,PAIR00621,GW231028_153006,VARIANT,28,30,input,NAMED,spheroidal,spheroidal,spheroidal,=,1,5feceb66ffc86f38d952786c6d696c79c2dbc239dd4e91b46729d73a27fb57e9,false,,false,false,
PAIR00621:VARIANT,PAIR00621,GW231028_153006,VARIANT,29,31,input,NAMED,reference-amplitude,reference-amplitude,referenceamplitude,=,5,64a930966aa1b51c0cc3f0747e943493b4dd46e75f7aba72f837f9adfa7d8c3d,false,,false,false,
PAIR00621:VARIANT,PAIR00621,GW231028_153006,VARIANT,30,32,input,NAMED,psd-H1,psd-h1,psdh1,=,0,e3b0c44298fc1c149afbf4c8996fb92427ae41e4649b934ca495991b7852b855,false,,false,false,
PAIR00621:VARIANT,PAIR00621,GW231028_153006,VARIANT,31,33,input,NAMED,psd-L1,psd-l1,psdl1,=,0,e3b0c44298fc1c149afbf4c8996fb92427ae41e4649b934ca495991b7852b855,false,,false,false,
PAIR00621:VARIANT,PAIR00621,GW231028_153006,VARIANT,32,34,input,NAMED,psd-V1,psd-v1,psdv1,=,0,e3b0c44298fc1c149afbf4c8996fb92427ae41e4649b934ca495991b7852b855,false,,false,false,
PAIR00621:VARIANT,PAIR00621,GW231028_153006,VARIANT,33,35,input,NAMED,injection-T,injection-t,injectiont,=,1,5feceb66ffc86f38d952786c6d696c79c2dbc239dd4e91b46729d73a27fb57e9,false,,false,false,
PAIR00621:VARIANT,PAIR00621,GW231028_153006,VARIANT,34,36,input,NAMED,injection-scaling,injection-scaling,injectionscaling,=,3,d0ff5974b6aa52cf562bea5921840c032a860a91a3512f7fe8f768f6bbe005f6,false,,false,false,
PAIR00621:VARIANT,PAIR00621,GW231028_153006,VARIANT,35,37,input,NAMED,gaussian-noise,gaussian-noise,gaussiannoise,=,0,e3b0c44298fc1c149afbf4c8996fb92427ae41e4649b934ca495991b7852b855,false,,false,false,
PAIR00621:VARIANT,PAIR00621,GW231028_153006,VARIANT,36,38,input,NAMED,injection-approximant,injection-approximant,injectionapproximant,=,0,e3b0c44298fc1c149afbf4c8996fb92427ae41e4649b934ca495991b7852b855,false,,false,false,
PAIR00621:VARIANT,PAIR00621,GW231028_153006,VARIANT,37,39,input,NAMED,zero-noise,zero-noise,zeronoise,=,1,5feceb66ffc86f38d952786c6d696c79c2dbc239dd4e91b46729d73a27fb57e9,false,,false,false,
PAIR00621:VARIANT,PAIR00621,GW231028_153006,VARIANT,38,40,input,NAMED,sky-frame,sky-frame,skyframe,=,10,5df6b59dfafca1111fa87f6072971ed8f4719d44cfe95bd6a7490e0e7010579d,false,,false,false,
PAIR00621:VARIANT,PAIR00621,GW231028_153006,VARIANT,39,41,input,NAMED,truncate,truncate,truncate,=,1,6b86b273ff34fce19d6b804eff5a3f5747ada4eaa22f1d49c01e52ddb7875b4b,false,,false,false,
PAIR00621:VARIANT,PAIR00621,GW231028_153006,VARIANT,40,42,input,NAMED,analysis-duration,analysis-duration,analysisduration,=,3,44896b09365746b5f7167ee4d64988a38f7f4628803cbf86224e74eeb7c69e9d,false,,false,false,
PAIR00621:VARIANT,PAIR00621,GW231028_153006,VARIANT,41,43,input,NAMED,run-tag,run-tag,runtag,=,6,b80f6b485bcb2eb62c8837dc0584594ad24fdae1debd0342debf7e038d14c866,false,,false,false,
PAIR00621:VARIANT,PAIR00621,GW231028_153006,VARIANT,42,47,Sampler settings,NAMED,nlive,nlive,nlive,=,4,8b926d75599a618e21f1341318e66517be26e18cc7496783d2b59758c1333be8,false,,false,false,
PAIR00621:VARIANT,PAIR00621,GW231028_153006,VARIANT,43,48,Sampler settings,NAMED,poolsize,poolsize,poolsize,=,3,ad57366865126e55649ecb23ae1d48887544976efea46a48eb5d85a6eeb4d306,false,,false,false,
PAIR00621:VARIANT,PAIR00621,GW231028_153006,VARIANT,44,49,Sampler settings,NAMED,maxmcmc,maxmcmc,maxmcmc,=,4,8b926d75599a618e21f1341318e66517be26e18cc7496783d2b59758c1333be8,false,,false,false,
PAIR00621:VARIANT,PAIR00621,GW231028_153006,VARIANT,45,50,Sampler settings,NAMED,nthreads,nthreads,nthreads,=,1,6b86b273ff34fce19d6b804eff5a3f5747ada4eaa22f1d49c01e52ddb7875b4b,false,,false,false,
PAIR00621:VARIANT,PAIR00621,GW231028_153006,VARIANT,46,51,Sampler settings,NAMED,verbose,verbose,verbose,=,1,d4735e3a265e16eee03f59718b9b5d03019c07d8b6c51f90da3a666eec13ab35,false,,false,false,
PAIR00621:VARIANT,PAIR00621,GW231028_153006,VARIANT,47,52,Sampler settings,NAMED,seed,seed,seed,=,4,7b346904f63cc07f1d8cc2d88d7dae08a3f088a0e4159d5214c27a6571a51eb4,false,,false,false,
PAIR00621:VARIANT,PAIR00621,GW231028_153006,VARIANT,48,56,Priors,NAMED,gr-time-prior,gr-time-prior,grtimeprior,=,1,6b86b273ff34fce19d6b804eff5a3f5747ada4eaa22f1d49c01e52ddb7875b4b,false,,false,false,
PAIR00621:VARIANT,PAIR00621,GW231028_153006,VARIANT,49,57,Priors,NAMED,mf-time-prior,mf-time-prior,mftimeprior,=,18,30094d04fc80d44685272386edf75261fcb1d1267647bf38d416dce540674664,false,,false,false,
PAIR00621:VARIANT,PAIR00621,GW231028_153006,VARIANT,50,58,Priors,NAMED,t-min,t-min,tmin,=,2,4a44dc15364204a80fe80e9039455cc1608281820fe2b24f1e5233ade6af1dd5,false,,false,false,
PAIR00621:VARIANT,PAIR00621,GW231028_153006,VARIANT,51,59,Priors,NAMED,t-max,t-max,tmax,=,2,39fa9ec190eee7b6f4dff1100d6343e10918d044c75eac8f9e9a2596173f80c9,false,,false,false,
PAIR00621:VARIANT,PAIR00621,GW231028_153006,VARIANT,52,60,Priors,NAMED,fix-t,fix-t,fixt,=,8,46c20e4a3240fce45121585721dc88f0fa54aca603be94a16256445179fa5e5e,false,,false,false,
PAIR00621:VARIANT,PAIR00621,GW231028_153006,VARIANT,53,61,Priors,NAMED,fix-ra,fix-ra,fixra,=,19,ea5f3c4d68588c09f8d6c40f7964f7df1f7b3e70c9e49422ca58d736336f8c6b,false,,false,false,
PAIR00621:VARIANT,PAIR00621,GW231028_153006,VARIANT,54,62,Priors,NAMED,fix-dec,fix-dec,fixdec,=,19,9836e922eca4fd524928166da733b03cfd1646fb89e7692cb8f626d7f3e154ee,false,,false,false,
PAIR00621:VARIANT,PAIR00621,GW231028_153006,VARIANT,55,63,Priors,NAMED,fix-phi,fix-phi,fixphi,=,3,8aed642bf5118b9d3c859bd4be35ecac75b6e873cce34e7b6f554b06f75550d7,false,,false,false,
PAIR00666:BASE,PAIR00666,GW231102_071736,BASE,1,3,input,NAMED,run-type,run-type,runtype,=,4,a18b869b2e81c0c529552a3c4fa5c92ed08b98a4e146aed778d71d27517f83ac,false,,false,false,
PAIR00666:BASE,PAIR00666,GW231102_071736,BASE,2,4,input,NAMED,sampling-rate,sampling-rate,samplingrate,=,6,e75c3d41e5235b3b2911777152402ad9c9747a12e0021fab801d0fcc1580d076,false,,false,false,
PAIR00666:BASE,PAIR00666,GW231102_071736,BASE,3,5,input,NAMED,f-min-bp,f-min-bp,fminbp,=,5,6a5dcecfec09efc55e1dee6162fdedbdf61765050d1a8975535889e5a2e56a7c,false,,false,false,
PAIR00666:BASE,PAIR00666,GW231102_071736,BASE,4,6,input,NAMED,f-max-bp,f-max-bp,fmaxbp,=,6,fddd30227ad776813b0af144db3610e985b228ba22f365f0132a4b270de7694a,false,,false,false,
PAIR00666:BASE,PAIR00666,GW231102_071736,BASE,5,7,input,NAMED,output,output,output,=,24,5b2355648694a4527af201b5c1f2cd274e0a3a2fdfb0ad962b6a73a04a0b283b,false,,false,false,
PAIR00666:BASE,PAIR00666,GW231102_071736,BASE,6,8,input,NAMED,download-data,download-data,downloaddata,=,1,6b86b273ff34fce19d6b804eff5a3f5747ada4eaa22f1d49c01e52ddb7875b4b,false,,false,false,
PAIR00666:BASE,PAIR00666,GW231102_071736,BASE,7,9,input,NAMED,datalen-download,datalen-download,datalendownload,=,4,f81b732a59389bd6838affaf36f9a3b6d9fe736b4e99f146571a5b1b935283e9,false,,false,false,
PAIR00666:BASE,PAIR00666,GW231102_071736,BASE,8,10,input,NAMED,channel-H1,channel-h1,channelh1,=,28,19a08d2e9b9f86ab015dfa721d16ffb749bff3c1b6cc9bc57e498d8021581df9,false,,false,false,
PAIR00666:BASE,PAIR00666,GW231102_071736,BASE,9,11,input,NAMED,channel-L1,channel-l1,channell1,=,28,fcede5f51dc717380e3072435c419d9ca94c127e7d1737dc870bc534d794b981,false,,false,false,
PAIR00666:BASE,PAIR00666,GW231102_071736,BASE,10,12,input,NAMED,channel-V1,channel-v1,channelv1,=,0,e3b0c44298fc1c149afbf4c8996fb92427ae41e4649b934ca495991b7852b855,false,,false,false,
PAIR00666:BASE,PAIR00666,GW231102_071736,BASE,11,13,input,NAMED,data-H1,data-h1,datah1,=,0,e3b0c44298fc1c149afbf4c8996fb92427ae41e4649b934ca495991b7852b855,false,,false,false,
PAIR00666:BASE,PAIR00666,GW231102_071736,BASE,12,14,input,NAMED,data-L1,data-l1,datal1,=,0,e3b0c44298fc1c149afbf4c8996fb92427ae41e4649b934ca495991b7852b855,false,,false,false,
PAIR00666:BASE,PAIR00666,GW231102_071736,BASE,13,15,input,NAMED,data-V1,data-v1,datav1,=,0,e3b0c44298fc1c149afbf4c8996fb92427ae41e4649b934ca495991b7852b855,false,,false,false,
PAIR00666:BASE,PAIR00666,GW231102_071736,BASE,14,16,input,NAMED,ignore-data-filename,ignore-data-filename,ignoredatafilename,=,1,5feceb66ffc86f38d952786c6d696c79c2dbc239dd4e91b46729d73a27fb57e9,false,,false,false,
PAIR00666:BASE,PAIR00666,GW231102_071736,BASE,15,17,input,NAMED,gw-data-find,gw-data-find,gwdatafind,=,1,5feceb66ffc86f38d952786c6d696c79c2dbc239dd4e91b46729d73a27fb57e9,false,,false,false,
PAIR00666:BASE,PAIR00666,GW231102_071736,BASE,16,18,input,NAMED,gw-data-type-H1,gw-data-type-h1,gwdatatypeh1,=,0,e3b0c44298fc1c149afbf4c8996fb92427ae41e4649b934ca495991b7852b855,false,,false,false,
PAIR00666:BASE,PAIR00666,GW231102_071736,BASE,17,19,input,NAMED,gw-data-type-L1,gw-data-type-l1,gwdatatypel1,=,0,e3b0c44298fc1c149afbf4c8996fb92427ae41e4649b934ca495991b7852b855,false,,false,false,
PAIR00666:BASE,PAIR00666,GW231102_071736,BASE,18,20,input,NAMED,gw-data-type-V1,gw-data-type-v1,gwdatatypev1,=,0,e3b0c44298fc1c149afbf4c8996fb92427ae41e4649b934ca495991b7852b855,false,,false,false,
PAIR00666:BASE,PAIR00666,GW231102_071736,BASE,19,21,input,NAMED,ref-det,ref-det,refdet,=,2,8bf797aa02bd65b7cbd52155f6e010be77bb3d461320dac4c74c12d749d81066,false,,false,false,
PAIR00666:BASE,PAIR00666,GW231102_071736,BASE,20,22,input,NAMED,trigtime,trigtime,trigtime,=,18,0a5dffd1d490208035fe0b42d5bd5a8f8cae53e16a8ec645e5ebdb2cc2a9fbfc,false,,false,false,
PAIR00666:BASE,PAIR00666,GW231102_071736,BASE,21,23,input,NAMED,detectors,detectors,detectors,=,5,3b0244de8d58e5217d2f9d33788bf9ff487c7cf82068b932f86e382eefc8bcfe,false,,false,false,
PAIR00666:BASE,PAIR00666,GW231102_071736,BASE,22,24,input,NAMED,window-onsource,window-onsource,windowonsource,=,1,5feceb66ffc86f38d952786c6d696c79c2dbc239dd4e91b46729d73a27fb57e9,false,,false,false,
PAIR00666:BASE,PAIR00666,GW231102_071736,BASE,23,25,input,NAMED,noise-chunksize,noise-chunksize,noisechunksize,=,3,fbd04e1aae9ce0b11a8946e2c9ac2619f7428a64d32d01eff61d809dcb70ee8e,false,,false,false,
PAIR00666:BASE,PAIR00666,GW231102_071736,BASE,24,26,input,NAMED,signal-chunksize,signal-chunksize,signalchunksize,=,3,fbd04e1aae9ce0b11a8946e2c9ac2619f7428a64d32d01eff61d809dcb70ee8e,false,,false,false,
PAIR00666:BASE,PAIR00666,GW231102_071736,BASE,25,27,input,NAMED,amp-non-prec-sym,amp-non-prec-sym,ampnonprecsym,=,1,6b86b273ff34fce19d6b804eff5a3f5747ada4eaa22f1d49c01e52ddb7875b4b,false,,false,false,
PAIR00666:BASE,PAIR00666,GW231102_071736,BASE,26,28,input,NAMED,max-Kerr-amp-ratio,max-kerr-amp-ratio,maxkerrampratio,=,3,8aed642bf5118b9d3c859bd4be35ecac75b6e873cce34e7b6f554b06f75550d7,true,TARGET_LIKE_CANDIDATE,true,false,0.0
PAIR00666:BASE,PAIR00666,GW231102_071736,BASE,27,29,input,NAMED,kerr-modes,kerr-modes,kerrmodes,=,11,918b8617dd99e65be623b6a29009ed5cc07e2badeba955417690d4002c8f430b,true,KERR_MODES,true,false,"[(2,2,2,0)]"
PAIR00666:BASE,PAIR00666,GW231102_071736,BASE,28,30,input,NAMED,spheroidal,spheroidal,spheroidal,=,1,5feceb66ffc86f38d952786c6d696c79c2dbc239dd4e91b46729d73a27fb57e9,false,,false,false,
PAIR00666:BASE,PAIR00666,GW231102_071736,BASE,29,31,input,NAMED,reference-amplitude,reference-amplitude,referenceamplitude,=,5,64a930966aa1b51c0cc3f0747e943493b4dd46e75f7aba72f837f9adfa7d8c3d,false,,false,false,
PAIR00666:BASE,PAIR00666,GW231102_071736,BASE,30,32,input,NAMED,psd-H1,psd-h1,psdh1,=,0,e3b0c44298fc1c149afbf4c8996fb92427ae41e4649b934ca495991b7852b855,false,,false,false,
PAIR00666:BASE,PAIR00666,GW231102_071736,BASE,31,33,input,NAMED,psd-L1,psd-l1,psdl1,=,0,e3b0c44298fc1c149afbf4c8996fb92427ae41e4649b934ca495991b7852b855,false,,false,false,
PAIR00666:BASE,PAIR00666,GW231102_071736,BASE,32,34,input,NAMED,psd-V1,psd-v1,psdv1,=,0,e3b0c44298fc1c149afbf4c8996fb92427ae41e4649b934ca495991b7852b855,false,,false,false,
PAIR00666:BASE,PAIR00666,GW231102_071736,BASE,33,35,input,NAMED,injection-T,injection-t,injectiont,=,1,5feceb66ffc86f38d952786c6d696c79c2dbc239dd4e91b46729d73a27fb57e9,false,,false,false,
PAIR00666:BASE,PAIR00666,GW231102_071736,BASE,34,36,input,NAMED,injection-scaling,injection-scaling,injectionscaling,=,3,d0ff5974b6aa52cf562bea5921840c032a860a91a3512f7fe8f768f6bbe005f6,false,,false,false,
PAIR00666:BASE,PAIR00666,GW231102_071736,BASE,35,37,input,NAMED,gaussian-noise,gaussian-noise,gaussiannoise,=,0,e3b0c44298fc1c149afbf4c8996fb92427ae41e4649b934ca495991b7852b855,false,,false,false,
PAIR00666:BASE,PAIR00666,GW231102_071736,BASE,36,38,input,NAMED,injection-approximant,injection-approximant,injectionapproximant,=,0,e3b0c44298fc1c149afbf4c8996fb92427ae41e4649b934ca495991b7852b855,false,,false,false,
PAIR00666:BASE,PAIR00666,GW231102_071736,BASE,37,39,input,NAMED,zero-noise,zero-noise,zeronoise,=,1,5feceb66ffc86f38d952786c6d696c79c2dbc239dd4e91b46729d73a27fb57e9,false,,false,false,
PAIR00666:BASE,PAIR00666,GW231102_071736,BASE,38,40,input,NAMED,sky-frame,sky-frame,skyframe,=,10,5df6b59dfafca1111fa87f6072971ed8f4719d44cfe95bd6a7490e0e7010579d,false,,false,false,
PAIR00666:BASE,PAIR00666,GW231102_071736,BASE,39,41,input,NAMED,truncate,truncate,truncate,=,1,6b86b273ff34fce19d6b804eff5a3f5747ada4eaa22f1d49c01e52ddb7875b4b,false,,false,false,
PAIR00666:BASE,PAIR00666,GW231102_071736,BASE,40,42,input,NAMED,analysis-duration,analysis-duration,analysisduration,=,3,44896b09365746b5f7167ee4d64988a38f7f4628803cbf86224e74eeb7c69e9d,false,,false,false,
PAIR00666:BASE,PAIR00666,GW231102_071736,BASE,41,43,input,NAMED,run-tag,run-tag,runtag,=,5,750f7eda495bfdb2e6c52c5b7d767da4f33e2633683373a2f914e96c0a7407a8,false,,false,false,
PAIR00666:BASE,PAIR00666,GW231102_071736,BASE,42,47,Sampler settings,NAMED,nlive,nlive,nlive,=,4,8b926d75599a618e21f1341318e66517be26e18cc7496783d2b59758c1333be8,false,,false,false,
PAIR00666:BASE,PAIR00666,GW231102_071736,BASE,43,48,Sampler settings,NAMED,poolsize,poolsize,poolsize,=,3,ad57366865126e55649ecb23ae1d48887544976efea46a48eb5d85a6eeb4d306,false,,false,false,
PAIR00666:BASE,PAIR00666,GW231102_071736,BASE,44,49,Sampler settings,NAMED,maxmcmc,maxmcmc,maxmcmc,=,4,8b926d75599a618e21f1341318e66517be26e18cc7496783d2b59758c1333be8,false,,false,false,
PAIR00666:BASE,PAIR00666,GW231102_071736,BASE,45,50,Sampler settings,NAMED,nthreads,nthreads,nthreads,=,1,6b86b273ff34fce19d6b804eff5a3f5747ada4eaa22f1d49c01e52ddb7875b4b,false,,false,false,
PAIR00666:BASE,PAIR00666,GW231102_071736,BASE,46,51,Sampler settings,NAMED,verbose,verbose,verbose,=,1,d4735e3a265e16eee03f59718b9b5d03019c07d8b6c51f90da3a666eec13ab35,false,,false,false,
PAIR00666:BASE,PAIR00666,GW231102_071736,BASE,47,52,Sampler settings,NAMED,seed,seed,seed,=,4,7b346904f63cc07f1d8cc2d88d7dae08a3f088a0e4159d5214c27a6571a51eb4,false,,false,false,
PAIR00666:BASE,PAIR00666,GW231102_071736,BASE,48,56,Priors,NAMED,gr-time-prior,gr-time-prior,grtimeprior,=,1,6b86b273ff34fce19d6b804eff5a3f5747ada4eaa22f1d49c01e52ddb7875b4b,false,,false,false,
PAIR00666:BASE,PAIR00666,GW231102_071736,BASE,49,57,Priors,NAMED,mf-time-prior,mf-time-prior,mftimeprior,=,18,0d14613dc30986691f34983af3e4f8aa94224a3ccdb2098b71ea2ec4bf6dc1c7,false,,false,false,
PAIR00666:BASE,PAIR00666,GW231102_071736,BASE,50,58,Priors,NAMED,t-min,t-min,tmin,=,2,4a44dc15364204a80fe80e9039455cc1608281820fe2b24f1e5233ade6af1dd5,false,,false,false,
PAIR00666:BASE,PAIR00666,GW231102_071736,BASE,51,59,Priors,NAMED,t-max,t-max,tmax,=,2,39fa9ec190eee7b6f4dff1100d6343e10918d044c75eac8f9e9a2596173f80c9,false,,false,false,
PAIR00666:BASE,PAIR00666,GW231102_071736,BASE,52,60,Priors,NAMED,fix-t,fix-t,fixt,=,8,06590745916a28053bb0dcacedff6ef9aad5ad11b01c90c36ed48074366553c8,false,,false,false,
PAIR00666:BASE,PAIR00666,GW231102_071736,BASE,53,61,Priors,NAMED,fix-ra,fix-ra,fixra,=,18,989b65096e1ec7c863af1e796d0e968d81e33a0b6c1b4d07821943180d4568ec,false,,false,false,
PAIR00666:BASE,PAIR00666,GW231102_071736,BASE,54,62,Priors,NAMED,fix-dec,fix-dec,fixdec,=,18,dde9f5450441ee0e2a78e42a5172f29ff260b9467fd47f0b6fa163f94b757183,false,,false,false,
PAIR00666:BASE,PAIR00666,GW231102_071736,BASE,55,63,Priors,NAMED,fix-phi,fix-phi,fixphi,=,3,8aed642bf5118b9d3c859bd4be35ecac75b6e873cce34e7b6f554b06f75550d7,false,,false,false,
PAIR00666:VARIANT,PAIR00666,GW231102_071736,VARIANT,1,3,input,NAMED,run-type,run-type,runtype,=,4,a18b869b2e81c0c529552a3c4fa5c92ed08b98a4e146aed778d71d27517f83ac,false,,false,false,
PAIR00666:VARIANT,PAIR00666,GW231102_071736,VARIANT,2,4,input,NAMED,sampling-rate,sampling-rate,samplingrate,=,6,e75c3d41e5235b3b2911777152402ad9c9747a12e0021fab801d0fcc1580d076,false,,false,false,
PAIR00666:VARIANT,PAIR00666,GW231102_071736,VARIANT,3,5,input,NAMED,f-min-bp,f-min-bp,fminbp,=,5,6a5dcecfec09efc55e1dee6162fdedbdf61765050d1a8975535889e5a2e56a7c,false,,false,false,
PAIR00666:VARIANT,PAIR00666,GW231102_071736,VARIANT,4,6,input,NAMED,f-max-bp,f-max-bp,fmaxbp,=,6,fddd30227ad776813b0af144db3610e985b228ba22f365f0132a4b270de7694a,false,,false,false,
PAIR00666:VARIANT,PAIR00666,GW231102_071736,VARIANT,5,7,input,NAMED,output,output,output,=,24,5b2355648694a4527af201b5c1f2cd274e0a3a2fdfb0ad962b6a73a04a0b283b,false,,false,false,
PAIR00666:VARIANT,PAIR00666,GW231102_071736,VARIANT,6,8,input,NAMED,download-data,download-data,downloaddata,=,1,6b86b273ff34fce19d6b804eff5a3f5747ada4eaa22f1d49c01e52ddb7875b4b,false,,false,false,
PAIR00666:VARIANT,PAIR00666,GW231102_071736,VARIANT,7,9,input,NAMED,datalen-download,datalen-download,datalendownload,=,4,f81b732a59389bd6838affaf36f9a3b6d9fe736b4e99f146571a5b1b935283e9,false,,false,false,
PAIR00666:VARIANT,PAIR00666,GW231102_071736,VARIANT,8,10,input,NAMED,channel-H1,channel-h1,channelh1,=,28,19a08d2e9b9f86ab015dfa721d16ffb749bff3c1b6cc9bc57e498d8021581df9,false,,false,false,
PAIR00666:VARIANT,PAIR00666,GW231102_071736,VARIANT,9,11,input,NAMED,channel-L1,channel-l1,channell1,=,28,fcede5f51dc717380e3072435c419d9ca94c127e7d1737dc870bc534d794b981,false,,false,false,
PAIR00666:VARIANT,PAIR00666,GW231102_071736,VARIANT,10,12,input,NAMED,channel-V1,channel-v1,channelv1,=,0,e3b0c44298fc1c149afbf4c8996fb92427ae41e4649b934ca495991b7852b855,false,,false,false,
PAIR00666:VARIANT,PAIR00666,GW231102_071736,VARIANT,11,13,input,NAMED,data-H1,data-h1,datah1,=,0,e3b0c44298fc1c149afbf4c8996fb92427ae41e4649b934ca495991b7852b855,false,,false,false,
PAIR00666:VARIANT,PAIR00666,GW231102_071736,VARIANT,12,14,input,NAMED,data-L1,data-l1,datal1,=,0,e3b0c44298fc1c149afbf4c8996fb92427ae41e4649b934ca495991b7852b855,false,,false,false,
PAIR00666:VARIANT,PAIR00666,GW231102_071736,VARIANT,13,15,input,NAMED,data-V1,data-v1,datav1,=,0,e3b0c44298fc1c149afbf4c8996fb92427ae41e4649b934ca495991b7852b855,false,,false,false,
PAIR00666:VARIANT,PAIR00666,GW231102_071736,VARIANT,14,16,input,NAMED,ignore-data-filename,ignore-data-filename,ignoredatafilename,=,1,5feceb66ffc86f38d952786c6d696c79c2dbc239dd4e91b46729d73a27fb57e9,false,,false,false,
PAIR00666:VARIANT,PAIR00666,GW231102_071736,VARIANT,15,17,input,NAMED,gw-data-find,gw-data-find,gwdatafind,=,1,5feceb66ffc86f38d952786c6d696c79c2dbc239dd4e91b46729d73a27fb57e9,false,,false,false,
PAIR00666:VARIANT,PAIR00666,GW231102_071736,VARIANT,16,18,input,NAMED,gw-data-type-H1,gw-data-type-h1,gwdatatypeh1,=,0,e3b0c44298fc1c149afbf4c8996fb92427ae41e4649b934ca495991b7852b855,false,,false,false,
PAIR00666:VARIANT,PAIR00666,GW231102_071736,VARIANT,17,19,input,NAMED,gw-data-type-L1,gw-data-type-l1,gwdatatypel1,=,0,e3b0c44298fc1c149afbf4c8996fb92427ae41e4649b934ca495991b7852b855,false,,false,false,
PAIR00666:VARIANT,PAIR00666,GW231102_071736,VARIANT,18,20,input,NAMED,gw-data-type-V1,gw-data-type-v1,gwdatatypev1,=,0,e3b0c44298fc1c149afbf4c8996fb92427ae41e4649b934ca495991b7852b855,false,,false,false,
PAIR00666:VARIANT,PAIR00666,GW231102_071736,VARIANT,19,21,input,NAMED,ref-det,ref-det,refdet,=,2,8bf797aa02bd65b7cbd52155f6e010be77bb3d461320dac4c74c12d749d81066,false,,false,false,
PAIR00666:VARIANT,PAIR00666,GW231102_071736,VARIANT,20,22,input,NAMED,trigtime,trigtime,trigtime,=,18,0a5dffd1d490208035fe0b42d5bd5a8f8cae53e16a8ec645e5ebdb2cc2a9fbfc,false,,false,false,
PAIR00666:VARIANT,PAIR00666,GW231102_071736,VARIANT,21,23,input,NAMED,detectors,detectors,detectors,=,5,3b0244de8d58e5217d2f9d33788bf9ff487c7cf82068b932f86e382eefc8bcfe,false,,false,false,
PAIR00666:VARIANT,PAIR00666,GW231102_071736,VARIANT,22,24,input,NAMED,window-onsource,window-onsource,windowonsource,=,1,5feceb66ffc86f38d952786c6d696c79c2dbc239dd4e91b46729d73a27fb57e9,false,,false,false,
PAIR00666:VARIANT,PAIR00666,GW231102_071736,VARIANT,23,25,input,NAMED,noise-chunksize,noise-chunksize,noisechunksize,=,3,fbd04e1aae9ce0b11a8946e2c9ac2619f7428a64d32d01eff61d809dcb70ee8e,false,,false,false,
PAIR00666:VARIANT,PAIR00666,GW231102_071736,VARIANT,24,26,input,NAMED,signal-chunksize,signal-chunksize,signalchunksize,=,3,fbd04e1aae9ce0b11a8946e2c9ac2619f7428a64d32d01eff61d809dcb70ee8e,false,,false,false,
PAIR00666:VARIANT,PAIR00666,GW231102_071736,VARIANT,25,27,input,NAMED,amp-non-prec-sym,amp-non-prec-sym,ampnonprecsym,=,1,6b86b273ff34fce19d6b804eff5a3f5747ada4eaa22f1d49c01e52ddb7875b4b,false,,false,false,
PAIR00666:VARIANT,PAIR00666,GW231102_071736,VARIANT,26,28,input,NAMED,max-Kerr-amp-ratio,max-kerr-amp-ratio,maxkerrampratio,=,3,8aed642bf5118b9d3c859bd4be35ecac75b6e873cce34e7b6f554b06f75550d7,true,TARGET_LIKE_CANDIDATE,true,false,0.0
PAIR00666:VARIANT,PAIR00666,GW231102_071736,VARIANT,27,29,input,NAMED,kerr-modes,kerr-modes,kerrmodes,=,22,8075378dd5a2edf48eebd53e80d9db914f017e62321215bc792b03c8bc4b9705,true,KERR_MODES,true,false,"[(2,2,2,0), (2,3,2,0)]"
PAIR00666:VARIANT,PAIR00666,GW231102_071736,VARIANT,28,30,input,NAMED,spheroidal,spheroidal,spheroidal,=,1,5feceb66ffc86f38d952786c6d696c79c2dbc239dd4e91b46729d73a27fb57e9,false,,false,false,
PAIR00666:VARIANT,PAIR00666,GW231102_071736,VARIANT,29,31,input,NAMED,reference-amplitude,reference-amplitude,referenceamplitude,=,5,64a930966aa1b51c0cc3f0747e943493b4dd46e75f7aba72f837f9adfa7d8c3d,false,,false,false,
PAIR00666:VARIANT,PAIR00666,GW231102_071736,VARIANT,30,32,input,NAMED,psd-H1,psd-h1,psdh1,=,0,e3b0c44298fc1c149afbf4c8996fb92427ae41e4649b934ca495991b7852b855,false,,false,false,
PAIR00666:VARIANT,PAIR00666,GW231102_071736,VARIANT,31,33,input,NAMED,psd-L1,psd-l1,psdl1,=,0,e3b0c44298fc1c149afbf4c8996fb92427ae41e4649b934ca495991b7852b855,false,,false,false,
PAIR00666:VARIANT,PAIR00666,GW231102_071736,VARIANT,32,34,input,NAMED,psd-V1,psd-v1,psdv1,=,0,e3b0c44298fc1c149afbf4c8996fb92427ae41e4649b934ca495991b7852b855,false,,false,false,
PAIR00666:VARIANT,PAIR00666,GW231102_071736,VARIANT,33,35,input,NAMED,injection-T,injection-t,injectiont,=,1,5feceb66ffc86f38d952786c6d696c79c2dbc239dd4e91b46729d73a27fb57e9,false,,false,false,
PAIR00666:VARIANT,PAIR00666,GW231102_071736,VARIANT,34,36,input,NAMED,injection-scaling,injection-scaling,injectionscaling,=,3,d0ff5974b6aa52cf562bea5921840c032a860a91a3512f7fe8f768f6bbe005f6,false,,false,false,
PAIR00666:VARIANT,PAIR00666,GW231102_071736,VARIANT,35,37,input,NAMED,gaussian-noise,gaussian-noise,gaussiannoise,=,0,e3b0c44298fc1c149afbf4c8996fb92427ae41e4649b934ca495991b7852b855,false,,false,false,
PAIR00666:VARIANT,PAIR00666,GW231102_071736,VARIANT,36,38,input,NAMED,injection-approximant,injection-approximant,injectionapproximant,=,0,e3b0c44298fc1c149afbf4c8996fb92427ae41e4649b934ca495991b7852b855,false,,false,false,
PAIR00666:VARIANT,PAIR00666,GW231102_071736,VARIANT,37,39,input,NAMED,zero-noise,zero-noise,zeronoise,=,1,5feceb66ffc86f38d952786c6d696c79c2dbc239dd4e91b46729d73a27fb57e9,false,,false,false,
PAIR00666:VARIANT,PAIR00666,GW231102_071736,VARIANT,38,40,input,NAMED,sky-frame,sky-frame,skyframe,=,10,5df6b59dfafca1111fa87f6072971ed8f4719d44cfe95bd6a7490e0e7010579d,false,,false,false,
PAIR00666:VARIANT,PAIR00666,GW231102_071736,VARIANT,39,41,input,NAMED,truncate,truncate,truncate,=,1,6b86b273ff34fce19d6b804eff5a3f5747ada4eaa22f1d49c01e52ddb7875b4b,false,,false,false,
PAIR00666:VARIANT,PAIR00666,GW231102_071736,VARIANT,40,42,input,NAMED,analysis-duration,analysis-duration,analysisduration,=,3,44896b09365746b5f7167ee4d64988a38f7f4628803cbf86224e74eeb7c69e9d,false,,false,false,
PAIR00666:VARIANT,PAIR00666,GW231102_071736,VARIANT,41,43,input,NAMED,run-tag,run-tag,runtag,=,5,750f7eda495bfdb2e6c52c5b7d767da4f33e2633683373a2f914e96c0a7407a8,false,,false,false,
PAIR00666:VARIANT,PAIR00666,GW231102_071736,VARIANT,42,47,Sampler settings,NAMED,nlive,nlive,nlive,=,4,8b926d75599a618e21f1341318e66517be26e18cc7496783d2b59758c1333be8,false,,false,false,
PAIR00666:VARIANT,PAIR00666,GW231102_071736,VARIANT,43,48,Sampler settings,NAMED,poolsize,poolsize,poolsize,=,3,ad57366865126e55649ecb23ae1d48887544976efea46a48eb5d85a6eeb4d306,false,,false,false,
PAIR00666:VARIANT,PAIR00666,GW231102_071736,VARIANT,44,49,Sampler settings,NAMED,maxmcmc,maxmcmc,maxmcmc,=,4,8b926d75599a618e21f1341318e66517be26e18cc7496783d2b59758c1333be8,false,,false,false,
PAIR00666:VARIANT,PAIR00666,GW231102_071736,VARIANT,45,50,Sampler settings,NAMED,nthreads,nthreads,nthreads,=,1,6b86b273ff34fce19d6b804eff5a3f5747ada4eaa22f1d49c01e52ddb7875b4b,false,,false,false,
PAIR00666:VARIANT,PAIR00666,GW231102_071736,VARIANT,46,51,Sampler settings,NAMED,verbose,verbose,verbose,=,1,d4735e3a265e16eee03f59718b9b5d03019c07d8b6c51f90da3a666eec13ab35,false,,false,false,
PAIR00666:VARIANT,PAIR00666,GW231102_071736,VARIANT,47,52,Sampler settings,NAMED,seed,seed,seed,=,4,7b346904f63cc07f1d8cc2d88d7dae08a3f088a0e4159d5214c27a6571a51eb4,false,,false,false,
PAIR00666:VARIANT,PAIR00666,GW231102_071736,VARIANT,48,56,Priors,NAMED,gr-time-prior,gr-time-prior,grtimeprior,=,1,6b86b273ff34fce19d6b804eff5a3f5747ada4eaa22f1d49c01e52ddb7875b4b,false,,false,false,
PAIR00666:VARIANT,PAIR00666,GW231102_071736,VARIANT,49,57,Priors,NAMED,mf-time-prior,mf-time-prior,mftimeprior,=,18,0d14613dc30986691f34983af3e4f8aa94224a3ccdb2098b71ea2ec4bf6dc1c7,false,,false,false,
PAIR00666:VARIANT,PAIR00666,GW231102_071736,VARIANT,50,58,Priors,NAMED,t-min,t-min,tmin,=,2,4a44dc15364204a80fe80e9039455cc1608281820fe2b24f1e5233ade6af1dd5,false,,false,false,
PAIR00666:VARIANT,PAIR00666,GW231102_071736,VARIANT,51,59,Priors,NAMED,t-max,t-max,tmax,=,2,39fa9ec190eee7b6f4dff1100d6343e10918d044c75eac8f9e9a2596173f80c9,false,,false,false,
PAIR00666:VARIANT,PAIR00666,GW231102_071736,VARIANT,52,60,Priors,NAMED,fix-t,fix-t,fixt,=,8,06590745916a28053bb0dcacedff6ef9aad5ad11b01c90c36ed48074366553c8,false,,false,false,
PAIR00666:VARIANT,PAIR00666,GW231102_071736,VARIANT,53,61,Priors,NAMED,fix-ra,fix-ra,fixra,=,18,989b65096e1ec7c863af1e796d0e968d81e33a0b6c1b4d07821943180d4568ec,false,,false,false,
PAIR00666:VARIANT,PAIR00666,GW231102_071736,VARIANT,54,62,Priors,NAMED,fix-dec,fix-dec,fixdec,=,18,dde9f5450441ee0e2a78e42a5172f29ff260b9467fd47f0b6fa163f94b757183,false,,false,false,
PAIR00666:VARIANT,PAIR00666,GW231102_071736,VARIANT,55,63,Priors,NAMED,fix-phi,fix-phi,fixphi,=,3,8aed642bf5118b9d3c859bd4be35ecac75b6e873cce34e7b6f554b06f75550d7,false,,false,false,
PAIR00711:BASE,PAIR00711,GW231108_125142,BASE,1,3,input,NAMED,run-type,run-type,runtype,=,4,a18b869b2e81c0c529552a3c4fa5c92ed08b98a4e146aed778d71d27517f83ac,false,,false,false,
PAIR00711:BASE,PAIR00711,GW231108_125142,BASE,2,4,input,NAMED,sampling-rate,sampling-rate,samplingrate,=,6,e75c3d41e5235b3b2911777152402ad9c9747a12e0021fab801d0fcc1580d076,false,,false,false,
PAIR00711:BASE,PAIR00711,GW231108_125142,BASE,3,5,input,NAMED,f-min-bp,f-min-bp,fminbp,=,4,585348dbd28810f9a34f57be46f000c5f9effab894d074713d93fe7ccfeb3b76,false,,false,false,
PAIR00711:BASE,PAIR00711,GW231108_125142,BASE,4,6,input,NAMED,f-max-bp,f-max-bp,fmaxbp,=,6,fddd30227ad776813b0af144db3610e985b228ba22f365f0132a4b270de7694a,false,,false,false,
PAIR00711:BASE,PAIR00711,GW231108_125142,BASE,5,7,input,NAMED,output,output,output,=,24,5b2355648694a4527af201b5c1f2cd274e0a3a2fdfb0ad962b6a73a04a0b283b,false,,false,false,
PAIR00711:BASE,PAIR00711,GW231108_125142,BASE,6,8,input,NAMED,download-data,download-data,downloaddata,=,1,6b86b273ff34fce19d6b804eff5a3f5747ada4eaa22f1d49c01e52ddb7875b4b,false,,false,false,
PAIR00711:BASE,PAIR00711,GW231108_125142,BASE,7,9,input,NAMED,datalen-download,datalen-download,datalendownload,=,4,f81b732a59389bd6838affaf36f9a3b6d9fe736b4e99f146571a5b1b935283e9,false,,false,false,
PAIR00711:BASE,PAIR00711,GW231108_125142,BASE,8,10,input,NAMED,channel-H1,channel-h1,channelh1,=,28,19a08d2e9b9f86ab015dfa721d16ffb749bff3c1b6cc9bc57e498d8021581df9,false,,false,false,
PAIR00711:BASE,PAIR00711,GW231108_125142,BASE,9,11,input,NAMED,channel-L1,channel-l1,channell1,=,28,fcede5f51dc717380e3072435c419d9ca94c127e7d1737dc870bc534d794b981,false,,false,false,
PAIR00711:BASE,PAIR00711,GW231108_125142,BASE,10,12,input,NAMED,channel-V1,channel-v1,channelv1,=,0,e3b0c44298fc1c149afbf4c8996fb92427ae41e4649b934ca495991b7852b855,false,,false,false,
PAIR00711:BASE,PAIR00711,GW231108_125142,BASE,11,13,input,NAMED,data-H1,data-h1,datah1,=,0,e3b0c44298fc1c149afbf4c8996fb92427ae41e4649b934ca495991b7852b855,false,,false,false,
PAIR00711:BASE,PAIR00711,GW231108_125142,BASE,12,14,input,NAMED,data-L1,data-l1,datal1,=,0,e3b0c44298fc1c149afbf4c8996fb92427ae41e4649b934ca495991b7852b855,false,,false,false,
PAIR00711:BASE,PAIR00711,GW231108_125142,BASE,13,15,input,NAMED,data-V1,data-v1,datav1,=,0,e3b0c44298fc1c149afbf4c8996fb92427ae41e4649b934ca495991b7852b855,false,,false,false,
PAIR00711:BASE,PAIR00711,GW231108_125142,BASE,14,16,input,NAMED,ignore-data-filename,ignore-data-filename,ignoredatafilename,=,1,5feceb66ffc86f38d952786c6d696c79c2dbc239dd4e91b46729d73a27fb57e9,false,,false,false,
PAIR00711:BASE,PAIR00711,GW231108_125142,BASE,15,17,input,NAMED,gw-data-find,gw-data-find,gwdatafind,=,1,5feceb66ffc86f38d952786c6d696c79c2dbc239dd4e91b46729d73a27fb57e9,false,,false,false,
PAIR00711:BASE,PAIR00711,GW231108_125142,BASE,16,18,input,NAMED,gw-data-type-H1,gw-data-type-h1,gwdatatypeh1,=,0,e3b0c44298fc1c149afbf4c8996fb92427ae41e4649b934ca495991b7852b855,false,,false,false,
PAIR00711:BASE,PAIR00711,GW231108_125142,BASE,17,19,input,NAMED,gw-data-type-L1,gw-data-type-l1,gwdatatypel1,=,0,e3b0c44298fc1c149afbf4c8996fb92427ae41e4649b934ca495991b7852b855,false,,false,false,
PAIR00711:BASE,PAIR00711,GW231108_125142,BASE,18,20,input,NAMED,gw-data-type-V1,gw-data-type-v1,gwdatatypev1,=,0,e3b0c44298fc1c149afbf4c8996fb92427ae41e4649b934ca495991b7852b855,false,,false,false,
PAIR00711:BASE,PAIR00711,GW231108_125142,BASE,19,21,input,NAMED,ref-det,ref-det,refdet,=,2,8bf797aa02bd65b7cbd52155f6e010be77bb3d461320dac4c74c12d749d81066,false,,false,false,
PAIR00711:BASE,PAIR00711,GW231108_125142,BASE,20,22,input,NAMED,trigtime,trigtime,trigtime,=,17,1272e381d41b61923074166343af1a97468c16eea36dbbe8b78a0b87ddc5641d,false,,false,false,
PAIR00711:BASE,PAIR00711,GW231108_125142,BASE,21,23,input,NAMED,detectors,detectors,detectors,=,5,3b0244de8d58e5217d2f9d33788bf9ff487c7cf82068b932f86e382eefc8bcfe,false,,false,false,
PAIR00711:BASE,PAIR00711,GW231108_125142,BASE,22,24,input,NAMED,window-onsource,window-onsource,windowonsource,=,1,5feceb66ffc86f38d952786c6d696c79c2dbc239dd4e91b46729d73a27fb57e9,false,,false,false,
PAIR00711:BASE,PAIR00711,GW231108_125142,BASE,23,25,input,NAMED,noise-chunksize,noise-chunksize,noisechunksize,=,3,fbd04e1aae9ce0b11a8946e2c9ac2619f7428a64d32d01eff61d809dcb70ee8e,false,,false,false,
PAIR00711:BASE,PAIR00711,GW231108_125142,BASE,24,26,input,NAMED,signal-chunksize,signal-chunksize,signalchunksize,=,3,fbd04e1aae9ce0b11a8946e2c9ac2619f7428a64d32d01eff61d809dcb70ee8e,false,,false,false,
PAIR00711:BASE,PAIR00711,GW231108_125142,BASE,25,27,input,NAMED,amp-non-prec-sym,amp-non-prec-sym,ampnonprecsym,=,1,6b86b273ff34fce19d6b804eff5a3f5747ada4eaa22f1d49c01e52ddb7875b4b,false,,false,false,
PAIR00711:BASE,PAIR00711,GW231108_125142,BASE,26,28,input,NAMED,max-Kerr-amp-ratio,max-kerr-amp-ratio,maxkerrampratio,=,3,8aed642bf5118b9d3c859bd4be35ecac75b6e873cce34e7b6f554b06f75550d7,true,TARGET_LIKE_CANDIDATE,true,false,0.0
PAIR00711:BASE,PAIR00711,GW231108_125142,BASE,27,29,input,NAMED,kerr-modes,kerr-modes,kerrmodes,=,11,918b8617dd99e65be623b6a29009ed5cc07e2badeba955417690d4002c8f430b,true,KERR_MODES,true,false,"[(2,2,2,0)]"
PAIR00711:BASE,PAIR00711,GW231108_125142,BASE,28,30,input,NAMED,spheroidal,spheroidal,spheroidal,=,1,5feceb66ffc86f38d952786c6d696c79c2dbc239dd4e91b46729d73a27fb57e9,false,,false,false,
PAIR00711:BASE,PAIR00711,GW231108_125142,BASE,29,31,input,NAMED,reference-amplitude,reference-amplitude,referenceamplitude,=,5,64a930966aa1b51c0cc3f0747e943493b4dd46e75f7aba72f837f9adfa7d8c3d,false,,false,false,
PAIR00711:BASE,PAIR00711,GW231108_125142,BASE,30,32,input,NAMED,psd-H1,psd-h1,psdh1,=,0,e3b0c44298fc1c149afbf4c8996fb92427ae41e4649b934ca495991b7852b855,false,,false,false,
PAIR00711:BASE,PAIR00711,GW231108_125142,BASE,31,33,input,NAMED,psd-L1,psd-l1,psdl1,=,0,e3b0c44298fc1c149afbf4c8996fb92427ae41e4649b934ca495991b7852b855,false,,false,false,
PAIR00711:BASE,PAIR00711,GW231108_125142,BASE,32,34,input,NAMED,psd-V1,psd-v1,psdv1,=,0,e3b0c44298fc1c149afbf4c8996fb92427ae41e4649b934ca495991b7852b855,false,,false,false,
PAIR00711:BASE,PAIR00711,GW231108_125142,BASE,33,35,input,NAMED,injection-T,injection-t,injectiont,=,1,5feceb66ffc86f38d952786c6d696c79c2dbc239dd4e91b46729d73a27fb57e9,false,,false,false,
PAIR00711:BASE,PAIR00711,GW231108_125142,BASE,34,36,input,NAMED,injection-scaling,injection-scaling,injectionscaling,=,3,d0ff5974b6aa52cf562bea5921840c032a860a91a3512f7fe8f768f6bbe005f6,false,,false,false,
PAIR00711:BASE,PAIR00711,GW231108_125142,BASE,35,37,input,NAMED,gaussian-noise,gaussian-noise,gaussiannoise,=,0,e3b0c44298fc1c149afbf4c8996fb92427ae41e4649b934ca495991b7852b855,false,,false,false,
PAIR00711:BASE,PAIR00711,GW231108_125142,BASE,36,38,input,NAMED,injection-approximant,injection-approximant,injectionapproximant,=,0,e3b0c44298fc1c149afbf4c8996fb92427ae41e4649b934ca495991b7852b855,false,,false,false,
PAIR00711:BASE,PAIR00711,GW231108_125142,BASE,37,39,input,NAMED,zero-noise,zero-noise,zeronoise,=,1,5feceb66ffc86f38d952786c6d696c79c2dbc239dd4e91b46729d73a27fb57e9,false,,false,false,
PAIR00711:BASE,PAIR00711,GW231108_125142,BASE,38,40,input,NAMED,sky-frame,sky-frame,skyframe,=,10,5df6b59dfafca1111fa87f6072971ed8f4719d44cfe95bd6a7490e0e7010579d,false,,false,false,
PAIR00711:BASE,PAIR00711,GW231108_125142,BASE,39,41,input,NAMED,truncate,truncate,truncate,=,1,6b86b273ff34fce19d6b804eff5a3f5747ada4eaa22f1d49c01e52ddb7875b4b,false,,false,false,
PAIR00711:BASE,PAIR00711,GW231108_125142,BASE,40,42,input,NAMED,analysis-duration,analysis-duration,analysisduration,=,3,44896b09365746b5f7167ee4d64988a38f7f4628803cbf86224e74eeb7c69e9d,false,,false,false,
PAIR00711:BASE,PAIR00711,GW231108_125142,BASE,41,43,input,NAMED,run-tag,run-tag,runtag,=,6,b80f6b485bcb2eb62c8837dc0584594ad24fdae1debd0342debf7e038d14c866,false,,false,false,
PAIR00711:BASE,PAIR00711,GW231108_125142,BASE,42,47,Sampler settings,NAMED,nlive,nlive,nlive,=,4,8b926d75599a618e21f1341318e66517be26e18cc7496783d2b59758c1333be8,false,,false,false,
PAIR00711:BASE,PAIR00711,GW231108_125142,BASE,43,48,Sampler settings,NAMED,poolsize,poolsize,poolsize,=,3,ad57366865126e55649ecb23ae1d48887544976efea46a48eb5d85a6eeb4d306,false,,false,false,
PAIR00711:BASE,PAIR00711,GW231108_125142,BASE,44,49,Sampler settings,NAMED,maxmcmc,maxmcmc,maxmcmc,=,4,8b926d75599a618e21f1341318e66517be26e18cc7496783d2b59758c1333be8,false,,false,false,
PAIR00711:BASE,PAIR00711,GW231108_125142,BASE,45,50,Sampler settings,NAMED,nthreads,nthreads,nthreads,=,1,6b86b273ff34fce19d6b804eff5a3f5747ada4eaa22f1d49c01e52ddb7875b4b,false,,false,false,
PAIR00711:BASE,PAIR00711,GW231108_125142,BASE,46,51,Sampler settings,NAMED,verbose,verbose,verbose,=,1,d4735e3a265e16eee03f59718b9b5d03019c07d8b6c51f90da3a666eec13ab35,false,,false,false,
PAIR00711:BASE,PAIR00711,GW231108_125142,BASE,47,52,Sampler settings,NAMED,seed,seed,seed,=,4,7b346904f63cc07f1d8cc2d88d7dae08a3f088a0e4159d5214c27a6571a51eb4,false,,false,false,
PAIR00711:BASE,PAIR00711,GW231108_125142,BASE,48,56,Priors,NAMED,gr-time-prior,gr-time-prior,grtimeprior,=,1,6b86b273ff34fce19d6b804eff5a3f5747ada4eaa22f1d49c01e52ddb7875b4b,false,,false,false,
PAIR00711:BASE,PAIR00711,GW231108_125142,BASE,49,57,Priors,NAMED,mf-time-prior,mf-time-prior,mftimeprior,=,16,e5b22ae27a0aca52796a0f2771ece932ee359079fdbb2b8f4f24a32a654c89fb,false,,false,false,
PAIR00711:BASE,PAIR00711,GW231108_125142,BASE,50,58,Priors,NAMED,t-min,t-min,tmin,=,2,4a44dc15364204a80fe80e9039455cc1608281820fe2b24f1e5233ade6af1dd5,false,,false,false,
PAIR00711:BASE,PAIR00711,GW231108_125142,BASE,51,59,Priors,NAMED,t-max,t-max,tmax,=,2,39fa9ec190eee7b6f4dff1100d6343e10918d044c75eac8f9e9a2596173f80c9,false,,false,false,
PAIR00711:BASE,PAIR00711,GW231108_125142,BASE,52,60,Priors,NAMED,fix-t,fix-t,fixt,=,8,76a587fc8ea59f0a7774ac1d0e697e990f1165ef39d35c665cace3ab2d054027,false,,false,false,
PAIR00711:BASE,PAIR00711,GW231108_125142,BASE,53,61,Priors,NAMED,fix-ra,fix-ra,fixra,=,17,c72e03673c1e05821d310e01dc15bfdf91327cd00af74cf9161ff385665928dc,false,,false,false,
PAIR00711:BASE,PAIR00711,GW231108_125142,BASE,54,62,Priors,NAMED,fix-dec,fix-dec,fixdec,=,18,d0861a377f118e6447d6c79624c7042b9dee18df781a56473a22003a7416878b,false,,false,false,
PAIR00711:BASE,PAIR00711,GW231108_125142,BASE,55,63,Priors,NAMED,fix-phi,fix-phi,fixphi,=,3,8aed642bf5118b9d3c859bd4be35ecac75b6e873cce34e7b6f554b06f75550d7,false,,false,false,
PAIR00711:VARIANT,PAIR00711,GW231108_125142,VARIANT,1,3,input,NAMED,run-type,run-type,runtype,=,4,a18b869b2e81c0c529552a3c4fa5c92ed08b98a4e146aed778d71d27517f83ac,false,,false,false,
PAIR00711:VARIANT,PAIR00711,GW231108_125142,VARIANT,2,4,input,NAMED,sampling-rate,sampling-rate,samplingrate,=,6,e75c3d41e5235b3b2911777152402ad9c9747a12e0021fab801d0fcc1580d076,false,,false,false,
PAIR00711:VARIANT,PAIR00711,GW231108_125142,VARIANT,3,5,input,NAMED,f-min-bp,f-min-bp,fminbp,=,4,585348dbd28810f9a34f57be46f000c5f9effab894d074713d93fe7ccfeb3b76,false,,false,false,
PAIR00711:VARIANT,PAIR00711,GW231108_125142,VARIANT,4,6,input,NAMED,f-max-bp,f-max-bp,fmaxbp,=,6,fddd30227ad776813b0af144db3610e985b228ba22f365f0132a4b270de7694a,false,,false,false,
PAIR00711:VARIANT,PAIR00711,GW231108_125142,VARIANT,5,7,input,NAMED,output,output,output,=,24,5b2355648694a4527af201b5c1f2cd274e0a3a2fdfb0ad962b6a73a04a0b283b,false,,false,false,
PAIR00711:VARIANT,PAIR00711,GW231108_125142,VARIANT,6,8,input,NAMED,download-data,download-data,downloaddata,=,1,6b86b273ff34fce19d6b804eff5a3f5747ada4eaa22f1d49c01e52ddb7875b4b,false,,false,false,
PAIR00711:VARIANT,PAIR00711,GW231108_125142,VARIANT,7,9,input,NAMED,datalen-download,datalen-download,datalendownload,=,4,f81b732a59389bd6838affaf36f9a3b6d9fe736b4e99f146571a5b1b935283e9,false,,false,false,
PAIR00711:VARIANT,PAIR00711,GW231108_125142,VARIANT,8,10,input,NAMED,channel-H1,channel-h1,channelh1,=,28,19a08d2e9b9f86ab015dfa721d16ffb749bff3c1b6cc9bc57e498d8021581df9,false,,false,false,
PAIR00711:VARIANT,PAIR00711,GW231108_125142,VARIANT,9,11,input,NAMED,channel-L1,channel-l1,channell1,=,28,fcede5f51dc717380e3072435c419d9ca94c127e7d1737dc870bc534d794b981,false,,false,false,
PAIR00711:VARIANT,PAIR00711,GW231108_125142,VARIANT,10,12,input,NAMED,channel-V1,channel-v1,channelv1,=,0,e3b0c44298fc1c149afbf4c8996fb92427ae41e4649b934ca495991b7852b855,false,,false,false,
PAIR00711:VARIANT,PAIR00711,GW231108_125142,VARIANT,11,13,input,NAMED,data-H1,data-h1,datah1,=,0,e3b0c44298fc1c149afbf4c8996fb92427ae41e4649b934ca495991b7852b855,false,,false,false,
PAIR00711:VARIANT,PAIR00711,GW231108_125142,VARIANT,12,14,input,NAMED,data-L1,data-l1,datal1,=,0,e3b0c44298fc1c149afbf4c8996fb92427ae41e4649b934ca495991b7852b855,false,,false,false,
PAIR00711:VARIANT,PAIR00711,GW231108_125142,VARIANT,13,15,input,NAMED,data-V1,data-v1,datav1,=,0,e3b0c44298fc1c149afbf4c8996fb92427ae41e4649b934ca495991b7852b855,false,,false,false,
PAIR00711:VARIANT,PAIR00711,GW231108_125142,VARIANT,14,16,input,NAMED,ignore-data-filename,ignore-data-filename,ignoredatafilename,=,1,5feceb66ffc86f38d952786c6d696c79c2dbc239dd4e91b46729d73a27fb57e9,false,,false,false,
PAIR00711:VARIANT,PAIR00711,GW231108_125142,VARIANT,15,17,input,NAMED,gw-data-find,gw-data-find,gwdatafind,=,1,5feceb66ffc86f38d952786c6d696c79c2dbc239dd4e91b46729d73a27fb57e9,false,,false,false,
PAIR00711:VARIANT,PAIR00711,GW231108_125142,VARIANT,16,18,input,NAMED,gw-data-type-H1,gw-data-type-h1,gwdatatypeh1,=,0,e3b0c44298fc1c149afbf4c8996fb92427ae41e4649b934ca495991b7852b855,false,,false,false,
PAIR00711:VARIANT,PAIR00711,GW231108_125142,VARIANT,17,19,input,NAMED,gw-data-type-L1,gw-data-type-l1,gwdatatypel1,=,0,e3b0c44298fc1c149afbf4c8996fb92427ae41e4649b934ca495991b7852b855,false,,false,false,
PAIR00711:VARIANT,PAIR00711,GW231108_125142,VARIANT,18,20,input,NAMED,gw-data-type-V1,gw-data-type-v1,gwdatatypev1,=,0,e3b0c44298fc1c149afbf4c8996fb92427ae41e4649b934ca495991b7852b855,false,,false,false,
PAIR00711:VARIANT,PAIR00711,GW231108_125142,VARIANT,19,21,input,NAMED,ref-det,ref-det,refdet,=,2,8bf797aa02bd65b7cbd52155f6e010be77bb3d461320dac4c74c12d749d81066,false,,false,false,
PAIR00711:VARIANT,PAIR00711,GW231108_125142,VARIANT,20,22,input,NAMED,trigtime,trigtime,trigtime,=,17,1272e381d41b61923074166343af1a97468c16eea36dbbe8b78a0b87ddc5641d,false,,false,false,
PAIR00711:VARIANT,PAIR00711,GW231108_125142,VARIANT,21,23,input,NAMED,detectors,detectors,detectors,=,5,3b0244de8d58e5217d2f9d33788bf9ff487c7cf82068b932f86e382eefc8bcfe,false,,false,false,
PAIR00711:VARIANT,PAIR00711,GW231108_125142,VARIANT,22,24,input,NAMED,window-onsource,window-onsource,windowonsource,=,1,5feceb66ffc86f38d952786c6d696c79c2dbc239dd4e91b46729d73a27fb57e9,false,,false,false,
PAIR00711:VARIANT,PAIR00711,GW231108_125142,VARIANT,23,25,input,NAMED,noise-chunksize,noise-chunksize,noisechunksize,=,3,fbd04e1aae9ce0b11a8946e2c9ac2619f7428a64d32d01eff61d809dcb70ee8e,false,,false,false,
PAIR00711:VARIANT,PAIR00711,GW231108_125142,VARIANT,24,26,input,NAMED,signal-chunksize,signal-chunksize,signalchunksize,=,3,fbd04e1aae9ce0b11a8946e2c9ac2619f7428a64d32d01eff61d809dcb70ee8e,false,,false,false,
PAIR00711:VARIANT,PAIR00711,GW231108_125142,VARIANT,25,27,input,NAMED,amp-non-prec-sym,amp-non-prec-sym,ampnonprecsym,=,1,6b86b273ff34fce19d6b804eff5a3f5747ada4eaa22f1d49c01e52ddb7875b4b,false,,false,false,
PAIR00711:VARIANT,PAIR00711,GW231108_125142,VARIANT,26,28,input,NAMED,max-Kerr-amp-ratio,max-kerr-amp-ratio,maxkerrampratio,=,3,8aed642bf5118b9d3c859bd4be35ecac75b6e873cce34e7b6f554b06f75550d7,true,TARGET_LIKE_CANDIDATE,true,false,0.0
PAIR00711:VARIANT,PAIR00711,GW231108_125142,VARIANT,27,29,input,NAMED,kerr-modes,kerr-modes,kerrmodes,=,22,bc200f256cf28b74cec3f8e364af97fbd24eb4ea100fb87bf554622a407e809f,true,KERR_MODES,true,false,"[(2,2,2,0), (2,2,2,1)]"
PAIR00711:VARIANT,PAIR00711,GW231108_125142,VARIANT,28,30,input,NAMED,spheroidal,spheroidal,spheroidal,=,1,5feceb66ffc86f38d952786c6d696c79c2dbc239dd4e91b46729d73a27fb57e9,false,,false,false,
PAIR00711:VARIANT,PAIR00711,GW231108_125142,VARIANT,29,31,input,NAMED,reference-amplitude,reference-amplitude,referenceamplitude,=,5,64a930966aa1b51c0cc3f0747e943493b4dd46e75f7aba72f837f9adfa7d8c3d,false,,false,false,
PAIR00711:VARIANT,PAIR00711,GW231108_125142,VARIANT,30,32,input,NAMED,psd-H1,psd-h1,psdh1,=,0,e3b0c44298fc1c149afbf4c8996fb92427ae41e4649b934ca495991b7852b855,false,,false,false,
PAIR00711:VARIANT,PAIR00711,GW231108_125142,VARIANT,31,33,input,NAMED,psd-L1,psd-l1,psdl1,=,0,e3b0c44298fc1c149afbf4c8996fb92427ae41e4649b934ca495991b7852b855,false,,false,false,
PAIR00711:VARIANT,PAIR00711,GW231108_125142,VARIANT,32,34,input,NAMED,psd-V1,psd-v1,psdv1,=,0,e3b0c44298fc1c149afbf4c8996fb92427ae41e4649b934ca495991b7852b855,false,,false,false,
PAIR00711:VARIANT,PAIR00711,GW231108_125142,VARIANT,33,35,input,NAMED,injection-T,injection-t,injectiont,=,1,5feceb66ffc86f38d952786c6d696c79c2dbc239dd4e91b46729d73a27fb57e9,false,,false,false,
PAIR00711:VARIANT,PAIR00711,GW231108_125142,VARIANT,34,36,input,NAMED,injection-scaling,injection-scaling,injectionscaling,=,3,d0ff5974b6aa52cf562bea5921840c032a860a91a3512f7fe8f768f6bbe005f6,false,,false,false,
PAIR00711:VARIANT,PAIR00711,GW231108_125142,VARIANT,35,37,input,NAMED,gaussian-noise,gaussian-noise,gaussiannoise,=,0,e3b0c44298fc1c149afbf4c8996fb92427ae41e4649b934ca495991b7852b855,false,,false,false,
PAIR00711:VARIANT,PAIR00711,GW231108_125142,VARIANT,36,38,input,NAMED,injection-approximant,injection-approximant,injectionapproximant,=,0,e3b0c44298fc1c149afbf4c8996fb92427ae41e4649b934ca495991b7852b855,false,,false,false,
PAIR00711:VARIANT,PAIR00711,GW231108_125142,VARIANT,37,39,input,NAMED,zero-noise,zero-noise,zeronoise,=,1,5feceb66ffc86f38d952786c6d696c79c2dbc239dd4e91b46729d73a27fb57e9,false,,false,false,
PAIR00711:VARIANT,PAIR00711,GW231108_125142,VARIANT,38,40,input,NAMED,sky-frame,sky-frame,skyframe,=,10,5df6b59dfafca1111fa87f6072971ed8f4719d44cfe95bd6a7490e0e7010579d,false,,false,false,
PAIR00711:VARIANT,PAIR00711,GW231108_125142,VARIANT,39,41,input,NAMED,truncate,truncate,truncate,=,1,6b86b273ff34fce19d6b804eff5a3f5747ada4eaa22f1d49c01e52ddb7875b4b,false,,false,false,
PAIR00711:VARIANT,PAIR00711,GW231108_125142,VARIANT,40,42,input,NAMED,analysis-duration,analysis-duration,analysisduration,=,3,44896b09365746b5f7167ee4d64988a38f7f4628803cbf86224e74eeb7c69e9d,false,,false,false,
PAIR00711:VARIANT,PAIR00711,GW231108_125142,VARIANT,41,43,input,NAMED,run-tag,run-tag,runtag,=,6,b80f6b485bcb2eb62c8837dc0584594ad24fdae1debd0342debf7e038d14c866,false,,false,false,
PAIR00711:VARIANT,PAIR00711,GW231108_125142,VARIANT,42,47,Sampler settings,NAMED,nlive,nlive,nlive,=,4,8b926d75599a618e21f1341318e66517be26e18cc7496783d2b59758c1333be8,false,,false,false,
PAIR00711:VARIANT,PAIR00711,GW231108_125142,VARIANT,43,48,Sampler settings,NAMED,poolsize,poolsize,poolsize,=,3,ad57366865126e55649ecb23ae1d48887544976efea46a48eb5d85a6eeb4d306,false,,false,false,
PAIR00711:VARIANT,PAIR00711,GW231108_125142,VARIANT,44,49,Sampler settings,NAMED,maxmcmc,maxmcmc,maxmcmc,=,4,8b926d75599a618e21f1341318e66517be26e18cc7496783d2b59758c1333be8,false,,false,false,
PAIR00711:VARIANT,PAIR00711,GW231108_125142,VARIANT,45,50,Sampler settings,NAMED,nthreads,nthreads,nthreads,=,1,6b86b273ff34fce19d6b804eff5a3f5747ada4eaa22f1d49c01e52ddb7875b4b,false,,false,false,
PAIR00711:VARIANT,PAIR00711,GW231108_125142,VARIANT,46,51,Sampler settings,NAMED,verbose,verbose,verbose,=,1,d4735e3a265e16eee03f59718b9b5d03019c07d8b6c51f90da3a666eec13ab35,false,,false,false,
PAIR00711:VARIANT,PAIR00711,GW231108_125142,VARIANT,47,52,Sampler settings,NAMED,seed,seed,seed,=,4,7b346904f63cc07f1d8cc2d88d7dae08a3f088a0e4159d5214c27a6571a51eb4,false,,false,false,
PAIR00711:VARIANT,PAIR00711,GW231108_125142,VARIANT,48,56,Priors,NAMED,gr-time-prior,gr-time-prior,grtimeprior,=,1,6b86b273ff34fce19d6b804eff5a3f5747ada4eaa22f1d49c01e52ddb7875b4b,false,,false,false,
PAIR00711:VARIANT,PAIR00711,GW231108_125142,VARIANT,49,57,Priors,NAMED,mf-time-prior,mf-time-prior,mftimeprior,=,16,e5b22ae27a0aca52796a0f2771ece932ee359079fdbb2b8f4f24a32a654c89fb,false,,false,false,
PAIR00711:VARIANT,PAIR00711,GW231108_125142,VARIANT,50,58,Priors,NAMED,t-min,t-min,tmin,=,2,4a44dc15364204a80fe80e9039455cc1608281820fe2b24f1e5233ade6af1dd5,false,,false,false,
PAIR00711:VARIANT,PAIR00711,GW231108_125142,VARIANT,51,59,Priors,NAMED,t-max,t-max,tmax,=,2,39fa9ec190eee7b6f4dff1100d6343e10918d044c75eac8f9e9a2596173f80c9,false,,false,false,
PAIR00711:VARIANT,PAIR00711,GW231108_125142,VARIANT,52,60,Priors,NAMED,fix-t,fix-t,fixt,=,8,76a587fc8ea59f0a7774ac1d0e697e990f1165ef39d35c665cace3ab2d054027,false,,false,false,
PAIR00711:VARIANT,PAIR00711,GW231108_125142,VARIANT,53,61,Priors,NAMED,fix-ra,fix-ra,fixra,=,17,c72e03673c1e05821d310e01dc15bfdf91327cd00af74cf9161ff385665928dc,false,,false,false,
PAIR00711:VARIANT,PAIR00711,GW231108_125142,VARIANT,54,62,Priors,NAMED,fix-dec,fix-dec,fixdec,=,18,d0861a377f118e6447d6c79624c7042b9dee18df781a56473a22003a7416878b,false,,false,false,
PAIR00711:VARIANT,PAIR00711,GW231108_125142,VARIANT,55,63,Priors,NAMED,fix-phi,fix-phi,fixphi,=,3,8aed642bf5118b9d3c859bd4be35ecac75b6e873cce34e7b6f554b06f75550d7,false,,false,false,
PAIR00754:BASE,PAIR00754,GW231206_233134,BASE,1,3,input,NAMED,run-type,run-type,runtype,=,4,a18b869b2e81c0c529552a3c4fa5c92ed08b98a4e146aed778d71d27517f83ac,false,,false,false,
PAIR00754:BASE,PAIR00754,GW231206_233134,BASE,2,4,input,NAMED,sampling-rate,sampling-rate,samplingrate,=,6,e75c3d41e5235b3b2911777152402ad9c9747a12e0021fab801d0fcc1580d076,false,,false,false,
PAIR00754:BASE,PAIR00754,GW231206_233134,BASE,3,5,input,NAMED,f-min-bp,f-min-bp,fminbp,=,4,e15274dcfe2d0cb541e8aa23fef7aaaa116bfcbc937d35ffda9d4506c8d7e785,false,,false,false,
PAIR00754:BASE,PAIR00754,GW231206_233134,BASE,4,6,input,NAMED,f-max-bp,f-max-bp,fmaxbp,=,6,fddd30227ad776813b0af144db3610e985b228ba22f365f0132a4b270de7694a,false,,false,false,
PAIR00754:BASE,PAIR00754,GW231206_233134,BASE,5,7,input,NAMED,output,output,output,=,24,5b2355648694a4527af201b5c1f2cd274e0a3a2fdfb0ad962b6a73a04a0b283b,false,,false,false,
PAIR00754:BASE,PAIR00754,GW231206_233134,BASE,6,8,input,NAMED,download-data,download-data,downloaddata,=,1,6b86b273ff34fce19d6b804eff5a3f5747ada4eaa22f1d49c01e52ddb7875b4b,false,,false,false,
PAIR00754:BASE,PAIR00754,GW231206_233134,BASE,7,9,input,NAMED,datalen-download,datalen-download,datalendownload,=,4,f81b732a59389bd6838affaf36f9a3b6d9fe736b4e99f146571a5b1b935283e9,false,,false,false,
PAIR00754:BASE,PAIR00754,GW231206_233134,BASE,8,10,input,NAMED,channel-H1,channel-h1,channelh1,=,28,19a08d2e9b9f86ab015dfa721d16ffb749bff3c1b6cc9bc57e498d8021581df9,false,,false,false,
PAIR00754:BASE,PAIR00754,GW231206_233134,BASE,9,11,input,NAMED,channel-L1,channel-l1,channell1,=,28,fcede5f51dc717380e3072435c419d9ca94c127e7d1737dc870bc534d794b981,false,,false,false,
PAIR00754:BASE,PAIR00754,GW231206_233134,BASE,10,12,input,NAMED,channel-V1,channel-v1,channelv1,=,0,e3b0c44298fc1c149afbf4c8996fb92427ae41e4649b934ca495991b7852b855,false,,false,false,
PAIR00754:BASE,PAIR00754,GW231206_233134,BASE,11,13,input,NAMED,data-H1,data-h1,datah1,=,0,e3b0c44298fc1c149afbf4c8996fb92427ae41e4649b934ca495991b7852b855,false,,false,false,
PAIR00754:BASE,PAIR00754,GW231206_233134,BASE,12,14,input,NAMED,data-L1,data-l1,datal1,=,0,e3b0c44298fc1c149afbf4c8996fb92427ae41e4649b934ca495991b7852b855,false,,false,false,
PAIR00754:BASE,PAIR00754,GW231206_233134,BASE,13,15,input,NAMED,data-V1,data-v1,datav1,=,0,e3b0c44298fc1c149afbf4c8996fb92427ae41e4649b934ca495991b7852b855,false,,false,false,
PAIR00754:BASE,PAIR00754,GW231206_233134,BASE,14,16,input,NAMED,ignore-data-filename,ignore-data-filename,ignoredatafilename,=,1,5feceb66ffc86f38d952786c6d696c79c2dbc239dd4e91b46729d73a27fb57e9,false,,false,false,
PAIR00754:BASE,PAIR00754,GW231206_233134,BASE,15,17,input,NAMED,gw-data-find,gw-data-find,gwdatafind,=,1,5feceb66ffc86f38d952786c6d696c79c2dbc239dd4e91b46729d73a27fb57e9,false,,false,false,
PAIR00754:BASE,PAIR00754,GW231206_233134,BASE,16,18,input,NAMED,gw-data-type-H1,gw-data-type-h1,gwdatatypeh1,=,0,e3b0c44298fc1c149afbf4c8996fb92427ae41e4649b934ca495991b7852b855,false,,false,false,
PAIR00754:BASE,PAIR00754,GW231206_233134,BASE,17,19,input,NAMED,gw-data-type-L1,gw-data-type-l1,gwdatatypel1,=,0,e3b0c44298fc1c149afbf4c8996fb92427ae41e4649b934ca495991b7852b855,false,,false,false,
PAIR00754:BASE,PAIR00754,GW231206_233134,BASE,18,20,input,NAMED,gw-data-type-V1,gw-data-type-v1,gwdatatypev1,=,0,e3b0c44298fc1c149afbf4c8996fb92427ae41e4649b934ca495991b7852b855,false,,false,false,
PAIR00754:BASE,PAIR00754,GW231206_233134,BASE,19,21,input,NAMED,ref-det,ref-det,refdet,=,2,8bf797aa02bd65b7cbd52155f6e010be77bb3d461320dac4c74c12d749d81066,false,,false,false,
PAIR00754:BASE,PAIR00754,GW231206_233134,BASE,20,22,input,NAMED,trigtime,trigtime,trigtime,=,18,267e9ca714efe8b777c4e387177f1ae55a962879d462b48aad88c037885d64a4,false,,false,false,
PAIR00754:BASE,PAIR00754,GW231206_233134,BASE,21,23,input,NAMED,detectors,detectors,detectors,=,5,3b0244de8d58e5217d2f9d33788bf9ff487c7cf82068b932f86e382eefc8bcfe,false,,false,false,
PAIR00754:BASE,PAIR00754,GW231206_233134,BASE,22,24,input,NAMED,window-onsource,window-onsource,windowonsource,=,1,5feceb66ffc86f38d952786c6d696c79c2dbc239dd4e91b46729d73a27fb57e9,false,,false,false,
PAIR00754:BASE,PAIR00754,GW231206_233134,BASE,23,25,input,NAMED,noise-chunksize,noise-chunksize,noisechunksize,=,3,fbd04e1aae9ce0b11a8946e2c9ac2619f7428a64d32d01eff61d809dcb70ee8e,false,,false,false,
PAIR00754:BASE,PAIR00754,GW231206_233134,BASE,24,26,input,NAMED,signal-chunksize,signal-chunksize,signalchunksize,=,3,fbd04e1aae9ce0b11a8946e2c9ac2619f7428a64d32d01eff61d809dcb70ee8e,false,,false,false,
PAIR00754:BASE,PAIR00754,GW231206_233134,BASE,25,27,input,NAMED,amp-non-prec-sym,amp-non-prec-sym,ampnonprecsym,=,1,6b86b273ff34fce19d6b804eff5a3f5747ada4eaa22f1d49c01e52ddb7875b4b,false,,false,false,
PAIR00754:BASE,PAIR00754,GW231206_233134,BASE,26,28,input,NAMED,max-Kerr-amp-ratio,max-kerr-amp-ratio,maxkerrampratio,=,3,8aed642bf5118b9d3c859bd4be35ecac75b6e873cce34e7b6f554b06f75550d7,true,TARGET_LIKE_CANDIDATE,true,false,0.0
PAIR00754:BASE,PAIR00754,GW231206_233134,BASE,27,29,input,NAMED,kerr-modes,kerr-modes,kerrmodes,=,11,918b8617dd99e65be623b6a29009ed5cc07e2badeba955417690d4002c8f430b,true,KERR_MODES,true,false,"[(2,2,2,0)]"
PAIR00754:BASE,PAIR00754,GW231206_233134,BASE,28,30,input,NAMED,spheroidal,spheroidal,spheroidal,=,1,5feceb66ffc86f38d952786c6d696c79c2dbc239dd4e91b46729d73a27fb57e9,false,,false,false,
PAIR00754:BASE,PAIR00754,GW231206_233134,BASE,29,31,input,NAMED,reference-amplitude,reference-amplitude,referenceamplitude,=,5,64a930966aa1b51c0cc3f0747e943493b4dd46e75f7aba72f837f9adfa7d8c3d,false,,false,false,
PAIR00754:BASE,PAIR00754,GW231206_233134,BASE,30,32,input,NAMED,psd-H1,psd-h1,psdh1,=,0,e3b0c44298fc1c149afbf4c8996fb92427ae41e4649b934ca495991b7852b855,false,,false,false,
PAIR00754:BASE,PAIR00754,GW231206_233134,BASE,31,33,input,NAMED,psd-L1,psd-l1,psdl1,=,0,e3b0c44298fc1c149afbf4c8996fb92427ae41e4649b934ca495991b7852b855,false,,false,false,
PAIR00754:BASE,PAIR00754,GW231206_233134,BASE,32,34,input,NAMED,psd-V1,psd-v1,psdv1,=,0,e3b0c44298fc1c149afbf4c8996fb92427ae41e4649b934ca495991b7852b855,false,,false,false,
PAIR00754:BASE,PAIR00754,GW231206_233134,BASE,33,35,input,NAMED,injection-T,injection-t,injectiont,=,1,5feceb66ffc86f38d952786c6d696c79c2dbc239dd4e91b46729d73a27fb57e9,false,,false,false,
PAIR00754:BASE,PAIR00754,GW231206_233134,BASE,34,36,input,NAMED,injection-scaling,injection-scaling,injectionscaling,=,3,d0ff5974b6aa52cf562bea5921840c032a860a91a3512f7fe8f768f6bbe005f6,false,,false,false,
PAIR00754:BASE,PAIR00754,GW231206_233134,BASE,35,37,input,NAMED,gaussian-noise,gaussian-noise,gaussiannoise,=,0,e3b0c44298fc1c149afbf4c8996fb92427ae41e4649b934ca495991b7852b855,false,,false,false,
PAIR00754:BASE,PAIR00754,GW231206_233134,BASE,36,38,input,NAMED,injection-approximant,injection-approximant,injectionapproximant,=,0,e3b0c44298fc1c149afbf4c8996fb92427ae41e4649b934ca495991b7852b855,false,,false,false,
PAIR00754:BASE,PAIR00754,GW231206_233134,BASE,37,39,input,NAMED,zero-noise,zero-noise,zeronoise,=,1,5feceb66ffc86f38d952786c6d696c79c2dbc239dd4e91b46729d73a27fb57e9,false,,false,false,
PAIR00754:BASE,PAIR00754,GW231206_233134,BASE,38,40,input,NAMED,sky-frame,sky-frame,skyframe,=,10,5df6b59dfafca1111fa87f6072971ed8f4719d44cfe95bd6a7490e0e7010579d,false,,false,false,
PAIR00754:BASE,PAIR00754,GW231206_233134,BASE,39,41,input,NAMED,truncate,truncate,truncate,=,1,6b86b273ff34fce19d6b804eff5a3f5747ada4eaa22f1d49c01e52ddb7875b4b,false,,false,false,
PAIR00754:BASE,PAIR00754,GW231206_233134,BASE,40,42,input,NAMED,analysis-duration,analysis-duration,analysisduration,=,3,44896b09365746b5f7167ee4d64988a38f7f4628803cbf86224e74eeb7c69e9d,false,,false,false,
PAIR00754:BASE,PAIR00754,GW231206_233134,BASE,41,43,input,NAMED,run-tag,run-tag,runtag,=,6,b80f6b485bcb2eb62c8837dc0584594ad24fdae1debd0342debf7e038d14c866,false,,false,false,
PAIR00754:BASE,PAIR00754,GW231206_233134,BASE,42,47,Sampler settings,NAMED,nlive,nlive,nlive,=,4,8b926d75599a618e21f1341318e66517be26e18cc7496783d2b59758c1333be8,false,,false,false,
PAIR00754:BASE,PAIR00754,GW231206_233134,BASE,43,48,Sampler settings,NAMED,poolsize,poolsize,poolsize,=,3,ad57366865126e55649ecb23ae1d48887544976efea46a48eb5d85a6eeb4d306,false,,false,false,
PAIR00754:BASE,PAIR00754,GW231206_233134,BASE,44,49,Sampler settings,NAMED,maxmcmc,maxmcmc,maxmcmc,=,4,8b926d75599a618e21f1341318e66517be26e18cc7496783d2b59758c1333be8,false,,false,false,
PAIR00754:BASE,PAIR00754,GW231206_233134,BASE,45,50,Sampler settings,NAMED,nthreads,nthreads,nthreads,=,1,6b86b273ff34fce19d6b804eff5a3f5747ada4eaa22f1d49c01e52ddb7875b4b,false,,false,false,
PAIR00754:BASE,PAIR00754,GW231206_233134,BASE,46,51,Sampler settings,NAMED,verbose,verbose,verbose,=,1,d4735e3a265e16eee03f59718b9b5d03019c07d8b6c51f90da3a666eec13ab35,false,,false,false,
PAIR00754:BASE,PAIR00754,GW231206_233134,BASE,47,52,Sampler settings,NAMED,seed,seed,seed,=,4,7b346904f63cc07f1d8cc2d88d7dae08a3f088a0e4159d5214c27a6571a51eb4,false,,false,false,
PAIR00754:BASE,PAIR00754,GW231206_233134,BASE,48,56,Priors,NAMED,gr-time-prior,gr-time-prior,grtimeprior,=,1,6b86b273ff34fce19d6b804eff5a3f5747ada4eaa22f1d49c01e52ddb7875b4b,false,,false,false,
PAIR00754:BASE,PAIR00754,GW231206_233134,BASE,49,57,Priors,NAMED,mf-time-prior,mf-time-prior,mftimeprior,=,17,c6b3633c9f6ec1769e533790d9c70b04077f45433406f8d55670967489db13d4,false,,false,false,
PAIR00754:BASE,PAIR00754,GW231206_233134,BASE,50,58,Priors,NAMED,t-min,t-min,tmin,=,2,4a44dc15364204a80fe80e9039455cc1608281820fe2b24f1e5233ade6af1dd5,false,,false,false,
PAIR00754:BASE,PAIR00754,GW231206_233134,BASE,51,59,Priors,NAMED,t-max,t-max,tmax,=,2,39fa9ec190eee7b6f4dff1100d6343e10918d044c75eac8f9e9a2596173f80c9,false,,false,false,
PAIR00754:BASE,PAIR00754,GW231206_233134,BASE,52,60,Priors,NAMED,fix-t,fix-t,fixt,=,8,7deb6e7b79a4d6b993e116a5145d7a34837aa4c26d05e10a54b441d81f2930b1,false,,false,false,
PAIR00754:BASE,PAIR00754,GW231206_233134,BASE,53,61,Priors,NAMED,fix-ra,fix-ra,fixra,=,17,6d818b0f6da69ddb3ed468d970d2276c272e59dc441c3ae67c3866fd1a3ab98d,false,,false,false,
PAIR00754:BASE,PAIR00754,GW231206_233134,BASE,54,62,Priors,NAMED,fix-dec,fix-dec,fixdec,=,18,658970c40b03363c64dee9252e9d356aac0c9c19ffc19c636bc1cf96b427ce0c,false,,false,false,
PAIR00754:BASE,PAIR00754,GW231206_233134,BASE,55,63,Priors,NAMED,fix-phi,fix-phi,fixphi,=,3,8aed642bf5118b9d3c859bd4be35ecac75b6e873cce34e7b6f554b06f75550d7,false,,false,false,
PAIR00754:VARIANT,PAIR00754,GW231206_233134,VARIANT,1,3,input,NAMED,run-type,run-type,runtype,=,4,a18b869b2e81c0c529552a3c4fa5c92ed08b98a4e146aed778d71d27517f83ac,false,,false,false,
PAIR00754:VARIANT,PAIR00754,GW231206_233134,VARIANT,2,4,input,NAMED,sampling-rate,sampling-rate,samplingrate,=,6,e75c3d41e5235b3b2911777152402ad9c9747a12e0021fab801d0fcc1580d076,false,,false,false,
PAIR00754:VARIANT,PAIR00754,GW231206_233134,VARIANT,3,5,input,NAMED,f-min-bp,f-min-bp,fminbp,=,4,e15274dcfe2d0cb541e8aa23fef7aaaa116bfcbc937d35ffda9d4506c8d7e785,false,,false,false,
PAIR00754:VARIANT,PAIR00754,GW231206_233134,VARIANT,4,6,input,NAMED,f-max-bp,f-max-bp,fmaxbp,=,6,fddd30227ad776813b0af144db3610e985b228ba22f365f0132a4b270de7694a,false,,false,false,
PAIR00754:VARIANT,PAIR00754,GW231206_233134,VARIANT,5,7,input,NAMED,output,output,output,=,24,5b2355648694a4527af201b5c1f2cd274e0a3a2fdfb0ad962b6a73a04a0b283b,false,,false,false,
PAIR00754:VARIANT,PAIR00754,GW231206_233134,VARIANT,6,8,input,NAMED,download-data,download-data,downloaddata,=,1,6b86b273ff34fce19d6b804eff5a3f5747ada4eaa22f1d49c01e52ddb7875b4b,false,,false,false,
PAIR00754:VARIANT,PAIR00754,GW231206_233134,VARIANT,7,9,input,NAMED,datalen-download,datalen-download,datalendownload,=,4,f81b732a59389bd6838affaf36f9a3b6d9fe736b4e99f146571a5b1b935283e9,false,,false,false,
PAIR00754:VARIANT,PAIR00754,GW231206_233134,VARIANT,8,10,input,NAMED,channel-H1,channel-h1,channelh1,=,28,19a08d2e9b9f86ab015dfa721d16ffb749bff3c1b6cc9bc57e498d8021581df9,false,,false,false,
PAIR00754:VARIANT,PAIR00754,GW231206_233134,VARIANT,9,11,input,NAMED,channel-L1,channel-l1,channell1,=,28,fcede5f51dc717380e3072435c419d9ca94c127e7d1737dc870bc534d794b981,false,,false,false,
PAIR00754:VARIANT,PAIR00754,GW231206_233134,VARIANT,10,12,input,NAMED,channel-V1,channel-v1,channelv1,=,0,e3b0c44298fc1c149afbf4c8996fb92427ae41e4649b934ca495991b7852b855,false,,false,false,
PAIR00754:VARIANT,PAIR00754,GW231206_233134,VARIANT,11,13,input,NAMED,data-H1,data-h1,datah1,=,0,e3b0c44298fc1c149afbf4c8996fb92427ae41e4649b934ca495991b7852b855,false,,false,false,
PAIR00754:VARIANT,PAIR00754,GW231206_233134,VARIANT,12,14,input,NAMED,data-L1,data-l1,datal1,=,0,e3b0c44298fc1c149afbf4c8996fb92427ae41e4649b934ca495991b7852b855,false,,false,false,
PAIR00754:VARIANT,PAIR00754,GW231206_233134,VARIANT,13,15,input,NAMED,data-V1,data-v1,datav1,=,0,e3b0c44298fc1c149afbf4c8996fb92427ae41e4649b934ca495991b7852b855,false,,false,false,
PAIR00754:VARIANT,PAIR00754,GW231206_233134,VARIANT,14,16,input,NAMED,ignore-data-filename,ignore-data-filename,ignoredatafilename,=,1,5feceb66ffc86f38d952786c6d696c79c2dbc239dd4e91b46729d73a27fb57e9,false,,false,false,
PAIR00754:VARIANT,PAIR00754,GW231206_233134,VARIANT,15,17,input,NAMED,gw-data-find,gw-data-find,gwdatafind,=,1,5feceb66ffc86f38d952786c6d696c79c2dbc239dd4e91b46729d73a27fb57e9,false,,false,false,
PAIR00754:VARIANT,PAIR00754,GW231206_233134,VARIANT,16,18,input,NAMED,gw-data-type-H1,gw-data-type-h1,gwdatatypeh1,=,0,e3b0c44298fc1c149afbf4c8996fb92427ae41e4649b934ca495991b7852b855,false,,false,false,
PAIR00754:VARIANT,PAIR00754,GW231206_233134,VARIANT,17,19,input,NAMED,gw-data-type-L1,gw-data-type-l1,gwdatatypel1,=,0,e3b0c44298fc1c149afbf4c8996fb92427ae41e4649b934ca495991b7852b855,false,,false,false,
PAIR00754:VARIANT,PAIR00754,GW231206_233134,VARIANT,18,20,input,NAMED,gw-data-type-V1,gw-data-type-v1,gwdatatypev1,=,0,e3b0c44298fc1c149afbf4c8996fb92427ae41e4649b934ca495991b7852b855,false,,false,false,
PAIR00754:VARIANT,PAIR00754,GW231206_233134,VARIANT,19,21,input,NAMED,ref-det,ref-det,refdet,=,2,8bf797aa02bd65b7cbd52155f6e010be77bb3d461320dac4c74c12d749d81066,false,,false,false,
PAIR00754:VARIANT,PAIR00754,GW231206_233134,VARIANT,20,22,input,NAMED,trigtime,trigtime,trigtime,=,18,267e9ca714efe8b777c4e387177f1ae55a962879d462b48aad88c037885d64a4,false,,false,false,
PAIR00754:VARIANT,PAIR00754,GW231206_233134,VARIANT,21,23,input,NAMED,detectors,detectors,detectors,=,5,3b0244de8d58e5217d2f9d33788bf9ff487c7cf82068b932f86e382eefc8bcfe,false,,false,false,
PAIR00754:VARIANT,PAIR00754,GW231206_233134,VARIANT,22,24,input,NAMED,window-onsource,window-onsource,windowonsource,=,1,5feceb66ffc86f38d952786c6d696c79c2dbc239dd4e91b46729d73a27fb57e9,false,,false,false,
PAIR00754:VARIANT,PAIR00754,GW231206_233134,VARIANT,23,25,input,NAMED,noise-chunksize,noise-chunksize,noisechunksize,=,3,fbd04e1aae9ce0b11a8946e2c9ac2619f7428a64d32d01eff61d809dcb70ee8e,false,,false,false,
PAIR00754:VARIANT,PAIR00754,GW231206_233134,VARIANT,24,26,input,NAMED,signal-chunksize,signal-chunksize,signalchunksize,=,3,fbd04e1aae9ce0b11a8946e2c9ac2619f7428a64d32d01eff61d809dcb70ee8e,false,,false,false,
PAIR00754:VARIANT,PAIR00754,GW231206_233134,VARIANT,25,27,input,NAMED,amp-non-prec-sym,amp-non-prec-sym,ampnonprecsym,=,1,6b86b273ff34fce19d6b804eff5a3f5747ada4eaa22f1d49c01e52ddb7875b4b,false,,false,false,
PAIR00754:VARIANT,PAIR00754,GW231206_233134,VARIANT,26,28,input,NAMED,max-Kerr-amp-ratio,max-kerr-amp-ratio,maxkerrampratio,=,3,8aed642bf5118b9d3c859bd4be35ecac75b6e873cce34e7b6f554b06f75550d7,true,TARGET_LIKE_CANDIDATE,true,false,0.0
PAIR00754:VARIANT,PAIR00754,GW231206_233134,VARIANT,27,29,input,NAMED,kerr-modes,kerr-modes,kerrmodes,=,22,8075378dd5a2edf48eebd53e80d9db914f017e62321215bc792b03c8bc4b9705,true,KERR_MODES,true,false,"[(2,2,2,0), (2,3,2,0)]"
PAIR00754:VARIANT,PAIR00754,GW231206_233134,VARIANT,28,30,input,NAMED,spheroidal,spheroidal,spheroidal,=,1,5feceb66ffc86f38d952786c6d696c79c2dbc239dd4e91b46729d73a27fb57e9,false,,false,false,
PAIR00754:VARIANT,PAIR00754,GW231206_233134,VARIANT,29,31,input,NAMED,reference-amplitude,reference-amplitude,referenceamplitude,=,5,64a930966aa1b51c0cc3f0747e943493b4dd46e75f7aba72f837f9adfa7d8c3d,false,,false,false,
PAIR00754:VARIANT,PAIR00754,GW231206_233134,VARIANT,30,32,input,NAMED,psd-H1,psd-h1,psdh1,=,0,e3b0c44298fc1c149afbf4c8996fb92427ae41e4649b934ca495991b7852b855,false,,false,false,
PAIR00754:VARIANT,PAIR00754,GW231206_233134,VARIANT,31,33,input,NAMED,psd-L1,psd-l1,psdl1,=,0,e3b0c44298fc1c149afbf4c8996fb92427ae41e4649b934ca495991b7852b855,false,,false,false,
PAIR00754:VARIANT,PAIR00754,GW231206_233134,VARIANT,32,34,input,NAMED,psd-V1,psd-v1,psdv1,=,0,e3b0c44298fc1c149afbf4c8996fb92427ae41e4649b934ca495991b7852b855,false,,false,false,
PAIR00754:VARIANT,PAIR00754,GW231206_233134,VARIANT,33,35,input,NAMED,injection-T,injection-t,injectiont,=,1,5feceb66ffc86f38d952786c6d696c79c2dbc239dd4e91b46729d73a27fb57e9,false,,false,false,
PAIR00754:VARIANT,PAIR00754,GW231206_233134,VARIANT,34,36,input,NAMED,injection-scaling,injection-scaling,injectionscaling,=,3,d0ff5974b6aa52cf562bea5921840c032a860a91a3512f7fe8f768f6bbe005f6,false,,false,false,
PAIR00754:VARIANT,PAIR00754,GW231206_233134,VARIANT,35,37,input,NAMED,gaussian-noise,gaussian-noise,gaussiannoise,=,0,e3b0c44298fc1c149afbf4c8996fb92427ae41e4649b934ca495991b7852b855,false,,false,false,
PAIR00754:VARIANT,PAIR00754,GW231206_233134,VARIANT,36,38,input,NAMED,injection-approximant,injection-approximant,injectionapproximant,=,0,e3b0c44298fc1c149afbf4c8996fb92427ae41e4649b934ca495991b7852b855,false,,false,false,
PAIR00754:VARIANT,PAIR00754,GW231206_233134,VARIANT,37,39,input,NAMED,zero-noise,zero-noise,zeronoise,=,1,5feceb66ffc86f38d952786c6d696c79c2dbc239dd4e91b46729d73a27fb57e9,false,,false,false,
PAIR00754:VARIANT,PAIR00754,GW231206_233134,VARIANT,38,40,input,NAMED,sky-frame,sky-frame,skyframe,=,10,5df6b59dfafca1111fa87f6072971ed8f4719d44cfe95bd6a7490e0e7010579d,false,,false,false,
PAIR00754:VARIANT,PAIR00754,GW231206_233134,VARIANT,39,41,input,NAMED,truncate,truncate,truncate,=,1,6b86b273ff34fce19d6b804eff5a3f5747ada4eaa22f1d49c01e52ddb7875b4b,false,,false,false,
PAIR00754:VARIANT,PAIR00754,GW231206_233134,VARIANT,40,42,input,NAMED,analysis-duration,analysis-duration,analysisduration,=,3,44896b09365746b5f7167ee4d64988a38f7f4628803cbf86224e74eeb7c69e9d,false,,false,false,
PAIR00754:VARIANT,PAIR00754,GW231206_233134,VARIANT,41,43,input,NAMED,run-tag,run-tag,runtag,=,6,b80f6b485bcb2eb62c8837dc0584594ad24fdae1debd0342debf7e038d14c866,false,,false,false,
PAIR00754:VARIANT,PAIR00754,GW231206_233134,VARIANT,42,47,Sampler settings,NAMED,nlive,nlive,nlive,=,4,8b926d75599a618e21f1341318e66517be26e18cc7496783d2b59758c1333be8,false,,false,false,
PAIR00754:VARIANT,PAIR00754,GW231206_233134,VARIANT,43,48,Sampler settings,NAMED,poolsize,poolsize,poolsize,=,3,ad57366865126e55649ecb23ae1d48887544976efea46a48eb5d85a6eeb4d306,false,,false,false,
PAIR00754:VARIANT,PAIR00754,GW231206_233134,VARIANT,44,49,Sampler settings,NAMED,maxmcmc,maxmcmc,maxmcmc,=,4,8b926d75599a618e21f1341318e66517be26e18cc7496783d2b59758c1333be8,false,,false,false,
PAIR00754:VARIANT,PAIR00754,GW231206_233134,VARIANT,45,50,Sampler settings,NAMED,nthreads,nthreads,nthreads,=,1,6b86b273ff34fce19d6b804eff5a3f5747ada4eaa22f1d49c01e52ddb7875b4b,false,,false,false,
PAIR00754:VARIANT,PAIR00754,GW231206_233134,VARIANT,46,51,Sampler settings,NAMED,verbose,verbose,verbose,=,1,d4735e3a265e16eee03f59718b9b5d03019c07d8b6c51f90da3a666eec13ab35,false,,false,false,
PAIR00754:VARIANT,PAIR00754,GW231206_233134,VARIANT,47,52,Sampler settings,NAMED,seed,seed,seed,=,4,7b346904f63cc07f1d8cc2d88d7dae08a3f088a0e4159d5214c27a6571a51eb4,false,,false,false,
PAIR00754:VARIANT,PAIR00754,GW231206_233134,VARIANT,48,56,Priors,NAMED,gr-time-prior,gr-time-prior,grtimeprior,=,1,6b86b273ff34fce19d6b804eff5a3f5747ada4eaa22f1d49c01e52ddb7875b4b,false,,false,false,
PAIR00754:VARIANT,PAIR00754,GW231206_233134,VARIANT,49,57,Priors,NAMED,mf-time-prior,mf-time-prior,mftimeprior,=,17,c6b3633c9f6ec1769e533790d9c70b04077f45433406f8d55670967489db13d4,false,,false,false,
PAIR00754:VARIANT,PAIR00754,GW231206_233134,VARIANT,50,58,Priors,NAMED,t-min,t-min,tmin,=,2,4a44dc15364204a80fe80e9039455cc1608281820fe2b24f1e5233ade6af1dd5,false,,false,false,
PAIR00754:VARIANT,PAIR00754,GW231206_233134,VARIANT,51,59,Priors,NAMED,t-max,t-max,tmax,=,2,39fa9ec190eee7b6f4dff1100d6343e10918d044c75eac8f9e9a2596173f80c9,false,,false,false,
PAIR00754:VARIANT,PAIR00754,GW231206_233134,VARIANT,52,60,Priors,NAMED,fix-t,fix-t,fixt,=,8,7deb6e7b79a4d6b993e116a5145d7a34837aa4c26d05e10a54b441d81f2930b1,false,,false,false,
PAIR00754:VARIANT,PAIR00754,GW231206_233134,VARIANT,53,61,Priors,NAMED,fix-ra,fix-ra,fixra,=,17,6d818b0f6da69ddb3ed468d970d2276c272e59dc441c3ae67c3866fd1a3ab98d,false,,false,false,
PAIR00754:VARIANT,PAIR00754,GW231206_233134,VARIANT,54,62,Priors,NAMED,fix-dec,fix-dec,fixdec,=,18,658970c40b03363c64dee9252e9d356aac0c9c19ffc19c636bc1cf96b427ce0c,false,,false,false,
PAIR00754:VARIANT,PAIR00754,GW231206_233134,VARIANT,55,63,Priors,NAMED,fix-phi,fix-phi,fixphi,=,3,8aed642bf5118b9d3c859bd4be35ecac75b6e873cce34e7b6f554b06f75550d7,false,,false,false,
PAIR00792:BASE,PAIR00792,GW231206_233901,BASE,1,3,input,NAMED,run-type,run-type,runtype,=,4,a18b869b2e81c0c529552a3c4fa5c92ed08b98a4e146aed778d71d27517f83ac,false,,false,false,
PAIR00792:BASE,PAIR00792,GW231206_233901,BASE,2,4,input,NAMED,sampling-rate,sampling-rate,samplingrate,=,6,e75c3d41e5235b3b2911777152402ad9c9747a12e0021fab801d0fcc1580d076,false,,false,false,
PAIR00792:BASE,PAIR00792,GW231206_233901,BASE,3,5,input,NAMED,f-min-bp,f-min-bp,fminbp,=,4,585348dbd28810f9a34f57be46f000c5f9effab894d074713d93fe7ccfeb3b76,false,,false,false,
PAIR00792:BASE,PAIR00792,GW231206_233901,BASE,4,6,input,NAMED,f-max-bp,f-max-bp,fmaxbp,=,6,fddd30227ad776813b0af144db3610e985b228ba22f365f0132a4b270de7694a,false,,false,false,
PAIR00792:BASE,PAIR00792,GW231206_233901,BASE,5,7,input,NAMED,output,output,output,=,24,5b2355648694a4527af201b5c1f2cd274e0a3a2fdfb0ad962b6a73a04a0b283b,false,,false,false,
PAIR00792:BASE,PAIR00792,GW231206_233901,BASE,6,8,input,NAMED,download-data,download-data,downloaddata,=,1,6b86b273ff34fce19d6b804eff5a3f5747ada4eaa22f1d49c01e52ddb7875b4b,false,,false,false,
PAIR00792:BASE,PAIR00792,GW231206_233901,BASE,7,9,input,NAMED,datalen-download,datalen-download,datalendownload,=,4,f81b732a59389bd6838affaf36f9a3b6d9fe736b4e99f146571a5b1b935283e9,false,,false,false,
PAIR00792:BASE,PAIR00792,GW231206_233901,BASE,8,10,input,NAMED,channel-H1,channel-h1,channelh1,=,28,19a08d2e9b9f86ab015dfa721d16ffb749bff3c1b6cc9bc57e498d8021581df9,false,,false,false,
PAIR00792:BASE,PAIR00792,GW231206_233901,BASE,9,11,input,NAMED,channel-L1,channel-l1,channell1,=,28,fcede5f51dc717380e3072435c419d9ca94c127e7d1737dc870bc534d794b981,false,,false,false,
PAIR00792:BASE,PAIR00792,GW231206_233901,BASE,10,12,input,NAMED,channel-V1,channel-v1,channelv1,=,0,e3b0c44298fc1c149afbf4c8996fb92427ae41e4649b934ca495991b7852b855,false,,false,false,
PAIR00792:BASE,PAIR00792,GW231206_233901,BASE,11,13,input,NAMED,data-H1,data-h1,datah1,=,0,e3b0c44298fc1c149afbf4c8996fb92427ae41e4649b934ca495991b7852b855,false,,false,false,
PAIR00792:BASE,PAIR00792,GW231206_233901,BASE,12,14,input,NAMED,data-L1,data-l1,datal1,=,0,e3b0c44298fc1c149afbf4c8996fb92427ae41e4649b934ca495991b7852b855,false,,false,false,
PAIR00792:BASE,PAIR00792,GW231206_233901,BASE,13,15,input,NAMED,data-V1,data-v1,datav1,=,0,e3b0c44298fc1c149afbf4c8996fb92427ae41e4649b934ca495991b7852b855,false,,false,false,
PAIR00792:BASE,PAIR00792,GW231206_233901,BASE,14,16,input,NAMED,ignore-data-filename,ignore-data-filename,ignoredatafilename,=,1,5feceb66ffc86f38d952786c6d696c79c2dbc239dd4e91b46729d73a27fb57e9,false,,false,false,
PAIR00792:BASE,PAIR00792,GW231206_233901,BASE,15,17,input,NAMED,gw-data-find,gw-data-find,gwdatafind,=,1,5feceb66ffc86f38d952786c6d696c79c2dbc239dd4e91b46729d73a27fb57e9,false,,false,false,
PAIR00792:BASE,PAIR00792,GW231206_233901,BASE,16,18,input,NAMED,gw-data-type-H1,gw-data-type-h1,gwdatatypeh1,=,0,e3b0c44298fc1c149afbf4c8996fb92427ae41e4649b934ca495991b7852b855,false,,false,false,
PAIR00792:BASE,PAIR00792,GW231206_233901,BASE,17,19,input,NAMED,gw-data-type-L1,gw-data-type-l1,gwdatatypel1,=,0,e3b0c44298fc1c149afbf4c8996fb92427ae41e4649b934ca495991b7852b855,false,,false,false,
PAIR00792:BASE,PAIR00792,GW231206_233901,BASE,18,20,input,NAMED,gw-data-type-V1,gw-data-type-v1,gwdatatypev1,=,0,e3b0c44298fc1c149afbf4c8996fb92427ae41e4649b934ca495991b7852b855,false,,false,false,
PAIR00792:BASE,PAIR00792,GW231206_233901,BASE,19,21,input,NAMED,ref-det,ref-det,refdet,=,2,8bf797aa02bd65b7cbd52155f6e010be77bb3d461320dac4c74c12d749d81066,false,,false,false,
PAIR00792:BASE,PAIR00792,GW231206_233901,BASE,20,22,input,NAMED,trigtime,trigtime,trigtime,=,17,b643e0971dbfa0e0522b6dfefa8b7a6cf638d0e090284312a046d9d7cce447b8,false,,false,false,
PAIR00792:BASE,PAIR00792,GW231206_233901,BASE,21,23,input,NAMED,detectors,detectors,detectors,=,5,3b0244de8d58e5217d2f9d33788bf9ff487c7cf82068b932f86e382eefc8bcfe,false,,false,false,
PAIR00792:BASE,PAIR00792,GW231206_233901,BASE,22,24,input,NAMED,window-onsource,window-onsource,windowonsource,=,1,5feceb66ffc86f38d952786c6d696c79c2dbc239dd4e91b46729d73a27fb57e9,false,,false,false,
PAIR00792:BASE,PAIR00792,GW231206_233901,BASE,23,25,input,NAMED,noise-chunksize,noise-chunksize,noisechunksize,=,3,fbd04e1aae9ce0b11a8946e2c9ac2619f7428a64d32d01eff61d809dcb70ee8e,false,,false,false,
PAIR00792:BASE,PAIR00792,GW231206_233901,BASE,24,26,input,NAMED,signal-chunksize,signal-chunksize,signalchunksize,=,3,fbd04e1aae9ce0b11a8946e2c9ac2619f7428a64d32d01eff61d809dcb70ee8e,false,,false,false,
PAIR00792:BASE,PAIR00792,GW231206_233901,BASE,25,27,input,NAMED,amp-non-prec-sym,amp-non-prec-sym,ampnonprecsym,=,1,6b86b273ff34fce19d6b804eff5a3f5747ada4eaa22f1d49c01e52ddb7875b4b,false,,false,false,
PAIR00792:BASE,PAIR00792,GW231206_233901,BASE,26,28,input,NAMED,max-Kerr-amp-ratio,max-kerr-amp-ratio,maxkerrampratio,=,3,8aed642bf5118b9d3c859bd4be35ecac75b6e873cce34e7b6f554b06f75550d7,true,TARGET_LIKE_CANDIDATE,true,false,0.0
PAIR00792:BASE,PAIR00792,GW231206_233901,BASE,27,29,input,NAMED,kerr-modes,kerr-modes,kerrmodes,=,11,918b8617dd99e65be623b6a29009ed5cc07e2badeba955417690d4002c8f430b,true,KERR_MODES,true,false,"[(2,2,2,0)]"
PAIR00792:BASE,PAIR00792,GW231206_233901,BASE,28,30,input,NAMED,spheroidal,spheroidal,spheroidal,=,1,5feceb66ffc86f38d952786c6d696c79c2dbc239dd4e91b46729d73a27fb57e9,false,,false,false,
PAIR00792:BASE,PAIR00792,GW231206_233901,BASE,29,31,input,NAMED,reference-amplitude,reference-amplitude,referenceamplitude,=,5,64a930966aa1b51c0cc3f0747e943493b4dd46e75f7aba72f837f9adfa7d8c3d,false,,false,false,
PAIR00792:BASE,PAIR00792,GW231206_233901,BASE,30,32,input,NAMED,psd-H1,psd-h1,psdh1,=,0,e3b0c44298fc1c149afbf4c8996fb92427ae41e4649b934ca495991b7852b855,false,,false,false,
PAIR00792:BASE,PAIR00792,GW231206_233901,BASE,31,33,input,NAMED,psd-L1,psd-l1,psdl1,=,0,e3b0c44298fc1c149afbf4c8996fb92427ae41e4649b934ca495991b7852b855,false,,false,false,
PAIR00792:BASE,PAIR00792,GW231206_233901,BASE,32,34,input,NAMED,psd-V1,psd-v1,psdv1,=,0,e3b0c44298fc1c149afbf4c8996fb92427ae41e4649b934ca495991b7852b855,false,,false,false,
PAIR00792:BASE,PAIR00792,GW231206_233901,BASE,33,35,input,NAMED,injection-T,injection-t,injectiont,=,1,5feceb66ffc86f38d952786c6d696c79c2dbc239dd4e91b46729d73a27fb57e9,false,,false,false,
PAIR00792:BASE,PAIR00792,GW231206_233901,BASE,34,36,input,NAMED,injection-scaling,injection-scaling,injectionscaling,=,3,d0ff5974b6aa52cf562bea5921840c032a860a91a3512f7fe8f768f6bbe005f6,false,,false,false,
PAIR00792:BASE,PAIR00792,GW231206_233901,BASE,35,37,input,NAMED,gaussian-noise,gaussian-noise,gaussiannoise,=,0,e3b0c44298fc1c149afbf4c8996fb92427ae41e4649b934ca495991b7852b855,false,,false,false,
PAIR00792:BASE,PAIR00792,GW231206_233901,BASE,36,38,input,NAMED,injection-approximant,injection-approximant,injectionapproximant,=,0,e3b0c44298fc1c149afbf4c8996fb92427ae41e4649b934ca495991b7852b855,false,,false,false,
PAIR00792:BASE,PAIR00792,GW231206_233901,BASE,37,39,input,NAMED,zero-noise,zero-noise,zeronoise,=,1,5feceb66ffc86f38d952786c6d696c79c2dbc239dd4e91b46729d73a27fb57e9,false,,false,false,
PAIR00792:BASE,PAIR00792,GW231206_233901,BASE,38,40,input,NAMED,sky-frame,sky-frame,skyframe,=,10,5df6b59dfafca1111fa87f6072971ed8f4719d44cfe95bd6a7490e0e7010579d,false,,false,false,
PAIR00792:BASE,PAIR00792,GW231206_233901,BASE,39,41,input,NAMED,truncate,truncate,truncate,=,1,6b86b273ff34fce19d6b804eff5a3f5747ada4eaa22f1d49c01e52ddb7875b4b,false,,false,false,
PAIR00792:BASE,PAIR00792,GW231206_233901,BASE,40,42,input,NAMED,analysis-duration,analysis-duration,analysisduration,=,3,44896b09365746b5f7167ee4d64988a38f7f4628803cbf86224e74eeb7c69e9d,false,,false,false,
PAIR00792:BASE,PAIR00792,GW231206_233901,BASE,41,43,input,NAMED,run-tag,run-tag,runtag,=,6,b80f6b485bcb2eb62c8837dc0584594ad24fdae1debd0342debf7e038d14c866,false,,false,false,
PAIR00792:BASE,PAIR00792,GW231206_233901,BASE,42,47,Sampler settings,NAMED,nlive,nlive,nlive,=,4,8b926d75599a618e21f1341318e66517be26e18cc7496783d2b59758c1333be8,false,,false,false,
PAIR00792:BASE,PAIR00792,GW231206_233901,BASE,43,48,Sampler settings,NAMED,poolsize,poolsize,poolsize,=,3,ad57366865126e55649ecb23ae1d48887544976efea46a48eb5d85a6eeb4d306,false,,false,false,
PAIR00792:BASE,PAIR00792,GW231206_233901,BASE,44,49,Sampler settings,NAMED,maxmcmc,maxmcmc,maxmcmc,=,4,8b926d75599a618e21f1341318e66517be26e18cc7496783d2b59758c1333be8,false,,false,false,
PAIR00792:BASE,PAIR00792,GW231206_233901,BASE,45,50,Sampler settings,NAMED,nthreads,nthreads,nthreads,=,1,6b86b273ff34fce19d6b804eff5a3f5747ada4eaa22f1d49c01e52ddb7875b4b,false,,false,false,
PAIR00792:BASE,PAIR00792,GW231206_233901,BASE,46,51,Sampler settings,NAMED,verbose,verbose,verbose,=,1,d4735e3a265e16eee03f59718b9b5d03019c07d8b6c51f90da3a666eec13ab35,false,,false,false,
PAIR00792:BASE,PAIR00792,GW231206_233901,BASE,47,52,Sampler settings,NAMED,seed,seed,seed,=,4,7b346904f63cc07f1d8cc2d88d7dae08a3f088a0e4159d5214c27a6571a51eb4,false,,false,false,
PAIR00792:BASE,PAIR00792,GW231206_233901,BASE,48,56,Priors,NAMED,gr-time-prior,gr-time-prior,grtimeprior,=,1,6b86b273ff34fce19d6b804eff5a3f5747ada4eaa22f1d49c01e52ddb7875b4b,false,,false,false,
PAIR00792:BASE,PAIR00792,GW231206_233901,BASE,49,57,Priors,NAMED,mf-time-prior,mf-time-prior,mftimeprior,=,16,fa46e8c5c7099a699333427082195754062bf57be26d9a389bda0c4cde78bca4,false,,false,false,
PAIR00792:BASE,PAIR00792,GW231206_233901,BASE,50,58,Priors,NAMED,t-min,t-min,tmin,=,2,4a44dc15364204a80fe80e9039455cc1608281820fe2b24f1e5233ade6af1dd5,false,,false,false,
PAIR00792:BASE,PAIR00792,GW231206_233901,BASE,51,59,Priors,NAMED,t-max,t-max,tmax,=,2,39fa9ec190eee7b6f4dff1100d6343e10918d044c75eac8f9e9a2596173f80c9,false,,false,false,
PAIR00792:BASE,PAIR00792,GW231206_233901,BASE,52,60,Priors,NAMED,fix-t,fix-t,fixt,=,8,e9fde9f851bff68c05fcb2c04d9efaa321581afd2961e2ba67ca516c4c290959,false,,false,false,
PAIR00792:BASE,PAIR00792,GW231206_233901,BASE,53,61,Priors,NAMED,fix-ra,fix-ra,fixra,=,19,68cba6bd02b3bb6b94a971516d690832b5c346e32054147c1ffb84366fc33ab5,false,,false,false,
PAIR00792:BASE,PAIR00792,GW231206_233901,BASE,54,62,Priors,NAMED,fix-dec,fix-dec,fixdec,=,18,8d256ce181350f570270c6c3571fe02aab8cd6f9d54e316e49f7cc36b6d1ec86,false,,false,false,
PAIR00792:BASE,PAIR00792,GW231206_233901,BASE,55,63,Priors,NAMED,fix-phi,fix-phi,fixphi,=,3,8aed642bf5118b9d3c859bd4be35ecac75b6e873cce34e7b6f554b06f75550d7,false,,false,false,
PAIR00792:VARIANT,PAIR00792,GW231206_233901,VARIANT,1,3,input,NAMED,run-type,run-type,runtype,=,4,a18b869b2e81c0c529552a3c4fa5c92ed08b98a4e146aed778d71d27517f83ac,false,,false,false,
PAIR00792:VARIANT,PAIR00792,GW231206_233901,VARIANT,2,4,input,NAMED,sampling-rate,sampling-rate,samplingrate,=,6,e75c3d41e5235b3b2911777152402ad9c9747a12e0021fab801d0fcc1580d076,false,,false,false,
PAIR00792:VARIANT,PAIR00792,GW231206_233901,VARIANT,3,5,input,NAMED,f-min-bp,f-min-bp,fminbp,=,4,585348dbd28810f9a34f57be46f000c5f9effab894d074713d93fe7ccfeb3b76,false,,false,false,
PAIR00792:VARIANT,PAIR00792,GW231206_233901,VARIANT,4,6,input,NAMED,f-max-bp,f-max-bp,fmaxbp,=,6,fddd30227ad776813b0af144db3610e985b228ba22f365f0132a4b270de7694a,false,,false,false,
PAIR00792:VARIANT,PAIR00792,GW231206_233901,VARIANT,5,7,input,NAMED,output,output,output,=,24,5b2355648694a4527af201b5c1f2cd274e0a3a2fdfb0ad962b6a73a04a0b283b,false,,false,false,
PAIR00792:VARIANT,PAIR00792,GW231206_233901,VARIANT,6,8,input,NAMED,download-data,download-data,downloaddata,=,1,6b86b273ff34fce19d6b804eff5a3f5747ada4eaa22f1d49c01e52ddb7875b4b,false,,false,false,
PAIR00792:VARIANT,PAIR00792,GW231206_233901,VARIANT,7,9,input,NAMED,datalen-download,datalen-download,datalendownload,=,4,f81b732a59389bd6838affaf36f9a3b6d9fe736b4e99f146571a5b1b935283e9,false,,false,false,
PAIR00792:VARIANT,PAIR00792,GW231206_233901,VARIANT,8,10,input,NAMED,channel-H1,channel-h1,channelh1,=,28,19a08d2e9b9f86ab015dfa721d16ffb749bff3c1b6cc9bc57e498d8021581df9,false,,false,false,
PAIR00792:VARIANT,PAIR00792,GW231206_233901,VARIANT,9,11,input,NAMED,channel-L1,channel-l1,channell1,=,28,fcede5f51dc717380e3072435c419d9ca94c127e7d1737dc870bc534d794b981,false,,false,false,
PAIR00792:VARIANT,PAIR00792,GW231206_233901,VARIANT,10,12,input,NAMED,channel-V1,channel-v1,channelv1,=,0,e3b0c44298fc1c149afbf4c8996fb92427ae41e4649b934ca495991b7852b855,false,,false,false,
PAIR00792:VARIANT,PAIR00792,GW231206_233901,VARIANT,11,13,input,NAMED,data-H1,data-h1,datah1,=,0,e3b0c44298fc1c149afbf4c8996fb92427ae41e4649b934ca495991b7852b855,false,,false,false,
PAIR00792:VARIANT,PAIR00792,GW231206_233901,VARIANT,12,14,input,NAMED,data-L1,data-l1,datal1,=,0,e3b0c44298fc1c149afbf4c8996fb92427ae41e4649b934ca495991b7852b855,false,,false,false,
PAIR00792:VARIANT,PAIR00792,GW231206_233901,VARIANT,13,15,input,NAMED,data-V1,data-v1,datav1,=,0,e3b0c44298fc1c149afbf4c8996fb92427ae41e4649b934ca495991b7852b855,false,,false,false,
PAIR00792:VARIANT,PAIR00792,GW231206_233901,VARIANT,14,16,input,NAMED,ignore-data-filename,ignore-data-filename,ignoredatafilename,=,1,5feceb66ffc86f38d952786c6d696c79c2dbc239dd4e91b46729d73a27fb57e9,false,,false,false,
PAIR00792:VARIANT,PAIR00792,GW231206_233901,VARIANT,15,17,input,NAMED,gw-data-find,gw-data-find,gwdatafind,=,1,5feceb66ffc86f38d952786c6d696c79c2dbc239dd4e91b46729d73a27fb57e9,false,,false,false,
PAIR00792:VARIANT,PAIR00792,GW231206_233901,VARIANT,16,18,input,NAMED,gw-data-type-H1,gw-data-type-h1,gwdatatypeh1,=,0,e3b0c44298fc1c149afbf4c8996fb92427ae41e4649b934ca495991b7852b855,false,,false,false,
PAIR00792:VARIANT,PAIR00792,GW231206_233901,VARIANT,17,19,input,NAMED,gw-data-type-L1,gw-data-type-l1,gwdatatypel1,=,0,e3b0c44298fc1c149afbf4c8996fb92427ae41e4649b934ca495991b7852b855,false,,false,false,
PAIR00792:VARIANT,PAIR00792,GW231206_233901,VARIANT,18,20,input,NAMED,gw-data-type-V1,gw-data-type-v1,gwdatatypev1,=,0,e3b0c44298fc1c149afbf4c8996fb92427ae41e4649b934ca495991b7852b855,false,,false,false,
PAIR00792:VARIANT,PAIR00792,GW231206_233901,VARIANT,19,21,input,NAMED,ref-det,ref-det,refdet,=,2,8bf797aa02bd65b7cbd52155f6e010be77bb3d461320dac4c74c12d749d81066,false,,false,false,
PAIR00792:VARIANT,PAIR00792,GW231206_233901,VARIANT,20,22,input,NAMED,trigtime,trigtime,trigtime,=,17,b643e0971dbfa0e0522b6dfefa8b7a6cf638d0e090284312a046d9d7cce447b8,false,,false,false,
PAIR00792:VARIANT,PAIR00792,GW231206_233901,VARIANT,21,23,input,NAMED,detectors,detectors,detectors,=,5,3b0244de8d58e5217d2f9d33788bf9ff487c7cf82068b932f86e382eefc8bcfe,false,,false,false,
PAIR00792:VARIANT,PAIR00792,GW231206_233901,VARIANT,22,24,input,NAMED,window-onsource,window-onsource,windowonsource,=,1,5feceb66ffc86f38d952786c6d696c79c2dbc239dd4e91b46729d73a27fb57e9,false,,false,false,
PAIR00792:VARIANT,PAIR00792,GW231206_233901,VARIANT,23,25,input,NAMED,noise-chunksize,noise-chunksize,noisechunksize,=,3,fbd04e1aae9ce0b11a8946e2c9ac2619f7428a64d32d01eff61d809dcb70ee8e,false,,false,false,
PAIR00792:VARIANT,PAIR00792,GW231206_233901,VARIANT,24,26,input,NAMED,signal-chunksize,signal-chunksize,signalchunksize,=,3,fbd04e1aae9ce0b11a8946e2c9ac2619f7428a64d32d01eff61d809dcb70ee8e,false,,false,false,
PAIR00792:VARIANT,PAIR00792,GW231206_233901,VARIANT,25,27,input,NAMED,amp-non-prec-sym,amp-non-prec-sym,ampnonprecsym,=,1,6b86b273ff34fce19d6b804eff5a3f5747ada4eaa22f1d49c01e52ddb7875b4b,false,,false,false,
PAIR00792:VARIANT,PAIR00792,GW231206_233901,VARIANT,26,28,input,NAMED,max-Kerr-amp-ratio,max-kerr-amp-ratio,maxkerrampratio,=,3,8aed642bf5118b9d3c859bd4be35ecac75b6e873cce34e7b6f554b06f75550d7,true,TARGET_LIKE_CANDIDATE,true,false,0.0
PAIR00792:VARIANT,PAIR00792,GW231206_233901,VARIANT,27,29,input,NAMED,kerr-modes,kerr-modes,kerrmodes,=,22,bc200f256cf28b74cec3f8e364af97fbd24eb4ea100fb87bf554622a407e809f,true,KERR_MODES,true,false,"[(2,2,2,0), (2,2,2,1)]"
PAIR00792:VARIANT,PAIR00792,GW231206_233901,VARIANT,28,30,input,NAMED,spheroidal,spheroidal,spheroidal,=,1,5feceb66ffc86f38d952786c6d696c79c2dbc239dd4e91b46729d73a27fb57e9,false,,false,false,
PAIR00792:VARIANT,PAIR00792,GW231206_233901,VARIANT,29,31,input,NAMED,reference-amplitude,reference-amplitude,referenceamplitude,=,5,64a930966aa1b51c0cc3f0747e943493b4dd46e75f7aba72f837f9adfa7d8c3d,false,,false,false,
PAIR00792:VARIANT,PAIR00792,GW231206_233901,VARIANT,30,32,input,NAMED,psd-H1,psd-h1,psdh1,=,0,e3b0c44298fc1c149afbf4c8996fb92427ae41e4649b934ca495991b7852b855,false,,false,false,
PAIR00792:VARIANT,PAIR00792,GW231206_233901,VARIANT,31,33,input,NAMED,psd-L1,psd-l1,psdl1,=,0,e3b0c44298fc1c149afbf4c8996fb92427ae41e4649b934ca495991b7852b855,false,,false,false,
PAIR00792:VARIANT,PAIR00792,GW231206_233901,VARIANT,32,34,input,NAMED,psd-V1,psd-v1,psdv1,=,0,e3b0c44298fc1c149afbf4c8996fb92427ae41e4649b934ca495991b7852b855,false,,false,false,
PAIR00792:VARIANT,PAIR00792,GW231206_233901,VARIANT,33,35,input,NAMED,injection-T,injection-t,injectiont,=,1,5feceb66ffc86f38d952786c6d696c79c2dbc239dd4e91b46729d73a27fb57e9,false,,false,false,
PAIR00792:VARIANT,PAIR00792,GW231206_233901,VARIANT,34,36,input,NAMED,injection-scaling,injection-scaling,injectionscaling,=,3,d0ff5974b6aa52cf562bea5921840c032a860a91a3512f7fe8f768f6bbe005f6,false,,false,false,
PAIR00792:VARIANT,PAIR00792,GW231206_233901,VARIANT,35,37,input,NAMED,gaussian-noise,gaussian-noise,gaussiannoise,=,0,e3b0c44298fc1c149afbf4c8996fb92427ae41e4649b934ca495991b7852b855,false,,false,false,
PAIR00792:VARIANT,PAIR00792,GW231206_233901,VARIANT,36,38,input,NAMED,injection-approximant,injection-approximant,injectionapproximant,=,0,e3b0c44298fc1c149afbf4c8996fb92427ae41e4649b934ca495991b7852b855,false,,false,false,
PAIR00792:VARIANT,PAIR00792,GW231206_233901,VARIANT,37,39,input,NAMED,zero-noise,zero-noise,zeronoise,=,1,5feceb66ffc86f38d952786c6d696c79c2dbc239dd4e91b46729d73a27fb57e9,false,,false,false,
PAIR00792:VARIANT,PAIR00792,GW231206_233901,VARIANT,38,40,input,NAMED,sky-frame,sky-frame,skyframe,=,10,5df6b59dfafca1111fa87f6072971ed8f4719d44cfe95bd6a7490e0e7010579d,false,,false,false,
PAIR00792:VARIANT,PAIR00792,GW231206_233901,VARIANT,39,41,input,NAMED,truncate,truncate,truncate,=,1,6b86b273ff34fce19d6b804eff5a3f5747ada4eaa22f1d49c01e52ddb7875b4b,false,,false,false,
PAIR00792:VARIANT,PAIR00792,GW231206_233901,VARIANT,40,42,input,NAMED,analysis-duration,analysis-duration,analysisduration,=,3,44896b09365746b5f7167ee4d64988a38f7f4628803cbf86224e74eeb7c69e9d,false,,false,false,
PAIR00792:VARIANT,PAIR00792,GW231206_233901,VARIANT,41,43,input,NAMED,run-tag,run-tag,runtag,=,6,b80f6b485bcb2eb62c8837dc0584594ad24fdae1debd0342debf7e038d14c866,false,,false,false,
PAIR00792:VARIANT,PAIR00792,GW231206_233901,VARIANT,42,47,Sampler settings,NAMED,nlive,nlive,nlive,=,4,8b926d75599a618e21f1341318e66517be26e18cc7496783d2b59758c1333be8,false,,false,false,
PAIR00792:VARIANT,PAIR00792,GW231206_233901,VARIANT,43,48,Sampler settings,NAMED,poolsize,poolsize,poolsize,=,3,ad57366865126e55649ecb23ae1d48887544976efea46a48eb5d85a6eeb4d306,false,,false,false,
PAIR00792:VARIANT,PAIR00792,GW231206_233901,VARIANT,44,49,Sampler settings,NAMED,maxmcmc,maxmcmc,maxmcmc,=,4,8b926d75599a618e21f1341318e66517be26e18cc7496783d2b59758c1333be8,false,,false,false,
PAIR00792:VARIANT,PAIR00792,GW231206_233901,VARIANT,45,50,Sampler settings,NAMED,nthreads,nthreads,nthreads,=,1,6b86b273ff34fce19d6b804eff5a3f5747ada4eaa22f1d49c01e52ddb7875b4b,false,,false,false,
PAIR00792:VARIANT,PAIR00792,GW231206_233901,VARIANT,46,51,Sampler settings,NAMED,verbose,verbose,verbose,=,1,d4735e3a265e16eee03f59718b9b5d03019c07d8b6c51f90da3a666eec13ab35,false,,false,false,
PAIR00792:VARIANT,PAIR00792,GW231206_233901,VARIANT,47,52,Sampler settings,NAMED,seed,seed,seed,=,4,7b346904f63cc07f1d8cc2d88d7dae08a3f088a0e4159d5214c27a6571a51eb4,false,,false,false,
PAIR00792:VARIANT,PAIR00792,GW231206_233901,VARIANT,48,56,Priors,NAMED,gr-time-prior,gr-time-prior,grtimeprior,=,1,6b86b273ff34fce19d6b804eff5a3f5747ada4eaa22f1d49c01e52ddb7875b4b,false,,false,false,
PAIR00792:VARIANT,PAIR00792,GW231206_233901,VARIANT,49,57,Priors,NAMED,mf-time-prior,mf-time-prior,mftimeprior,=,16,fa46e8c5c7099a699333427082195754062bf57be26d9a389bda0c4cde78bca4,false,,false,false,
PAIR00792:VARIANT,PAIR00792,GW231206_233901,VARIANT,50,58,Priors,NAMED,t-min,t-min,tmin,=,2,4a44dc15364204a80fe80e9039455cc1608281820fe2b24f1e5233ade6af1dd5,false,,false,false,
PAIR00792:VARIANT,PAIR00792,GW231206_233901,VARIANT,51,59,Priors,NAMED,t-max,t-max,tmax,=,2,39fa9ec190eee7b6f4dff1100d6343e10918d044c75eac8f9e9a2596173f80c9,false,,false,false,
PAIR00792:VARIANT,PAIR00792,GW231206_233901,VARIANT,52,60,Priors,NAMED,fix-t,fix-t,fixt,=,8,e9fde9f851bff68c05fcb2c04d9efaa321581afd2961e2ba67ca516c4c290959,false,,false,false,
PAIR00792:VARIANT,PAIR00792,GW231206_233901,VARIANT,53,61,Priors,NAMED,fix-ra,fix-ra,fixra,=,19,68cba6bd02b3bb6b94a971516d690832b5c346e32054147c1ffb84366fc33ab5,false,,false,false,
PAIR00792:VARIANT,PAIR00792,GW231206_233901,VARIANT,54,62,Priors,NAMED,fix-dec,fix-dec,fixdec,=,18,8d256ce181350f570270c6c3571fe02aab8cd6f9d54e316e49f7cc36b6d1ec86,false,,false,false,
PAIR00792:VARIANT,PAIR00792,GW231206_233901,VARIANT,55,63,Priors,NAMED,fix-phi,fix-phi,fixphi,=,3,8aed642bf5118b9d3c859bd4be35ecac75b6e873cce34e7b6f554b06f75550d7,false,,false,false,
PAIR00837:BASE,PAIR00837,GW231213_111417,BASE,1,3,input,NAMED,run-type,run-type,runtype,=,4,a18b869b2e81c0c529552a3c4fa5c92ed08b98a4e146aed778d71d27517f83ac,false,,false,false,
PAIR00837:BASE,PAIR00837,GW231213_111417,BASE,2,4,input,NAMED,sampling-rate,sampling-rate,samplingrate,=,6,e75c3d41e5235b3b2911777152402ad9c9747a12e0021fab801d0fcc1580d076,false,,false,false,
PAIR00837:BASE,PAIR00837,GW231213_111417,BASE,3,5,input,NAMED,f-min-bp,f-min-bp,fminbp,=,4,585348dbd28810f9a34f57be46f000c5f9effab894d074713d93fe7ccfeb3b76,false,,false,false,
PAIR00837:BASE,PAIR00837,GW231213_111417,BASE,4,6,input,NAMED,f-max-bp,f-max-bp,fmaxbp,=,6,fddd30227ad776813b0af144db3610e985b228ba22f365f0132a4b270de7694a,false,,false,false,
PAIR00837:BASE,PAIR00837,GW231213_111417,BASE,5,7,input,NAMED,output,output,output,=,24,5b2355648694a4527af201b5c1f2cd274e0a3a2fdfb0ad962b6a73a04a0b283b,false,,false,false,
PAIR00837:BASE,PAIR00837,GW231213_111417,BASE,6,8,input,NAMED,download-data,download-data,downloaddata,=,1,6b86b273ff34fce19d6b804eff5a3f5747ada4eaa22f1d49c01e52ddb7875b4b,false,,false,false,
PAIR00837:BASE,PAIR00837,GW231213_111417,BASE,7,9,input,NAMED,datalen-download,datalen-download,datalendownload,=,4,f81b732a59389bd6838affaf36f9a3b6d9fe736b4e99f146571a5b1b935283e9,false,,false,false,
PAIR00837:BASE,PAIR00837,GW231213_111417,BASE,8,10,input,NAMED,channel-H1,channel-h1,channelh1,=,28,19a08d2e9b9f86ab015dfa721d16ffb749bff3c1b6cc9bc57e498d8021581df9,false,,false,false,
PAIR00837:BASE,PAIR00837,GW231213_111417,BASE,9,11,input,NAMED,channel-L1,channel-l1,channell1,=,28,fcede5f51dc717380e3072435c419d9ca94c127e7d1737dc870bc534d794b981,false,,false,false,
PAIR00837:BASE,PAIR00837,GW231213_111417,BASE,10,12,input,NAMED,channel-V1,channel-v1,channelv1,=,0,e3b0c44298fc1c149afbf4c8996fb92427ae41e4649b934ca495991b7852b855,false,,false,false,
PAIR00837:BASE,PAIR00837,GW231213_111417,BASE,11,13,input,NAMED,data-H1,data-h1,datah1,=,0,e3b0c44298fc1c149afbf4c8996fb92427ae41e4649b934ca495991b7852b855,false,,false,false,
PAIR00837:BASE,PAIR00837,GW231213_111417,BASE,12,14,input,NAMED,data-L1,data-l1,datal1,=,0,e3b0c44298fc1c149afbf4c8996fb92427ae41e4649b934ca495991b7852b855,false,,false,false,
PAIR00837:BASE,PAIR00837,GW231213_111417,BASE,13,15,input,NAMED,data-V1,data-v1,datav1,=,0,e3b0c44298fc1c149afbf4c8996fb92427ae41e4649b934ca495991b7852b855,false,,false,false,
PAIR00837:BASE,PAIR00837,GW231213_111417,BASE,14,16,input,NAMED,ignore-data-filename,ignore-data-filename,ignoredatafilename,=,1,5feceb66ffc86f38d952786c6d696c79c2dbc239dd4e91b46729d73a27fb57e9,false,,false,false,
PAIR00837:BASE,PAIR00837,GW231213_111417,BASE,15,17,input,NAMED,gw-data-find,gw-data-find,gwdatafind,=,1,5feceb66ffc86f38d952786c6d696c79c2dbc239dd4e91b46729d73a27fb57e9,false,,false,false,
PAIR00837:BASE,PAIR00837,GW231213_111417,BASE,16,18,input,NAMED,gw-data-type-H1,gw-data-type-h1,gwdatatypeh1,=,0,e3b0c44298fc1c149afbf4c8996fb92427ae41e4649b934ca495991b7852b855,false,,false,false,
PAIR00837:BASE,PAIR00837,GW231213_111417,BASE,17,19,input,NAMED,gw-data-type-L1,gw-data-type-l1,gwdatatypel1,=,0,e3b0c44298fc1c149afbf4c8996fb92427ae41e4649b934ca495991b7852b855,false,,false,false,
PAIR00837:BASE,PAIR00837,GW231213_111417,BASE,18,20,input,NAMED,gw-data-type-V1,gw-data-type-v1,gwdatatypev1,=,0,e3b0c44298fc1c149afbf4c8996fb92427ae41e4649b934ca495991b7852b855,false,,false,false,
PAIR00837:BASE,PAIR00837,GW231213_111417,BASE,19,21,input,NAMED,ref-det,ref-det,refdet,=,2,8bf797aa02bd65b7cbd52155f6e010be77bb3d461320dac4c74c12d749d81066,false,,false,false,
PAIR00837:BASE,PAIR00837,GW231213_111417,BASE,20,22,input,NAMED,trigtime,trigtime,trigtime,=,18,8f5e5a6ece6d3dc530da58b605f9db8e64346ccae9ebe0fa3f21ad172e2d1c97,false,,false,false,
PAIR00837:BASE,PAIR00837,GW231213_111417,BASE,21,23,input,NAMED,detectors,detectors,detectors,=,5,3b0244de8d58e5217d2f9d33788bf9ff487c7cf82068b932f86e382eefc8bcfe,false,,false,false,
PAIR00837:BASE,PAIR00837,GW231213_111417,BASE,22,24,input,NAMED,window-onsource,window-onsource,windowonsource,=,1,5feceb66ffc86f38d952786c6d696c79c2dbc239dd4e91b46729d73a27fb57e9,false,,false,false,
PAIR00837:BASE,PAIR00837,GW231213_111417,BASE,23,25,input,NAMED,noise-chunksize,noise-chunksize,noisechunksize,=,3,fbd04e1aae9ce0b11a8946e2c9ac2619f7428a64d32d01eff61d809dcb70ee8e,false,,false,false,
PAIR00837:BASE,PAIR00837,GW231213_111417,BASE,24,26,input,NAMED,signal-chunksize,signal-chunksize,signalchunksize,=,3,fbd04e1aae9ce0b11a8946e2c9ac2619f7428a64d32d01eff61d809dcb70ee8e,false,,false,false,
PAIR00837:BASE,PAIR00837,GW231213_111417,BASE,25,27,input,NAMED,amp-non-prec-sym,amp-non-prec-sym,ampnonprecsym,=,1,6b86b273ff34fce19d6b804eff5a3f5747ada4eaa22f1d49c01e52ddb7875b4b,false,,false,false,
PAIR00837:BASE,PAIR00837,GW231213_111417,BASE,26,28,input,NAMED,max-Kerr-amp-ratio,max-kerr-amp-ratio,maxkerrampratio,=,3,8aed642bf5118b9d3c859bd4be35ecac75b6e873cce34e7b6f554b06f75550d7,true,TARGET_LIKE_CANDIDATE,true,false,0.0
PAIR00837:BASE,PAIR00837,GW231213_111417,BASE,27,29,input,NAMED,kerr-modes,kerr-modes,kerrmodes,=,11,918b8617dd99e65be623b6a29009ed5cc07e2badeba955417690d4002c8f430b,true,KERR_MODES,true,false,"[(2,2,2,0)]"
PAIR00837:BASE,PAIR00837,GW231213_111417,BASE,28,30,input,NAMED,spheroidal,spheroidal,spheroidal,=,1,5feceb66ffc86f38d952786c6d696c79c2dbc239dd4e91b46729d73a27fb57e9,false,,false,false,
PAIR00837:BASE,PAIR00837,GW231213_111417,BASE,29,31,input,NAMED,reference-amplitude,reference-amplitude,referenceamplitude,=,5,64a930966aa1b51c0cc3f0747e943493b4dd46e75f7aba72f837f9adfa7d8c3d,false,,false,false,
PAIR00837:BASE,PAIR00837,GW231213_111417,BASE,30,32,input,NAMED,psd-H1,psd-h1,psdh1,=,0,e3b0c44298fc1c149afbf4c8996fb92427ae41e4649b934ca495991b7852b855,false,,false,false,
PAIR00837:BASE,PAIR00837,GW231213_111417,BASE,31,33,input,NAMED,psd-L1,psd-l1,psdl1,=,0,e3b0c44298fc1c149afbf4c8996fb92427ae41e4649b934ca495991b7852b855,false,,false,false,
PAIR00837:BASE,PAIR00837,GW231213_111417,BASE,32,34,input,NAMED,psd-V1,psd-v1,psdv1,=,0,e3b0c44298fc1c149afbf4c8996fb92427ae41e4649b934ca495991b7852b855,false,,false,false,
PAIR00837:BASE,PAIR00837,GW231213_111417,BASE,33,35,input,NAMED,injection-T,injection-t,injectiont,=,1,5feceb66ffc86f38d952786c6d696c79c2dbc239dd4e91b46729d73a27fb57e9,false,,false,false,
PAIR00837:BASE,PAIR00837,GW231213_111417,BASE,34,36,input,NAMED,injection-scaling,injection-scaling,injectionscaling,=,3,d0ff5974b6aa52cf562bea5921840c032a860a91a3512f7fe8f768f6bbe005f6,false,,false,false,
PAIR00837:BASE,PAIR00837,GW231213_111417,BASE,35,37,input,NAMED,gaussian-noise,gaussian-noise,gaussiannoise,=,0,e3b0c44298fc1c149afbf4c8996fb92427ae41e4649b934ca495991b7852b855,false,,false,false,
PAIR00837:BASE,PAIR00837,GW231213_111417,BASE,36,38,input,NAMED,injection-approximant,injection-approximant,injectionapproximant,=,0,e3b0c44298fc1c149afbf4c8996fb92427ae41e4649b934ca495991b7852b855,false,,false,false,
PAIR00837:BASE,PAIR00837,GW231213_111417,BASE,37,39,input,NAMED,zero-noise,zero-noise,zeronoise,=,1,5feceb66ffc86f38d952786c6d696c79c2dbc239dd4e91b46729d73a27fb57e9,false,,false,false,
PAIR00837:BASE,PAIR00837,GW231213_111417,BASE,38,40,input,NAMED,sky-frame,sky-frame,skyframe,=,10,5df6b59dfafca1111fa87f6072971ed8f4719d44cfe95bd6a7490e0e7010579d,false,,false,false,
PAIR00837:BASE,PAIR00837,GW231213_111417,BASE,39,41,input,NAMED,truncate,truncate,truncate,=,1,6b86b273ff34fce19d6b804eff5a3f5747ada4eaa22f1d49c01e52ddb7875b4b,false,,false,false,
PAIR00837:BASE,PAIR00837,GW231213_111417,BASE,40,42,input,NAMED,analysis-duration,analysis-duration,analysisduration,=,3,44896b09365746b5f7167ee4d64988a38f7f4628803cbf86224e74eeb7c69e9d,false,,false,false,
PAIR00837:BASE,PAIR00837,GW231213_111417,BASE,41,43,input,NAMED,run-tag,run-tag,runtag,=,5,750f7eda495bfdb2e6c52c5b7d767da4f33e2633683373a2f914e96c0a7407a8,false,,false,false,
PAIR00837:BASE,PAIR00837,GW231213_111417,BASE,42,47,Sampler settings,NAMED,nlive,nlive,nlive,=,4,8b926d75599a618e21f1341318e66517be26e18cc7496783d2b59758c1333be8,false,,false,false,
PAIR00837:BASE,PAIR00837,GW231213_111417,BASE,43,48,Sampler settings,NAMED,poolsize,poolsize,poolsize,=,3,ad57366865126e55649ecb23ae1d48887544976efea46a48eb5d85a6eeb4d306,false,,false,false,
PAIR00837:BASE,PAIR00837,GW231213_111417,BASE,44,49,Sampler settings,NAMED,maxmcmc,maxmcmc,maxmcmc,=,4,8b926d75599a618e21f1341318e66517be26e18cc7496783d2b59758c1333be8,false,,false,false,
PAIR00837:BASE,PAIR00837,GW231213_111417,BASE,45,50,Sampler settings,NAMED,nthreads,nthreads,nthreads,=,1,6b86b273ff34fce19d6b804eff5a3f5747ada4eaa22f1d49c01e52ddb7875b4b,false,,false,false,
PAIR00837:BASE,PAIR00837,GW231213_111417,BASE,46,51,Sampler settings,NAMED,verbose,verbose,verbose,=,1,d4735e3a265e16eee03f59718b9b5d03019c07d8b6c51f90da3a666eec13ab35,false,,false,false,
PAIR00837:BASE,PAIR00837,GW231213_111417,BASE,47,52,Sampler settings,NAMED,seed,seed,seed,=,4,7b346904f63cc07f1d8cc2d88d7dae08a3f088a0e4159d5214c27a6571a51eb4,false,,false,false,
PAIR00837:BASE,PAIR00837,GW231213_111417,BASE,48,56,Priors,NAMED,gr-time-prior,gr-time-prior,grtimeprior,=,1,6b86b273ff34fce19d6b804eff5a3f5747ada4eaa22f1d49c01e52ddb7875b4b,false,,false,false,
PAIR00837:BASE,PAIR00837,GW231213_111417,BASE,49,57,Priors,NAMED,mf-time-prior,mf-time-prior,mftimeprior,=,17,55ba89a8c88724ed3f10e52f5c7edd2749b502a9041aa5c5eea8b53cdba2322b,false,,false,false,
PAIR00837:BASE,PAIR00837,GW231213_111417,BASE,50,58,Priors,NAMED,t-min,t-min,tmin,=,2,4a44dc15364204a80fe80e9039455cc1608281820fe2b24f1e5233ade6af1dd5,false,,false,false,
PAIR00837:BASE,PAIR00837,GW231213_111417,BASE,51,59,Priors,NAMED,t-max,t-max,tmax,=,2,39fa9ec190eee7b6f4dff1100d6343e10918d044c75eac8f9e9a2596173f80c9,false,,false,false,
PAIR00837:BASE,PAIR00837,GW231213_111417,BASE,52,60,Priors,NAMED,fix-t,fix-t,fixt,=,8,5869bd7b66922deb12d35104cb24551f9e1f4dd4400a834fdbf532029dae16ed,false,,false,false,
PAIR00837:BASE,PAIR00837,GW231213_111417,BASE,53,61,Priors,NAMED,fix-ra,fix-ra,fixra,=,17,f9e4c89fe08020420b88514f7cc0c4b1d66b4096d1a92d65ffa553d69b16b754,false,,false,false,
PAIR00837:BASE,PAIR00837,GW231213_111417,BASE,54,62,Priors,NAMED,fix-dec,fix-dec,fixdec,=,18,8c4656dde1b2b0aba02f6911e918785931ecec1a0cb2bf687e82aae2aa413bf1,false,,false,false,
PAIR00837:BASE,PAIR00837,GW231213_111417,BASE,55,63,Priors,NAMED,fix-phi,fix-phi,fixphi,=,3,8aed642bf5118b9d3c859bd4be35ecac75b6e873cce34e7b6f554b06f75550d7,false,,false,false,
PAIR00837:VARIANT,PAIR00837,GW231213_111417,VARIANT,1,3,input,NAMED,run-type,run-type,runtype,=,4,a18b869b2e81c0c529552a3c4fa5c92ed08b98a4e146aed778d71d27517f83ac,false,,false,false,
PAIR00837:VARIANT,PAIR00837,GW231213_111417,VARIANT,2,4,input,NAMED,sampling-rate,sampling-rate,samplingrate,=,6,e75c3d41e5235b3b2911777152402ad9c9747a12e0021fab801d0fcc1580d076,false,,false,false,
PAIR00837:VARIANT,PAIR00837,GW231213_111417,VARIANT,3,5,input,NAMED,f-min-bp,f-min-bp,fminbp,=,4,585348dbd28810f9a34f57be46f000c5f9effab894d074713d93fe7ccfeb3b76,false,,false,false,
PAIR00837:VARIANT,PAIR00837,GW231213_111417,VARIANT,4,6,input,NAMED,f-max-bp,f-max-bp,fmaxbp,=,6,fddd30227ad776813b0af144db3610e985b228ba22f365f0132a4b270de7694a,false,,false,false,
PAIR00837:VARIANT,PAIR00837,GW231213_111417,VARIANT,5,7,input,NAMED,output,output,output,=,24,5b2355648694a4527af201b5c1f2cd274e0a3a2fdfb0ad962b6a73a04a0b283b,false,,false,false,
PAIR00837:VARIANT,PAIR00837,GW231213_111417,VARIANT,6,8,input,NAMED,download-data,download-data,downloaddata,=,1,6b86b273ff34fce19d6b804eff5a3f5747ada4eaa22f1d49c01e52ddb7875b4b,false,,false,false,
PAIR00837:VARIANT,PAIR00837,GW231213_111417,VARIANT,7,9,input,NAMED,datalen-download,datalen-download,datalendownload,=,4,f81b732a59389bd6838affaf36f9a3b6d9fe736b4e99f146571a5b1b935283e9,false,,false,false,
PAIR00837:VARIANT,PAIR00837,GW231213_111417,VARIANT,8,10,input,NAMED,channel-H1,channel-h1,channelh1,=,28,19a08d2e9b9f86ab015dfa721d16ffb749bff3c1b6cc9bc57e498d8021581df9,false,,false,false,
PAIR00837:VARIANT,PAIR00837,GW231213_111417,VARIANT,9,11,input,NAMED,channel-L1,channel-l1,channell1,=,28,fcede5f51dc717380e3072435c419d9ca94c127e7d1737dc870bc534d794b981,false,,false,false,
PAIR00837:VARIANT,PAIR00837,GW231213_111417,VARIANT,10,12,input,NAMED,channel-V1,channel-v1,channelv1,=,0,e3b0c44298fc1c149afbf4c8996fb92427ae41e4649b934ca495991b7852b855,false,,false,false,
PAIR00837:VARIANT,PAIR00837,GW231213_111417,VARIANT,11,13,input,NAMED,data-H1,data-h1,datah1,=,0,e3b0c44298fc1c149afbf4c8996fb92427ae41e4649b934ca495991b7852b855,false,,false,false,
PAIR00837:VARIANT,PAIR00837,GW231213_111417,VARIANT,12,14,input,NAMED,data-L1,data-l1,datal1,=,0,e3b0c44298fc1c149afbf4c8996fb92427ae41e4649b934ca495991b7852b855,false,,false,false,
PAIR00837:VARIANT,PAIR00837,GW231213_111417,VARIANT,13,15,input,NAMED,data-V1,data-v1,datav1,=,0,e3b0c44298fc1c149afbf4c8996fb92427ae41e4649b934ca495991b7852b855,false,,false,false,
PAIR00837:VARIANT,PAIR00837,GW231213_111417,VARIANT,14,16,input,NAMED,ignore-data-filename,ignore-data-filename,ignoredatafilename,=,1,5feceb66ffc86f38d952786c6d696c79c2dbc239dd4e91b46729d73a27fb57e9,false,,false,false,
PAIR00837:VARIANT,PAIR00837,GW231213_111417,VARIANT,15,17,input,NAMED,gw-data-find,gw-data-find,gwdatafind,=,1,5feceb66ffc86f38d952786c6d696c79c2dbc239dd4e91b46729d73a27fb57e9,false,,false,false,
PAIR00837:VARIANT,PAIR00837,GW231213_111417,VARIANT,16,18,input,NAMED,gw-data-type-H1,gw-data-type-h1,gwdatatypeh1,=,0,e3b0c44298fc1c149afbf4c8996fb92427ae41e4649b934ca495991b7852b855,false,,false,false,
PAIR00837:VARIANT,PAIR00837,GW231213_111417,VARIANT,17,19,input,NAMED,gw-data-type-L1,gw-data-type-l1,gwdatatypel1,=,0,e3b0c44298fc1c149afbf4c8996fb92427ae41e4649b934ca495991b7852b855,false,,false,false,
PAIR00837:VARIANT,PAIR00837,GW231213_111417,VARIANT,18,20,input,NAMED,gw-data-type-V1,gw-data-type-v1,gwdatatypev1,=,0,e3b0c44298fc1c149afbf4c8996fb92427ae41e4649b934ca495991b7852b855,false,,false,false,
PAIR00837:VARIANT,PAIR00837,GW231213_111417,VARIANT,19,21,input,NAMED,ref-det,ref-det,refdet,=,2,8bf797aa02bd65b7cbd52155f6e010be77bb3d461320dac4c74c12d749d81066,false,,false,false,
PAIR00837:VARIANT,PAIR00837,GW231213_111417,VARIANT,20,22,input,NAMED,trigtime,trigtime,trigtime,=,18,8f5e5a6ece6d3dc530da58b605f9db8e64346ccae9ebe0fa3f21ad172e2d1c97,false,,false,false,
PAIR00837:VARIANT,PAIR00837,GW231213_111417,VARIANT,21,23,input,NAMED,detectors,detectors,detectors,=,5,3b0244de8d58e5217d2f9d33788bf9ff487c7cf82068b932f86e382eefc8bcfe,false,,false,false,
PAIR00837:VARIANT,PAIR00837,GW231213_111417,VARIANT,22,24,input,NAMED,window-onsource,window-onsource,windowonsource,=,1,5feceb66ffc86f38d952786c6d696c79c2dbc239dd4e91b46729d73a27fb57e9,false,,false,false,
PAIR00837:VARIANT,PAIR00837,GW231213_111417,VARIANT,23,25,input,NAMED,noise-chunksize,noise-chunksize,noisechunksize,=,3,fbd04e1aae9ce0b11a8946e2c9ac2619f7428a64d32d01eff61d809dcb70ee8e,false,,false,false,
PAIR00837:VARIANT,PAIR00837,GW231213_111417,VARIANT,24,26,input,NAMED,signal-chunksize,signal-chunksize,signalchunksize,=,3,fbd04e1aae9ce0b11a8946e2c9ac2619f7428a64d32d01eff61d809dcb70ee8e,false,,false,false,
PAIR00837:VARIANT,PAIR00837,GW231213_111417,VARIANT,25,27,input,NAMED,amp-non-prec-sym,amp-non-prec-sym,ampnonprecsym,=,1,6b86b273ff34fce19d6b804eff5a3f5747ada4eaa22f1d49c01e52ddb7875b4b,false,,false,false,
PAIR00837:VARIANT,PAIR00837,GW231213_111417,VARIANT,26,28,input,NAMED,max-Kerr-amp-ratio,max-kerr-amp-ratio,maxkerrampratio,=,3,8aed642bf5118b9d3c859bd4be35ecac75b6e873cce34e7b6f554b06f75550d7,true,TARGET_LIKE_CANDIDATE,true,false,0.0
PAIR00837:VARIANT,PAIR00837,GW231213_111417,VARIANT,27,29,input,NAMED,kerr-modes,kerr-modes,kerrmodes,=,22,bc200f256cf28b74cec3f8e364af97fbd24eb4ea100fb87bf554622a407e809f,true,KERR_MODES,true,false,"[(2,2,2,0), (2,2,2,1)]"
PAIR00837:VARIANT,PAIR00837,GW231213_111417,VARIANT,28,30,input,NAMED,spheroidal,spheroidal,spheroidal,=,1,5feceb66ffc86f38d952786c6d696c79c2dbc239dd4e91b46729d73a27fb57e9,false,,false,false,
PAIR00837:VARIANT,PAIR00837,GW231213_111417,VARIANT,29,31,input,NAMED,reference-amplitude,reference-amplitude,referenceamplitude,=,5,64a930966aa1b51c0cc3f0747e943493b4dd46e75f7aba72f837f9adfa7d8c3d,false,,false,false,
PAIR00837:VARIANT,PAIR00837,GW231213_111417,VARIANT,30,32,input,NAMED,psd-H1,psd-h1,psdh1,=,0,e3b0c44298fc1c149afbf4c8996fb92427ae41e4649b934ca495991b7852b855,false,,false,false,
PAIR00837:VARIANT,PAIR00837,GW231213_111417,VARIANT,31,33,input,NAMED,psd-L1,psd-l1,psdl1,=,0,e3b0c44298fc1c149afbf4c8996fb92427ae41e4649b934ca495991b7852b855,false,,false,false,
PAIR00837:VARIANT,PAIR00837,GW231213_111417,VARIANT,32,34,input,NAMED,psd-V1,psd-v1,psdv1,=,0,e3b0c44298fc1c149afbf4c8996fb92427ae41e4649b934ca495991b7852b855,false,,false,false,
PAIR00837:VARIANT,PAIR00837,GW231213_111417,VARIANT,33,35,input,NAMED,injection-T,injection-t,injectiont,=,1,5feceb66ffc86f38d952786c6d696c79c2dbc239dd4e91b46729d73a27fb57e9,false,,false,false,
PAIR00837:VARIANT,PAIR00837,GW231213_111417,VARIANT,34,36,input,NAMED,injection-scaling,injection-scaling,injectionscaling,=,3,d0ff5974b6aa52cf562bea5921840c032a860a91a3512f7fe8f768f6bbe005f6,false,,false,false,
PAIR00837:VARIANT,PAIR00837,GW231213_111417,VARIANT,35,37,input,NAMED,gaussian-noise,gaussian-noise,gaussiannoise,=,0,e3b0c44298fc1c149afbf4c8996fb92427ae41e4649b934ca495991b7852b855,false,,false,false,
PAIR00837:VARIANT,PAIR00837,GW231213_111417,VARIANT,36,38,input,NAMED,injection-approximant,injection-approximant,injectionapproximant,=,0,e3b0c44298fc1c149afbf4c8996fb92427ae41e4649b934ca495991b7852b855,false,,false,false,
PAIR00837:VARIANT,PAIR00837,GW231213_111417,VARIANT,37,39,input,NAMED,zero-noise,zero-noise,zeronoise,=,1,5feceb66ffc86f38d952786c6d696c79c2dbc239dd4e91b46729d73a27fb57e9,false,,false,false,
PAIR00837:VARIANT,PAIR00837,GW231213_111417,VARIANT,38,40,input,NAMED,sky-frame,sky-frame,skyframe,=,10,5df6b59dfafca1111fa87f6072971ed8f4719d44cfe95bd6a7490e0e7010579d,false,,false,false,
PAIR00837:VARIANT,PAIR00837,GW231213_111417,VARIANT,39,41,input,NAMED,truncate,truncate,truncate,=,1,6b86b273ff34fce19d6b804eff5a3f5747ada4eaa22f1d49c01e52ddb7875b4b,false,,false,false,
PAIR00837:VARIANT,PAIR00837,GW231213_111417,VARIANT,40,42,input,NAMED,analysis-duration,analysis-duration,analysisduration,=,3,44896b09365746b5f7167ee4d64988a38f7f4628803cbf86224e74eeb7c69e9d,false,,false,false,
PAIR00837:VARIANT,PAIR00837,GW231213_111417,VARIANT,41,43,input,NAMED,run-tag,run-tag,runtag,=,5,750f7eda495bfdb2e6c52c5b7d767da4f33e2633683373a2f914e96c0a7407a8,false,,false,false,
PAIR00837:VARIANT,PAIR00837,GW231213_111417,VARIANT,42,47,Sampler settings,NAMED,nlive,nlive,nlive,=,4,8b926d75599a618e21f1341318e66517be26e18cc7496783d2b59758c1333be8,false,,false,false,
PAIR00837:VARIANT,PAIR00837,GW231213_111417,VARIANT,43,48,Sampler settings,NAMED,poolsize,poolsize,poolsize,=,3,ad57366865126e55649ecb23ae1d48887544976efea46a48eb5d85a6eeb4d306,false,,false,false,
PAIR00837:VARIANT,PAIR00837,GW231213_111417,VARIANT,44,49,Sampler settings,NAMED,maxmcmc,maxmcmc,maxmcmc,=,4,8b926d75599a618e21f1341318e66517be26e18cc7496783d2b59758c1333be8,false,,false,false,
PAIR00837:VARIANT,PAIR00837,GW231213_111417,VARIANT,45,50,Sampler settings,NAMED,nthreads,nthreads,nthreads,=,1,6b86b273ff34fce19d6b804eff5a3f5747ada4eaa22f1d49c01e52ddb7875b4b,false,,false,false,
PAIR00837:VARIANT,PAIR00837,GW231213_111417,VARIANT,46,51,Sampler settings,NAMED,verbose,verbose,verbose,=,1,d4735e3a265e16eee03f59718b9b5d03019c07d8b6c51f90da3a666eec13ab35,false,,false,false,
PAIR00837:VARIANT,PAIR00837,GW231213_111417,VARIANT,47,52,Sampler settings,NAMED,seed,seed,seed,=,4,7b346904f63cc07f1d8cc2d88d7dae08a3f088a0e4159d5214c27a6571a51eb4,false,,false,false,
PAIR00837:VARIANT,PAIR00837,GW231213_111417,VARIANT,48,56,Priors,NAMED,gr-time-prior,gr-time-prior,grtimeprior,=,1,6b86b273ff34fce19d6b804eff5a3f5747ada4eaa22f1d49c01e52ddb7875b4b,false,,false,false,
PAIR00837:VARIANT,PAIR00837,GW231213_111417,VARIANT,49,57,Priors,NAMED,mf-time-prior,mf-time-prior,mftimeprior,=,17,55ba89a8c88724ed3f10e52f5c7edd2749b502a9041aa5c5eea8b53cdba2322b,false,,false,false,
PAIR00837:VARIANT,PAIR00837,GW231213_111417,VARIANT,50,58,Priors,NAMED,t-min,t-min,tmin,=,2,4a44dc15364204a80fe80e9039455cc1608281820fe2b24f1e5233ade6af1dd5,false,,false,false,
PAIR00837:VARIANT,PAIR00837,GW231213_111417,VARIANT,51,59,Priors,NAMED,t-max,t-max,tmax,=,2,39fa9ec190eee7b6f4dff1100d6343e10918d044c75eac8f9e9a2596173f80c9,false,,false,false,
PAIR00837:VARIANT,PAIR00837,GW231213_111417,VARIANT,52,60,Priors,NAMED,fix-t,fix-t,fixt,=,8,5869bd7b66922deb12d35104cb24551f9e1f4dd4400a834fdbf532029dae16ed,false,,false,false,
PAIR00837:VARIANT,PAIR00837,GW231213_111417,VARIANT,53,61,Priors,NAMED,fix-ra,fix-ra,fixra,=,17,f9e4c89fe08020420b88514f7cc0c4b1d66b4096d1a92d65ffa553d69b16b754,false,,false,false,
PAIR00837:VARIANT,PAIR00837,GW231213_111417,VARIANT,54,62,Priors,NAMED,fix-dec,fix-dec,fixdec,=,18,8c4656dde1b2b0aba02f6911e918785931ecec1a0cb2bf687e82aae2aa413bf1,false,,false,false,
PAIR00837:VARIANT,PAIR00837,GW231213_111417,VARIANT,55,63,Priors,NAMED,fix-phi,fix-phi,fixphi,=,3,8aed642bf5118b9d3c859bd4be35ecac75b6e873cce34e7b6f554b06f75550d7,false,,false,false,
PAIR00880:BASE,PAIR00880,GW231223_032836,BASE,1,3,input,NAMED,run-type,run-type,runtype,=,4,a18b869b2e81c0c529552a3c4fa5c92ed08b98a4e146aed778d71d27517f83ac,false,,false,false,
PAIR00880:BASE,PAIR00880,GW231223_032836,BASE,2,4,input,NAMED,sampling-rate,sampling-rate,samplingrate,=,6,e75c3d41e5235b3b2911777152402ad9c9747a12e0021fab801d0fcc1580d076,false,,false,false,
PAIR00880:BASE,PAIR00880,GW231223_032836,BASE,3,5,input,NAMED,f-min-bp,f-min-bp,fminbp,=,4,585348dbd28810f9a34f57be46f000c5f9effab894d074713d93fe7ccfeb3b76,false,,false,false,
PAIR00880:BASE,PAIR00880,GW231223_032836,BASE,4,6,input,NAMED,f-max-bp,f-max-bp,fmaxbp,=,6,fddd30227ad776813b0af144db3610e985b228ba22f365f0132a4b270de7694a,false,,false,false,
PAIR00880:BASE,PAIR00880,GW231223_032836,BASE,5,7,input,NAMED,output,output,output,=,24,5b2355648694a4527af201b5c1f2cd274e0a3a2fdfb0ad962b6a73a04a0b283b,false,,false,false,
PAIR00880:BASE,PAIR00880,GW231223_032836,BASE,6,8,input,NAMED,download-data,download-data,downloaddata,=,1,6b86b273ff34fce19d6b804eff5a3f5747ada4eaa22f1d49c01e52ddb7875b4b,false,,false,false,
PAIR00880:BASE,PAIR00880,GW231223_032836,BASE,7,9,input,NAMED,datalen-download,datalen-download,datalendownload,=,4,f81b732a59389bd6838affaf36f9a3b6d9fe736b4e99f146571a5b1b935283e9,false,,false,false,
PAIR00880:BASE,PAIR00880,GW231223_032836,BASE,8,10,input,NAMED,channel-H1,channel-h1,channelh1,=,39,d740bdec1c02505fcd4e2a386c18daf592563fb4549b8b6178bcc67a724cba85,false,,false,false,
PAIR00880:BASE,PAIR00880,GW231223_032836,BASE,9,11,input,NAMED,channel-L1,channel-l1,channell1,=,28,fcede5f51dc717380e3072435c419d9ca94c127e7d1737dc870bc534d794b981,false,,false,false,
PAIR00880:BASE,PAIR00880,GW231223_032836,BASE,10,12,input,NAMED,channel-V1,channel-v1,channelv1,=,0,e3b0c44298fc1c149afbf4c8996fb92427ae41e4649b934ca495991b7852b855,false,,false,false,
PAIR00880:BASE,PAIR00880,GW231223_032836,BASE,11,13,input,NAMED,data-H1,data-h1,datah1,=,0,e3b0c44298fc1c149afbf4c8996fb92427ae41e4649b934ca495991b7852b855,false,,false,false,
PAIR00880:BASE,PAIR00880,GW231223_032836,BASE,12,14,input,NAMED,data-L1,data-l1,datal1,=,0,e3b0c44298fc1c149afbf4c8996fb92427ae41e4649b934ca495991b7852b855,false,,false,false,
PAIR00880:BASE,PAIR00880,GW231223_032836,BASE,13,15,input,NAMED,data-V1,data-v1,datav1,=,0,e3b0c44298fc1c149afbf4c8996fb92427ae41e4649b934ca495991b7852b855,false,,false,false,
PAIR00880:BASE,PAIR00880,GW231223_032836,BASE,14,16,input,NAMED,ignore-data-filename,ignore-data-filename,ignoredatafilename,=,1,5feceb66ffc86f38d952786c6d696c79c2dbc239dd4e91b46729d73a27fb57e9,false,,false,false,
PAIR00880:BASE,PAIR00880,GW231223_032836,BASE,15,17,input,NAMED,gw-data-find,gw-data-find,gwdatafind,=,1,5feceb66ffc86f38d952786c6d696c79c2dbc239dd4e91b46729d73a27fb57e9,false,,false,false,
PAIR00880:BASE,PAIR00880,GW231223_032836,BASE,16,18,input,NAMED,gw-data-type-H1,gw-data-type-h1,gwdatatypeh1,=,0,e3b0c44298fc1c149afbf4c8996fb92427ae41e4649b934ca495991b7852b855,false,,false,false,
PAIR00880:BASE,PAIR00880,GW231223_032836,BASE,17,19,input,NAMED,gw-data-type-L1,gw-data-type-l1,gwdatatypel1,=,0,e3b0c44298fc1c149afbf4c8996fb92427ae41e4649b934ca495991b7852b855,false,,false,false,
PAIR00880:BASE,PAIR00880,GW231223_032836,BASE,18,20,input,NAMED,gw-data-type-V1,gw-data-type-v1,gwdatatypev1,=,0,e3b0c44298fc1c149afbf4c8996fb92427ae41e4649b934ca495991b7852b855,false,,false,false,
PAIR00880:BASE,PAIR00880,GW231223_032836,BASE,19,21,input,NAMED,ref-det,ref-det,refdet,=,2,8bf797aa02bd65b7cbd52155f6e010be77bb3d461320dac4c74c12d749d81066,false,,false,false,
PAIR00880:BASE,PAIR00880,GW231223_032836,BASE,20,22,input,NAMED,trigtime,trigtime,trigtime,=,18,099f09513d029758e61b187ac38c465c5d934f997d719e29730de448127b3554,false,,false,false,
PAIR00880:BASE,PAIR00880,GW231223_032836,BASE,21,23,input,NAMED,detectors,detectors,detectors,=,5,3b0244de8d58e5217d2f9d33788bf9ff487c7cf82068b932f86e382eefc8bcfe,false,,false,false,
PAIR00880:BASE,PAIR00880,GW231223_032836,BASE,22,24,input,NAMED,window-onsource,window-onsource,windowonsource,=,1,5feceb66ffc86f38d952786c6d696c79c2dbc239dd4e91b46729d73a27fb57e9,false,,false,false,
PAIR00880:BASE,PAIR00880,GW231223_032836,BASE,23,25,input,NAMED,noise-chunksize,noise-chunksize,noisechunksize,=,3,fbd04e1aae9ce0b11a8946e2c9ac2619f7428a64d32d01eff61d809dcb70ee8e,false,,false,false,
PAIR00880:BASE,PAIR00880,GW231223_032836,BASE,24,26,input,NAMED,signal-chunksize,signal-chunksize,signalchunksize,=,3,fbd04e1aae9ce0b11a8946e2c9ac2619f7428a64d32d01eff61d809dcb70ee8e,false,,false,false,
PAIR00880:BASE,PAIR00880,GW231223_032836,BASE,25,27,input,NAMED,amp-non-prec-sym,amp-non-prec-sym,ampnonprecsym,=,1,6b86b273ff34fce19d6b804eff5a3f5747ada4eaa22f1d49c01e52ddb7875b4b,false,,false,false,
PAIR00880:BASE,PAIR00880,GW231223_032836,BASE,26,28,input,NAMED,max-Kerr-amp-ratio,max-kerr-amp-ratio,maxkerrampratio,=,3,8aed642bf5118b9d3c859bd4be35ecac75b6e873cce34e7b6f554b06f75550d7,true,TARGET_LIKE_CANDIDATE,true,false,0.0
PAIR00880:BASE,PAIR00880,GW231223_032836,BASE,27,29,input,NAMED,kerr-modes,kerr-modes,kerrmodes,=,11,918b8617dd99e65be623b6a29009ed5cc07e2badeba955417690d4002c8f430b,true,KERR_MODES,true,false,"[(2,2,2,0)]"
PAIR00880:BASE,PAIR00880,GW231223_032836,BASE,28,30,input,NAMED,spheroidal,spheroidal,spheroidal,=,1,5feceb66ffc86f38d952786c6d696c79c2dbc239dd4e91b46729d73a27fb57e9,false,,false,false,
PAIR00880:BASE,PAIR00880,GW231223_032836,BASE,29,31,input,NAMED,reference-amplitude,reference-amplitude,referenceamplitude,=,5,64a930966aa1b51c0cc3f0747e943493b4dd46e75f7aba72f837f9adfa7d8c3d,false,,false,false,
PAIR00880:BASE,PAIR00880,GW231223_032836,BASE,30,32,input,NAMED,psd-H1,psd-h1,psdh1,=,0,e3b0c44298fc1c149afbf4c8996fb92427ae41e4649b934ca495991b7852b855,false,,false,false,
PAIR00880:BASE,PAIR00880,GW231223_032836,BASE,31,33,input,NAMED,psd-L1,psd-l1,psdl1,=,0,e3b0c44298fc1c149afbf4c8996fb92427ae41e4649b934ca495991b7852b855,false,,false,false,
PAIR00880:BASE,PAIR00880,GW231223_032836,BASE,32,34,input,NAMED,psd-V1,psd-v1,psdv1,=,0,e3b0c44298fc1c149afbf4c8996fb92427ae41e4649b934ca495991b7852b855,false,,false,false,
PAIR00880:BASE,PAIR00880,GW231223_032836,BASE,33,35,input,NAMED,injection-T,injection-t,injectiont,=,1,5feceb66ffc86f38d952786c6d696c79c2dbc239dd4e91b46729d73a27fb57e9,false,,false,false,
PAIR00880:BASE,PAIR00880,GW231223_032836,BASE,34,36,input,NAMED,injection-scaling,injection-scaling,injectionscaling,=,3,d0ff5974b6aa52cf562bea5921840c032a860a91a3512f7fe8f768f6bbe005f6,false,,false,false,
PAIR00880:BASE,PAIR00880,GW231223_032836,BASE,35,37,input,NAMED,gaussian-noise,gaussian-noise,gaussiannoise,=,0,e3b0c44298fc1c149afbf4c8996fb92427ae41e4649b934ca495991b7852b855,false,,false,false,
PAIR00880:BASE,PAIR00880,GW231223_032836,BASE,36,38,input,NAMED,injection-approximant,injection-approximant,injectionapproximant,=,0,e3b0c44298fc1c149afbf4c8996fb92427ae41e4649b934ca495991b7852b855,false,,false,false,
PAIR00880:BASE,PAIR00880,GW231223_032836,BASE,37,39,input,NAMED,zero-noise,zero-noise,zeronoise,=,1,5feceb66ffc86f38d952786c6d696c79c2dbc239dd4e91b46729d73a27fb57e9,false,,false,false,
PAIR00880:BASE,PAIR00880,GW231223_032836,BASE,38,40,input,NAMED,sky-frame,sky-frame,skyframe,=,10,5df6b59dfafca1111fa87f6072971ed8f4719d44cfe95bd6a7490e0e7010579d,false,,false,false,
PAIR00880:BASE,PAIR00880,GW231223_032836,BASE,39,41,input,NAMED,truncate,truncate,truncate,=,1,6b86b273ff34fce19d6b804eff5a3f5747ada4eaa22f1d49c01e52ddb7875b4b,false,,false,false,
PAIR00880:BASE,PAIR00880,GW231223_032836,BASE,40,42,input,NAMED,analysis-duration,analysis-duration,analysisduration,=,3,44896b09365746b5f7167ee4d64988a38f7f4628803cbf86224e74eeb7c69e9d,false,,false,false,
PAIR00880:BASE,PAIR00880,GW231223_032836,BASE,41,43,input,NAMED,run-tag,run-tag,runtag,=,6,b80f6b485bcb2eb62c8837dc0584594ad24fdae1debd0342debf7e038d14c866,false,,false,false,
PAIR00880:BASE,PAIR00880,GW231223_032836,BASE,42,47,Sampler settings,NAMED,nlive,nlive,nlive,=,4,8b926d75599a618e21f1341318e66517be26e18cc7496783d2b59758c1333be8,false,,false,false,
PAIR00880:BASE,PAIR00880,GW231223_032836,BASE,43,48,Sampler settings,NAMED,poolsize,poolsize,poolsize,=,3,ad57366865126e55649ecb23ae1d48887544976efea46a48eb5d85a6eeb4d306,false,,false,false,
PAIR00880:BASE,PAIR00880,GW231223_032836,BASE,44,49,Sampler settings,NAMED,maxmcmc,maxmcmc,maxmcmc,=,4,8b926d75599a618e21f1341318e66517be26e18cc7496783d2b59758c1333be8,false,,false,false,
PAIR00880:BASE,PAIR00880,GW231223_032836,BASE,45,50,Sampler settings,NAMED,nthreads,nthreads,nthreads,=,1,6b86b273ff34fce19d6b804eff5a3f5747ada4eaa22f1d49c01e52ddb7875b4b,false,,false,false,
PAIR00880:BASE,PAIR00880,GW231223_032836,BASE,46,51,Sampler settings,NAMED,verbose,verbose,verbose,=,1,d4735e3a265e16eee03f59718b9b5d03019c07d8b6c51f90da3a666eec13ab35,false,,false,false,
PAIR00880:BASE,PAIR00880,GW231223_032836,BASE,47,52,Sampler settings,NAMED,seed,seed,seed,=,4,7b346904f63cc07f1d8cc2d88d7dae08a3f088a0e4159d5214c27a6571a51eb4,false,,false,false,
PAIR00880:BASE,PAIR00880,GW231223_032836,BASE,48,56,Priors,NAMED,gr-time-prior,gr-time-prior,grtimeprior,=,1,6b86b273ff34fce19d6b804eff5a3f5747ada4eaa22f1d49c01e52ddb7875b4b,false,,false,false,
PAIR00880:BASE,PAIR00880,GW231223_032836,BASE,49,57,Priors,NAMED,mf-time-prior,mf-time-prior,mftimeprior,=,18,58f825a0b0f7434a581b92f4f8465f5833e12976faf6745df72e25c6eaadb93d,false,,false,false,
PAIR00880:BASE,PAIR00880,GW231223_032836,BASE,50,58,Priors,NAMED,t-min,t-min,tmin,=,2,4a44dc15364204a80fe80e9039455cc1608281820fe2b24f1e5233ade6af1dd5,false,,false,false,
PAIR00880:BASE,PAIR00880,GW231223_032836,BASE,51,59,Priors,NAMED,t-max,t-max,tmax,=,2,39fa9ec190eee7b6f4dff1100d6343e10918d044c75eac8f9e9a2596173f80c9,false,,false,false,
PAIR00880:BASE,PAIR00880,GW231223_032836,BASE,52,60,Priors,NAMED,fix-t,fix-t,fixt,=,8,2adb79824bf0518e4a660ea484cb58dc26fc2e973bc93b8a4853c56ff1364822,false,,false,false,
PAIR00880:BASE,PAIR00880,GW231223_032836,BASE,53,61,Priors,NAMED,fix-ra,fix-ra,fixra,=,17,69e1b43ead457ad481a81a3921e9813da9b939f13c86fdf022e84bee1395bece,false,,false,false,
PAIR00880:BASE,PAIR00880,GW231223_032836,BASE,54,62,Priors,NAMED,fix-dec,fix-dec,fixdec,=,19,d4bc384227038732a62568892d1c5ce0582f3b93ce85c4fd2a585dfb33cf51d8,false,,false,false,
PAIR00880:BASE,PAIR00880,GW231223_032836,BASE,55,63,Priors,NAMED,fix-phi,fix-phi,fixphi,=,3,8aed642bf5118b9d3c859bd4be35ecac75b6e873cce34e7b6f554b06f75550d7,false,,false,false,
PAIR00880:VARIANT,PAIR00880,GW231223_032836,VARIANT,1,3,input,NAMED,run-type,run-type,runtype,=,4,a18b869b2e81c0c529552a3c4fa5c92ed08b98a4e146aed778d71d27517f83ac,false,,false,false,
PAIR00880:VARIANT,PAIR00880,GW231223_032836,VARIANT,2,4,input,NAMED,sampling-rate,sampling-rate,samplingrate,=,6,e75c3d41e5235b3b2911777152402ad9c9747a12e0021fab801d0fcc1580d076,false,,false,false,
PAIR00880:VARIANT,PAIR00880,GW231223_032836,VARIANT,3,5,input,NAMED,f-min-bp,f-min-bp,fminbp,=,4,585348dbd28810f9a34f57be46f000c5f9effab894d074713d93fe7ccfeb3b76,false,,false,false,
PAIR00880:VARIANT,PAIR00880,GW231223_032836,VARIANT,4,6,input,NAMED,f-max-bp,f-max-bp,fmaxbp,=,6,fddd30227ad776813b0af144db3610e985b228ba22f365f0132a4b270de7694a,false,,false,false,
PAIR00880:VARIANT,PAIR00880,GW231223_032836,VARIANT,5,7,input,NAMED,output,output,output,=,24,5b2355648694a4527af201b5c1f2cd274e0a3a2fdfb0ad962b6a73a04a0b283b,false,,false,false,
PAIR00880:VARIANT,PAIR00880,GW231223_032836,VARIANT,6,8,input,NAMED,download-data,download-data,downloaddata,=,1,6b86b273ff34fce19d6b804eff5a3f5747ada4eaa22f1d49c01e52ddb7875b4b,false,,false,false,
PAIR00880:VARIANT,PAIR00880,GW231223_032836,VARIANT,7,9,input,NAMED,datalen-download,datalen-download,datalendownload,=,4,f81b732a59389bd6838affaf36f9a3b6d9fe736b4e99f146571a5b1b935283e9,false,,false,false,
PAIR00880:VARIANT,PAIR00880,GW231223_032836,VARIANT,8,10,input,NAMED,channel-H1,channel-h1,channelh1,=,39,d740bdec1c02505fcd4e2a386c18daf592563fb4549b8b6178bcc67a724cba85,false,,false,false,
PAIR00880:VARIANT,PAIR00880,GW231223_032836,VARIANT,9,11,input,NAMED,channel-L1,channel-l1,channell1,=,28,fcede5f51dc717380e3072435c419d9ca94c127e7d1737dc870bc534d794b981,false,,false,false,
PAIR00880:VARIANT,PAIR00880,GW231223_032836,VARIANT,10,12,input,NAMED,channel-V1,channel-v1,channelv1,=,0,e3b0c44298fc1c149afbf4c8996fb92427ae41e4649b934ca495991b7852b855,false,,false,false,
PAIR00880:VARIANT,PAIR00880,GW231223_032836,VARIANT,11,13,input,NAMED,data-H1,data-h1,datah1,=,0,e3b0c44298fc1c149afbf4c8996fb92427ae41e4649b934ca495991b7852b855,false,,false,false,
PAIR00880:VARIANT,PAIR00880,GW231223_032836,VARIANT,12,14,input,NAMED,data-L1,data-l1,datal1,=,0,e3b0c44298fc1c149afbf4c8996fb92427ae41e4649b934ca495991b7852b855,false,,false,false,
PAIR00880:VARIANT,PAIR00880,GW231223_032836,VARIANT,13,15,input,NAMED,data-V1,data-v1,datav1,=,0,e3b0c44298fc1c149afbf4c8996fb92427ae41e4649b934ca495991b7852b855,false,,false,false,
PAIR00880:VARIANT,PAIR00880,GW231223_032836,VARIANT,14,16,input,NAMED,ignore-data-filename,ignore-data-filename,ignoredatafilename,=,1,5feceb66ffc86f38d952786c6d696c79c2dbc239dd4e91b46729d73a27fb57e9,false,,false,false,
PAIR00880:VARIANT,PAIR00880,GW231223_032836,VARIANT,15,17,input,NAMED,gw-data-find,gw-data-find,gwdatafind,=,1,5feceb66ffc86f38d952786c6d696c79c2dbc239dd4e91b46729d73a27fb57e9,false,,false,false,
PAIR00880:VARIANT,PAIR00880,GW231223_032836,VARIANT,16,18,input,NAMED,gw-data-type-H1,gw-data-type-h1,gwdatatypeh1,=,0,e3b0c44298fc1c149afbf4c8996fb92427ae41e4649b934ca495991b7852b855,false,,false,false,
PAIR00880:VARIANT,PAIR00880,GW231223_032836,VARIANT,17,19,input,NAMED,gw-data-type-L1,gw-data-type-l1,gwdatatypel1,=,0,e3b0c44298fc1c149afbf4c8996fb92427ae41e4649b934ca495991b7852b855,false,,false,false,
PAIR00880:VARIANT,PAIR00880,GW231223_032836,VARIANT,18,20,input,NAMED,gw-data-type-V1,gw-data-type-v1,gwdatatypev1,=,0,e3b0c44298fc1c149afbf4c8996fb92427ae41e4649b934ca495991b7852b855,false,,false,false,
PAIR00880:VARIANT,PAIR00880,GW231223_032836,VARIANT,19,21,input,NAMED,ref-det,ref-det,refdet,=,2,8bf797aa02bd65b7cbd52155f6e010be77bb3d461320dac4c74c12d749d81066,false,,false,false,
PAIR00880:VARIANT,PAIR00880,GW231223_032836,VARIANT,20,22,input,NAMED,trigtime,trigtime,trigtime,=,18,099f09513d029758e61b187ac38c465c5d934f997d719e29730de448127b3554,false,,false,false,
PAIR00880:VARIANT,PAIR00880,GW231223_032836,VARIANT,21,23,input,NAMED,detectors,detectors,detectors,=,5,3b0244de8d58e5217d2f9d33788bf9ff487c7cf82068b932f86e382eefc8bcfe,false,,false,false,
PAIR00880:VARIANT,PAIR00880,GW231223_032836,VARIANT,22,24,input,NAMED,window-onsource,window-onsource,windowonsource,=,1,5feceb66ffc86f38d952786c6d696c79c2dbc239dd4e91b46729d73a27fb57e9,false,,false,false,
PAIR00880:VARIANT,PAIR00880,GW231223_032836,VARIANT,23,25,input,NAMED,noise-chunksize,noise-chunksize,noisechunksize,=,3,fbd04e1aae9ce0b11a8946e2c9ac2619f7428a64d32d01eff61d809dcb70ee8e,false,,false,false,
PAIR00880:VARIANT,PAIR00880,GW231223_032836,VARIANT,24,26,input,NAMED,signal-chunksize,signal-chunksize,signalchunksize,=,3,fbd04e1aae9ce0b11a8946e2c9ac2619f7428a64d32d01eff61d809dcb70ee8e,false,,false,false,
PAIR00880:VARIANT,PAIR00880,GW231223_032836,VARIANT,25,27,input,NAMED,amp-non-prec-sym,amp-non-prec-sym,ampnonprecsym,=,1,6b86b273ff34fce19d6b804eff5a3f5747ada4eaa22f1d49c01e52ddb7875b4b,false,,false,false,
PAIR00880:VARIANT,PAIR00880,GW231223_032836,VARIANT,26,28,input,NAMED,max-Kerr-amp-ratio,max-kerr-amp-ratio,maxkerrampratio,=,3,8aed642bf5118b9d3c859bd4be35ecac75b6e873cce34e7b6f554b06f75550d7,true,TARGET_LIKE_CANDIDATE,true,false,0.0
PAIR00880:VARIANT,PAIR00880,GW231223_032836,VARIANT,27,29,input,NAMED,kerr-modes,kerr-modes,kerrmodes,=,22,bc200f256cf28b74cec3f8e364af97fbd24eb4ea100fb87bf554622a407e809f,true,KERR_MODES,true,false,"[(2,2,2,0), (2,2,2,1)]"
PAIR00880:VARIANT,PAIR00880,GW231223_032836,VARIANT,28,30,input,NAMED,spheroidal,spheroidal,spheroidal,=,1,5feceb66ffc86f38d952786c6d696c79c2dbc239dd4e91b46729d73a27fb57e9,false,,false,false,
PAIR00880:VARIANT,PAIR00880,GW231223_032836,VARIANT,29,31,input,NAMED,reference-amplitude,reference-amplitude,referenceamplitude,=,5,64a930966aa1b51c0cc3f0747e943493b4dd46e75f7aba72f837f9adfa7d8c3d,false,,false,false,
PAIR00880:VARIANT,PAIR00880,GW231223_032836,VARIANT,30,32,input,NAMED,psd-H1,psd-h1,psdh1,=,0,e3b0c44298fc1c149afbf4c8996fb92427ae41e4649b934ca495991b7852b855,false,,false,false,
PAIR00880:VARIANT,PAIR00880,GW231223_032836,VARIANT,31,33,input,NAMED,psd-L1,psd-l1,psdl1,=,0,e3b0c44298fc1c149afbf4c8996fb92427ae41e4649b934ca495991b7852b855,false,,false,false,
PAIR00880:VARIANT,PAIR00880,GW231223_032836,VARIANT,32,34,input,NAMED,psd-V1,psd-v1,psdv1,=,0,e3b0c44298fc1c149afbf4c8996fb92427ae41e4649b934ca495991b7852b855,false,,false,false,
PAIR00880:VARIANT,PAIR00880,GW231223_032836,VARIANT,33,35,input,NAMED,injection-T,injection-t,injectiont,=,1,5feceb66ffc86f38d952786c6d696c79c2dbc239dd4e91b46729d73a27fb57e9,false,,false,false,
PAIR00880:VARIANT,PAIR00880,GW231223_032836,VARIANT,34,36,input,NAMED,injection-scaling,injection-scaling,injectionscaling,=,3,d0ff5974b6aa52cf562bea5921840c032a860a91a3512f7fe8f768f6bbe005f6,false,,false,false,
PAIR00880:VARIANT,PAIR00880,GW231223_032836,VARIANT,35,37,input,NAMED,gaussian-noise,gaussian-noise,gaussiannoise,=,0,e3b0c44298fc1c149afbf4c8996fb92427ae41e4649b934ca495991b7852b855,false,,false,false,
PAIR00880:VARIANT,PAIR00880,GW231223_032836,VARIANT,36,38,input,NAMED,injection-approximant,injection-approximant,injectionapproximant,=,0,e3b0c44298fc1c149afbf4c8996fb92427ae41e4649b934ca495991b7852b855,false,,false,false,
PAIR00880:VARIANT,PAIR00880,GW231223_032836,VARIANT,37,39,input,NAMED,zero-noise,zero-noise,zeronoise,=,1,5feceb66ffc86f38d952786c6d696c79c2dbc239dd4e91b46729d73a27fb57e9,false,,false,false,
PAIR00880:VARIANT,PAIR00880,GW231223_032836,VARIANT,38,40,input,NAMED,sky-frame,sky-frame,skyframe,=,10,5df6b59dfafca1111fa87f6072971ed8f4719d44cfe95bd6a7490e0e7010579d,false,,false,false,
PAIR00880:VARIANT,PAIR00880,GW231223_032836,VARIANT,39,41,input,NAMED,truncate,truncate,truncate,=,1,6b86b273ff34fce19d6b804eff5a3f5747ada4eaa22f1d49c01e52ddb7875b4b,false,,false,false,
PAIR00880:VARIANT,PAIR00880,GW231223_032836,VARIANT,40,42,input,NAMED,analysis-duration,analysis-duration,analysisduration,=,3,44896b09365746b5f7167ee4d64988a38f7f4628803cbf86224e74eeb7c69e9d,false,,false,false,
PAIR00880:VARIANT,PAIR00880,GW231223_032836,VARIANT,41,43,input,NAMED,run-tag,run-tag,runtag,=,6,b80f6b485bcb2eb62c8837dc0584594ad24fdae1debd0342debf7e038d14c866,false,,false,false,
PAIR00880:VARIANT,PAIR00880,GW231223_032836,VARIANT,42,47,Sampler settings,NAMED,nlive,nlive,nlive,=,4,8b926d75599a618e21f1341318e66517be26e18cc7496783d2b59758c1333be8,false,,false,false,
PAIR00880:VARIANT,PAIR00880,GW231223_032836,VARIANT,43,48,Sampler settings,NAMED,poolsize,poolsize,poolsize,=,3,ad57366865126e55649ecb23ae1d48887544976efea46a48eb5d85a6eeb4d306,false,,false,false,
PAIR00880:VARIANT,PAIR00880,GW231223_032836,VARIANT,44,49,Sampler settings,NAMED,maxmcmc,maxmcmc,maxmcmc,=,4,8b926d75599a618e21f1341318e66517be26e18cc7496783d2b59758c1333be8,false,,false,false,
PAIR00880:VARIANT,PAIR00880,GW231223_032836,VARIANT,45,50,Sampler settings,NAMED,nthreads,nthreads,nthreads,=,1,6b86b273ff34fce19d6b804eff5a3f5747ada4eaa22f1d49c01e52ddb7875b4b,false,,false,false,
PAIR00880:VARIANT,PAIR00880,GW231223_032836,VARIANT,46,51,Sampler settings,NAMED,verbose,verbose,verbose,=,1,d4735e3a265e16eee03f59718b9b5d03019c07d8b6c51f90da3a666eec13ab35,false,,false,false,
PAIR00880:VARIANT,PAIR00880,GW231223_032836,VARIANT,47,52,Sampler settings,NAMED,seed,seed,seed,=,4,7b346904f63cc07f1d8cc2d88d7dae08a3f088a0e4159d5214c27a6571a51eb4,false,,false,false,
PAIR00880:VARIANT,PAIR00880,GW231223_032836,VARIANT,48,56,Priors,NAMED,gr-time-prior,gr-time-prior,grtimeprior,=,1,6b86b273ff34fce19d6b804eff5a3f5747ada4eaa22f1d49c01e52ddb7875b4b,false,,false,false,
PAIR00880:VARIANT,PAIR00880,GW231223_032836,VARIANT,49,57,Priors,NAMED,mf-time-prior,mf-time-prior,mftimeprior,=,18,58f825a0b0f7434a581b92f4f8465f5833e12976faf6745df72e25c6eaadb93d,false,,false,false,
PAIR00880:VARIANT,PAIR00880,GW231223_032836,VARIANT,50,58,Priors,NAMED,t-min,t-min,tmin,=,2,4a44dc15364204a80fe80e9039455cc1608281820fe2b24f1e5233ade6af1dd5,false,,false,false,
PAIR00880:VARIANT,PAIR00880,GW231223_032836,VARIANT,51,59,Priors,NAMED,t-max,t-max,tmax,=,2,39fa9ec190eee7b6f4dff1100d6343e10918d044c75eac8f9e9a2596173f80c9,false,,false,false,
PAIR00880:VARIANT,PAIR00880,GW231223_032836,VARIANT,52,60,Priors,NAMED,fix-t,fix-t,fixt,=,8,2adb79824bf0518e4a660ea484cb58dc26fc2e973bc93b8a4853c56ff1364822,false,,false,false,
PAIR00880:VARIANT,PAIR00880,GW231223_032836,VARIANT,53,61,Priors,NAMED,fix-ra,fix-ra,fixra,=,17,69e1b43ead457ad481a81a3921e9813da9b939f13c86fdf022e84bee1395bece,false,,false,false,
PAIR00880:VARIANT,PAIR00880,GW231223_032836,VARIANT,54,62,Priors,NAMED,fix-dec,fix-dec,fixdec,=,19,d4bc384227038732a62568892d1c5ce0582f3b93ce85c4fd2a585dfb33cf51d8,false,,false,false,
PAIR00880:VARIANT,PAIR00880,GW231223_032836,VARIANT,55,63,Priors,NAMED,fix-phi,fix-phi,fixphi,=,3,8aed642bf5118b9d3c859bd4be35ecac75b6e873cce34e7b6f554b06f75550d7,false,,false,false,
PAIR00918:BASE,PAIR00918,GW231226_101520,BASE,1,3,input,NAMED,run-type,run-type,runtype,=,4,a18b869b2e81c0c529552a3c4fa5c92ed08b98a4e146aed778d71d27517f83ac,false,,false,false,
PAIR00918:BASE,PAIR00918,GW231226_101520,BASE,2,4,input,NAMED,sampling-rate,sampling-rate,samplingrate,=,6,e75c3d41e5235b3b2911777152402ad9c9747a12e0021fab801d0fcc1580d076,false,,false,false,
PAIR00918:BASE,PAIR00918,GW231226_101520,BASE,3,5,input,NAMED,f-min-bp,f-min-bp,fminbp,=,4,585348dbd28810f9a34f57be46f000c5f9effab894d074713d93fe7ccfeb3b76,false,,false,false,
PAIR00918:BASE,PAIR00918,GW231226_101520,BASE,4,6,input,NAMED,f-max-bp,f-max-bp,fmaxbp,=,6,fddd30227ad776813b0af144db3610e985b228ba22f365f0132a4b270de7694a,false,,false,false,
PAIR00918:BASE,PAIR00918,GW231226_101520,BASE,5,7,input,NAMED,output,output,output,=,24,5b2355648694a4527af201b5c1f2cd274e0a3a2fdfb0ad962b6a73a04a0b283b,false,,false,false,
PAIR00918:BASE,PAIR00918,GW231226_101520,BASE,6,8,input,NAMED,download-data,download-data,downloaddata,=,1,6b86b273ff34fce19d6b804eff5a3f5747ada4eaa22f1d49c01e52ddb7875b4b,false,,false,false,
PAIR00918:BASE,PAIR00918,GW231226_101520,BASE,7,9,input,NAMED,datalen-download,datalen-download,datalendownload,=,4,f81b732a59389bd6838affaf36f9a3b6d9fe736b4e99f146571a5b1b935283e9,false,,false,false,
PAIR00918:BASE,PAIR00918,GW231226_101520,BASE,8,10,input,NAMED,channel-H1,channel-h1,channelh1,=,28,19a08d2e9b9f86ab015dfa721d16ffb749bff3c1b6cc9bc57e498d8021581df9,false,,false,false,
PAIR00918:BASE,PAIR00918,GW231226_101520,BASE,9,11,input,NAMED,channel-L1,channel-l1,channell1,=,28,fcede5f51dc717380e3072435c419d9ca94c127e7d1737dc870bc534d794b981,false,,false,false,
PAIR00918:BASE,PAIR00918,GW231226_101520,BASE,10,12,input,NAMED,channel-V1,channel-v1,channelv1,=,0,e3b0c44298fc1c149afbf4c8996fb92427ae41e4649b934ca495991b7852b855,false,,false,false,
PAIR00918:BASE,PAIR00918,GW231226_101520,BASE,11,13,input,NAMED,data-H1,data-h1,datah1,=,0,e3b0c44298fc1c149afbf4c8996fb92427ae41e4649b934ca495991b7852b855,false,,false,false,
PAIR00918:BASE,PAIR00918,GW231226_101520,BASE,12,14,input,NAMED,data-L1,data-l1,datal1,=,0,e3b0c44298fc1c149afbf4c8996fb92427ae41e4649b934ca495991b7852b855,false,,false,false,
PAIR00918:BASE,PAIR00918,GW231226_101520,BASE,13,15,input,NAMED,data-V1,data-v1,datav1,=,0,e3b0c44298fc1c149afbf4c8996fb92427ae41e4649b934ca495991b7852b855,false,,false,false,
PAIR00918:BASE,PAIR00918,GW231226_101520,BASE,14,16,input,NAMED,ignore-data-filename,ignore-data-filename,ignoredatafilename,=,1,5feceb66ffc86f38d952786c6d696c79c2dbc239dd4e91b46729d73a27fb57e9,false,,false,false,
PAIR00918:BASE,PAIR00918,GW231226_101520,BASE,15,17,input,NAMED,gw-data-find,gw-data-find,gwdatafind,=,1,5feceb66ffc86f38d952786c6d696c79c2dbc239dd4e91b46729d73a27fb57e9,false,,false,false,
PAIR00918:BASE,PAIR00918,GW231226_101520,BASE,16,18,input,NAMED,gw-data-type-H1,gw-data-type-h1,gwdatatypeh1,=,0,e3b0c44298fc1c149afbf4c8996fb92427ae41e4649b934ca495991b7852b855,false,,false,false,
PAIR00918:BASE,PAIR00918,GW231226_101520,BASE,17,19,input,NAMED,gw-data-type-L1,gw-data-type-l1,gwdatatypel1,=,0,e3b0c44298fc1c149afbf4c8996fb92427ae41e4649b934ca495991b7852b855,false,,false,false,
PAIR00918:BASE,PAIR00918,GW231226_101520,BASE,18,20,input,NAMED,gw-data-type-V1,gw-data-type-v1,gwdatatypev1,=,0,e3b0c44298fc1c149afbf4c8996fb92427ae41e4649b934ca495991b7852b855,false,,false,false,
PAIR00918:BASE,PAIR00918,GW231226_101520,BASE,19,21,input,NAMED,ref-det,ref-det,refdet,=,2,8bf797aa02bd65b7cbd52155f6e010be77bb3d461320dac4c74c12d749d81066,false,,false,false,
PAIR00918:BASE,PAIR00918,GW231226_101520,BASE,20,22,input,NAMED,trigtime,trigtime,trigtime,=,17,c813c3742242862dd40223da70f2436ea94918a91c98b9a26e09b7bf95914107,false,,false,false,
PAIR00918:BASE,PAIR00918,GW231226_101520,BASE,21,23,input,NAMED,detectors,detectors,detectors,=,5,3b0244de8d58e5217d2f9d33788bf9ff487c7cf82068b932f86e382eefc8bcfe,false,,false,false,
PAIR00918:BASE,PAIR00918,GW231226_101520,BASE,22,24,input,NAMED,window-onsource,window-onsource,windowonsource,=,1,5feceb66ffc86f38d952786c6d696c79c2dbc239dd4e91b46729d73a27fb57e9,false,,false,false,
PAIR00918:BASE,PAIR00918,GW231226_101520,BASE,23,25,input,NAMED,noise-chunksize,noise-chunksize,noisechunksize,=,3,fbd04e1aae9ce0b11a8946e2c9ac2619f7428a64d32d01eff61d809dcb70ee8e,false,,false,false,
PAIR00918:BASE,PAIR00918,GW231226_101520,BASE,24,26,input,NAMED,signal-chunksize,signal-chunksize,signalchunksize,=,3,fbd04e1aae9ce0b11a8946e2c9ac2619f7428a64d32d01eff61d809dcb70ee8e,false,,false,false,
PAIR00918:BASE,PAIR00918,GW231226_101520,BASE,25,27,input,NAMED,amp-non-prec-sym,amp-non-prec-sym,ampnonprecsym,=,1,6b86b273ff34fce19d6b804eff5a3f5747ada4eaa22f1d49c01e52ddb7875b4b,false,,false,false,
PAIR00918:BASE,PAIR00918,GW231226_101520,BASE,26,28,input,NAMED,max-Kerr-amp-ratio,max-kerr-amp-ratio,maxkerrampratio,=,3,8aed642bf5118b9d3c859bd4be35ecac75b6e873cce34e7b6f554b06f75550d7,true,TARGET_LIKE_CANDIDATE,true,false,0.0
PAIR00918:BASE,PAIR00918,GW231226_101520,BASE,27,29,input,NAMED,kerr-modes,kerr-modes,kerrmodes,=,11,918b8617dd99e65be623b6a29009ed5cc07e2badeba955417690d4002c8f430b,true,KERR_MODES,true,false,"[(2,2,2,0)]"
PAIR00918:BASE,PAIR00918,GW231226_101520,BASE,28,30,input,NAMED,spheroidal,spheroidal,spheroidal,=,1,5feceb66ffc86f38d952786c6d696c79c2dbc239dd4e91b46729d73a27fb57e9,false,,false,false,
PAIR00918:BASE,PAIR00918,GW231226_101520,BASE,29,31,input,NAMED,reference-amplitude,reference-amplitude,referenceamplitude,=,5,64a930966aa1b51c0cc3f0747e943493b4dd46e75f7aba72f837f9adfa7d8c3d,false,,false,false,
PAIR00918:BASE,PAIR00918,GW231226_101520,BASE,30,32,input,NAMED,psd-H1,psd-h1,psdh1,=,0,e3b0c44298fc1c149afbf4c8996fb92427ae41e4649b934ca495991b7852b855,false,,false,false,
PAIR00918:BASE,PAIR00918,GW231226_101520,BASE,31,33,input,NAMED,psd-L1,psd-l1,psdl1,=,0,e3b0c44298fc1c149afbf4c8996fb92427ae41e4649b934ca495991b7852b855,false,,false,false,
PAIR00918:BASE,PAIR00918,GW231226_101520,BASE,32,34,input,NAMED,psd-V1,psd-v1,psdv1,=,0,e3b0c44298fc1c149afbf4c8996fb92427ae41e4649b934ca495991b7852b855,false,,false,false,
PAIR00918:BASE,PAIR00918,GW231226_101520,BASE,33,35,input,NAMED,injection-T,injection-t,injectiont,=,1,5feceb66ffc86f38d952786c6d696c79c2dbc239dd4e91b46729d73a27fb57e9,false,,false,false,
PAIR00918:BASE,PAIR00918,GW231226_101520,BASE,34,36,input,NAMED,injection-scaling,injection-scaling,injectionscaling,=,3,d0ff5974b6aa52cf562bea5921840c032a860a91a3512f7fe8f768f6bbe005f6,false,,false,false,
PAIR00918:BASE,PAIR00918,GW231226_101520,BASE,35,37,input,NAMED,gaussian-noise,gaussian-noise,gaussiannoise,=,0,e3b0c44298fc1c149afbf4c8996fb92427ae41e4649b934ca495991b7852b855,false,,false,false,
PAIR00918:BASE,PAIR00918,GW231226_101520,BASE,36,38,input,NAMED,injection-approximant,injection-approximant,injectionapproximant,=,0,e3b0c44298fc1c149afbf4c8996fb92427ae41e4649b934ca495991b7852b855,false,,false,false,
PAIR00918:BASE,PAIR00918,GW231226_101520,BASE,37,39,input,NAMED,zero-noise,zero-noise,zeronoise,=,1,5feceb66ffc86f38d952786c6d696c79c2dbc239dd4e91b46729d73a27fb57e9,false,,false,false,
PAIR00918:BASE,PAIR00918,GW231226_101520,BASE,38,40,input,NAMED,sky-frame,sky-frame,skyframe,=,10,5df6b59dfafca1111fa87f6072971ed8f4719d44cfe95bd6a7490e0e7010579d,false,,false,false,
PAIR00918:BASE,PAIR00918,GW231226_101520,BASE,39,41,input,NAMED,truncate,truncate,truncate,=,1,6b86b273ff34fce19d6b804eff5a3f5747ada4eaa22f1d49c01e52ddb7875b4b,false,,false,false,
PAIR00918:BASE,PAIR00918,GW231226_101520,BASE,40,42,input,NAMED,analysis-duration,analysis-duration,analysisduration,=,3,44896b09365746b5f7167ee4d64988a38f7f4628803cbf86224e74eeb7c69e9d,false,,false,false,
PAIR00918:BASE,PAIR00918,GW231226_101520,BASE,41,43,input,NAMED,run-tag,run-tag,runtag,=,6,36b8f014212bf467561240293cc6cb63f8f85362f0f99bd1dbdfd544797e5a43,false,,false,false,
PAIR00918:BASE,PAIR00918,GW231226_101520,BASE,42,47,Sampler settings,NAMED,nlive,nlive,nlive,=,4,8b926d75599a618e21f1341318e66517be26e18cc7496783d2b59758c1333be8,false,,false,false,
PAIR00918:BASE,PAIR00918,GW231226_101520,BASE,43,48,Sampler settings,NAMED,poolsize,poolsize,poolsize,=,3,ad57366865126e55649ecb23ae1d48887544976efea46a48eb5d85a6eeb4d306,false,,false,false,
PAIR00918:BASE,PAIR00918,GW231226_101520,BASE,44,49,Sampler settings,NAMED,maxmcmc,maxmcmc,maxmcmc,=,4,8b926d75599a618e21f1341318e66517be26e18cc7496783d2b59758c1333be8,false,,false,false,
PAIR00918:BASE,PAIR00918,GW231226_101520,BASE,45,50,Sampler settings,NAMED,nthreads,nthreads,nthreads,=,1,6b86b273ff34fce19d6b804eff5a3f5747ada4eaa22f1d49c01e52ddb7875b4b,false,,false,false,
PAIR00918:BASE,PAIR00918,GW231226_101520,BASE,46,51,Sampler settings,NAMED,verbose,verbose,verbose,=,1,d4735e3a265e16eee03f59718b9b5d03019c07d8b6c51f90da3a666eec13ab35,false,,false,false,
PAIR00918:BASE,PAIR00918,GW231226_101520,BASE,47,52,Sampler settings,NAMED,seed,seed,seed,=,4,7b346904f63cc07f1d8cc2d88d7dae08a3f088a0e4159d5214c27a6571a51eb4,false,,false,false,
PAIR00918:BASE,PAIR00918,GW231226_101520,BASE,48,56,Priors,NAMED,gr-time-prior,gr-time-prior,grtimeprior,=,1,6b86b273ff34fce19d6b804eff5a3f5747ada4eaa22f1d49c01e52ddb7875b4b,false,,false,false,
PAIR00918:BASE,PAIR00918,GW231226_101520,BASE,49,57,Priors,NAMED,mf-time-prior,mf-time-prior,mftimeprior,=,17,bc101a1821a096c0cbb06a0d21bd6e74f2e869fb88ac7a2c26526d7980334191,false,,false,false,
PAIR00918:BASE,PAIR00918,GW231226_101520,BASE,50,58,Priors,NAMED,t-min,t-min,tmin,=,2,4a44dc15364204a80fe80e9039455cc1608281820fe2b24f1e5233ade6af1dd5,false,,false,false,
PAIR00918:BASE,PAIR00918,GW231226_101520,BASE,51,59,Priors,NAMED,t-max,t-max,tmax,=,2,39fa9ec190eee7b6f4dff1100d6343e10918d044c75eac8f9e9a2596173f80c9,false,,false,false,
PAIR00918:BASE,PAIR00918,GW231226_101520,BASE,52,60,Priors,NAMED,fix-t,fix-t,fixt,=,8,560b2a5128e2ab8f3477868df818f47f7f8a71a29f2251c061bfd362584f4bbe,false,,false,false,
PAIR00918:BASE,PAIR00918,GW231226_101520,BASE,53,61,Priors,NAMED,fix-ra,fix-ra,fixra,=,18,e0d0c0bdad1ce0205e40f52ab746b2510c3eb5aab02d4c42bfcebef0b2db31d8,false,,false,false,
PAIR00918:BASE,PAIR00918,GW231226_101520,BASE,54,62,Priors,NAMED,fix-dec,fix-dec,fixdec,=,18,d806d4de80ae78c942cc562f2a0cade7eed189c48c3a3fa16bf8e58fa8089caf,false,,false,false,
PAIR00918:BASE,PAIR00918,GW231226_101520,BASE,55,63,Priors,NAMED,fix-phi,fix-phi,fixphi,=,3,8aed642bf5118b9d3c859bd4be35ecac75b6e873cce34e7b6f554b06f75550d7,false,,false,false,
PAIR00918:VARIANT,PAIR00918,GW231226_101520,VARIANT,1,3,input,NAMED,run-type,run-type,runtype,=,4,a18b869b2e81c0c529552a3c4fa5c92ed08b98a4e146aed778d71d27517f83ac,false,,false,false,
PAIR00918:VARIANT,PAIR00918,GW231226_101520,VARIANT,2,4,input,NAMED,sampling-rate,sampling-rate,samplingrate,=,6,e75c3d41e5235b3b2911777152402ad9c9747a12e0021fab801d0fcc1580d076,false,,false,false,
PAIR00918:VARIANT,PAIR00918,GW231226_101520,VARIANT,3,5,input,NAMED,f-min-bp,f-min-bp,fminbp,=,4,585348dbd28810f9a34f57be46f000c5f9effab894d074713d93fe7ccfeb3b76,false,,false,false,
PAIR00918:VARIANT,PAIR00918,GW231226_101520,VARIANT,4,6,input,NAMED,f-max-bp,f-max-bp,fmaxbp,=,6,fddd30227ad776813b0af144db3610e985b228ba22f365f0132a4b270de7694a,false,,false,false,
PAIR00918:VARIANT,PAIR00918,GW231226_101520,VARIANT,5,7,input,NAMED,output,output,output,=,24,5b2355648694a4527af201b5c1f2cd274e0a3a2fdfb0ad962b6a73a04a0b283b,false,,false,false,
PAIR00918:VARIANT,PAIR00918,GW231226_101520,VARIANT,6,8,input,NAMED,download-data,download-data,downloaddata,=,1,6b86b273ff34fce19d6b804eff5a3f5747ada4eaa22f1d49c01e52ddb7875b4b,false,,false,false,
PAIR00918:VARIANT,PAIR00918,GW231226_101520,VARIANT,7,9,input,NAMED,datalen-download,datalen-download,datalendownload,=,4,f81b732a59389bd6838affaf36f9a3b6d9fe736b4e99f146571a5b1b935283e9,false,,false,false,
PAIR00918:VARIANT,PAIR00918,GW231226_101520,VARIANT,8,10,input,NAMED,channel-H1,channel-h1,channelh1,=,28,19a08d2e9b9f86ab015dfa721d16ffb749bff3c1b6cc9bc57e498d8021581df9,false,,false,false,
PAIR00918:VARIANT,PAIR00918,GW231226_101520,VARIANT,9,11,input,NAMED,channel-L1,channel-l1,channell1,=,28,fcede5f51dc717380e3072435c419d9ca94c127e7d1737dc870bc534d794b981,false,,false,false,
PAIR00918:VARIANT,PAIR00918,GW231226_101520,VARIANT,10,12,input,NAMED,channel-V1,channel-v1,channelv1,=,0,e3b0c44298fc1c149afbf4c8996fb92427ae41e4649b934ca495991b7852b855,false,,false,false,
PAIR00918:VARIANT,PAIR00918,GW231226_101520,VARIANT,11,13,input,NAMED,data-H1,data-h1,datah1,=,0,e3b0c44298fc1c149afbf4c8996fb92427ae41e4649b934ca495991b7852b855,false,,false,false,
PAIR00918:VARIANT,PAIR00918,GW231226_101520,VARIANT,12,14,input,NAMED,data-L1,data-l1,datal1,=,0,e3b0c44298fc1c149afbf4c8996fb92427ae41e4649b934ca495991b7852b855,false,,false,false,
PAIR00918:VARIANT,PAIR00918,GW231226_101520,VARIANT,13,15,input,NAMED,data-V1,data-v1,datav1,=,0,e3b0c44298fc1c149afbf4c8996fb92427ae41e4649b934ca495991b7852b855,false,,false,false,
PAIR00918:VARIANT,PAIR00918,GW231226_101520,VARIANT,14,16,input,NAMED,ignore-data-filename,ignore-data-filename,ignoredatafilename,=,1,5feceb66ffc86f38d952786c6d696c79c2dbc239dd4e91b46729d73a27fb57e9,false,,false,false,
PAIR00918:VARIANT,PAIR00918,GW231226_101520,VARIANT,15,17,input,NAMED,gw-data-find,gw-data-find,gwdatafind,=,1,5feceb66ffc86f38d952786c6d696c79c2dbc239dd4e91b46729d73a27fb57e9,false,,false,false,
PAIR00918:VARIANT,PAIR00918,GW231226_101520,VARIANT,16,18,input,NAMED,gw-data-type-H1,gw-data-type-h1,gwdatatypeh1,=,0,e3b0c44298fc1c149afbf4c8996fb92427ae41e4649b934ca495991b7852b855,false,,false,false,
PAIR00918:VARIANT,PAIR00918,GW231226_101520,VARIANT,17,19,input,NAMED,gw-data-type-L1,gw-data-type-l1,gwdatatypel1,=,0,e3b0c44298fc1c149afbf4c8996fb92427ae41e4649b934ca495991b7852b855,false,,false,false,
PAIR00918:VARIANT,PAIR00918,GW231226_101520,VARIANT,18,20,input,NAMED,gw-data-type-V1,gw-data-type-v1,gwdatatypev1,=,0,e3b0c44298fc1c149afbf4c8996fb92427ae41e4649b934ca495991b7852b855,false,,false,false,
PAIR00918:VARIANT,PAIR00918,GW231226_101520,VARIANT,19,21,input,NAMED,ref-det,ref-det,refdet,=,2,8bf797aa02bd65b7cbd52155f6e010be77bb3d461320dac4c74c12d749d81066,false,,false,false,
PAIR00918:VARIANT,PAIR00918,GW231226_101520,VARIANT,20,22,input,NAMED,trigtime,trigtime,trigtime,=,17,c813c3742242862dd40223da70f2436ea94918a91c98b9a26e09b7bf95914107,false,,false,false,
PAIR00918:VARIANT,PAIR00918,GW231226_101520,VARIANT,21,23,input,NAMED,detectors,detectors,detectors,=,5,3b0244de8d58e5217d2f9d33788bf9ff487c7cf82068b932f86e382eefc8bcfe,false,,false,false,
PAIR00918:VARIANT,PAIR00918,GW231226_101520,VARIANT,22,24,input,NAMED,window-onsource,window-onsource,windowonsource,=,1,5feceb66ffc86f38d952786c6d696c79c2dbc239dd4e91b46729d73a27fb57e9,false,,false,false,
PAIR00918:VARIANT,PAIR00918,GW231226_101520,VARIANT,23,25,input,NAMED,noise-chunksize,noise-chunksize,noisechunksize,=,3,fbd04e1aae9ce0b11a8946e2c9ac2619f7428a64d32d01eff61d809dcb70ee8e,false,,false,false,
PAIR00918:VARIANT,PAIR00918,GW231226_101520,VARIANT,24,26,input,NAMED,signal-chunksize,signal-chunksize,signalchunksize,=,3,fbd04e1aae9ce0b11a8946e2c9ac2619f7428a64d32d01eff61d809dcb70ee8e,false,,false,false,
PAIR00918:VARIANT,PAIR00918,GW231226_101520,VARIANT,25,27,input,NAMED,amp-non-prec-sym,amp-non-prec-sym,ampnonprecsym,=,1,6b86b273ff34fce19d6b804eff5a3f5747ada4eaa22f1d49c01e52ddb7875b4b,false,,false,false,
PAIR00918:VARIANT,PAIR00918,GW231226_101520,VARIANT,26,28,input,NAMED,max-Kerr-amp-ratio,max-kerr-amp-ratio,maxkerrampratio,=,3,8aed642bf5118b9d3c859bd4be35ecac75b6e873cce34e7b6f554b06f75550d7,true,TARGET_LIKE_CANDIDATE,true,false,0.0
PAIR00918:VARIANT,PAIR00918,GW231226_101520,VARIANT,27,29,input,NAMED,kerr-modes,kerr-modes,kerrmodes,=,22,26acb063da48cd3d13b325c6fcf635766d64ae0318ecb9d7b68d86e24b01ef1a,true,KERR_MODES,true,false,"[(2,2,2,0), (2,2,1,0)]"
PAIR00918:VARIANT,PAIR00918,GW231226_101520,VARIANT,28,30,input,NAMED,spheroidal,spheroidal,spheroidal,=,1,5feceb66ffc86f38d952786c6d696c79c2dbc239dd4e91b46729d73a27fb57e9,false,,false,false,
PAIR00918:VARIANT,PAIR00918,GW231226_101520,VARIANT,29,31,input,NAMED,reference-amplitude,reference-amplitude,referenceamplitude,=,5,64a930966aa1b51c0cc3f0747e943493b4dd46e75f7aba72f837f9adfa7d8c3d,false,,false,false,
PAIR00918:VARIANT,PAIR00918,GW231226_101520,VARIANT,30,32,input,NAMED,psd-H1,psd-h1,psdh1,=,0,e3b0c44298fc1c149afbf4c8996fb92427ae41e4649b934ca495991b7852b855,false,,false,false,
PAIR00918:VARIANT,PAIR00918,GW231226_101520,VARIANT,31,33,input,NAMED,psd-L1,psd-l1,psdl1,=,0,e3b0c44298fc1c149afbf4c8996fb92427ae41e4649b934ca495991b7852b855,false,,false,false,
PAIR00918:VARIANT,PAIR00918,GW231226_101520,VARIANT,32,34,input,NAMED,psd-V1,psd-v1,psdv1,=,0,e3b0c44298fc1c149afbf4c8996fb92427ae41e4649b934ca495991b7852b855,false,,false,false,
PAIR00918:VARIANT,PAIR00918,GW231226_101520,VARIANT,33,35,input,NAMED,injection-T,injection-t,injectiont,=,1,5feceb66ffc86f38d952786c6d696c79c2dbc239dd4e91b46729d73a27fb57e9,false,,false,false,
PAIR00918:VARIANT,PAIR00918,GW231226_101520,VARIANT,34,36,input,NAMED,injection-scaling,injection-scaling,injectionscaling,=,3,d0ff5974b6aa52cf562bea5921840c032a860a91a3512f7fe8f768f6bbe005f6,false,,false,false,
PAIR00918:VARIANT,PAIR00918,GW231226_101520,VARIANT,35,37,input,NAMED,gaussian-noise,gaussian-noise,gaussiannoise,=,0,e3b0c44298fc1c149afbf4c8996fb92427ae41e4649b934ca495991b7852b855,false,,false,false,
PAIR00918:VARIANT,PAIR00918,GW231226_101520,VARIANT,36,38,input,NAMED,injection-approximant,injection-approximant,injectionapproximant,=,0,e3b0c44298fc1c149afbf4c8996fb92427ae41e4649b934ca495991b7852b855,false,,false,false,
PAIR00918:VARIANT,PAIR00918,GW231226_101520,VARIANT,37,39,input,NAMED,zero-noise,zero-noise,zeronoise,=,1,5feceb66ffc86f38d952786c6d696c79c2dbc239dd4e91b46729d73a27fb57e9,false,,false,false,
PAIR00918:VARIANT,PAIR00918,GW231226_101520,VARIANT,38,40,input,NAMED,sky-frame,sky-frame,skyframe,=,10,5df6b59dfafca1111fa87f6072971ed8f4719d44cfe95bd6a7490e0e7010579d,false,,false,false,
PAIR00918:VARIANT,PAIR00918,GW231226_101520,VARIANT,39,41,input,NAMED,truncate,truncate,truncate,=,1,6b86b273ff34fce19d6b804eff5a3f5747ada4eaa22f1d49c01e52ddb7875b4b,false,,false,false,
PAIR00918:VARIANT,PAIR00918,GW231226_101520,VARIANT,40,42,input,NAMED,analysis-duration,analysis-duration,analysisduration,=,3,44896b09365746b5f7167ee4d64988a38f7f4628803cbf86224e74eeb7c69e9d,false,,false,false,
PAIR00918:VARIANT,PAIR00918,GW231226_101520,VARIANT,41,43,input,NAMED,run-tag,run-tag,runtag,=,6,36b8f014212bf467561240293cc6cb63f8f85362f0f99bd1dbdfd544797e5a43,false,,false,false,
PAIR00918:VARIANT,PAIR00918,GW231226_101520,VARIANT,42,47,Sampler settings,NAMED,nlive,nlive,nlive,=,4,8b926d75599a618e21f1341318e66517be26e18cc7496783d2b59758c1333be8,false,,false,false,
PAIR00918:VARIANT,PAIR00918,GW231226_101520,VARIANT,43,48,Sampler settings,NAMED,poolsize,poolsize,poolsize,=,3,ad57366865126e55649ecb23ae1d48887544976efea46a48eb5d85a6eeb4d306,false,,false,false,
PAIR00918:VARIANT,PAIR00918,GW231226_101520,VARIANT,44,49,Sampler settings,NAMED,maxmcmc,maxmcmc,maxmcmc,=,4,8b926d75599a618e21f1341318e66517be26e18cc7496783d2b59758c1333be8,false,,false,false,
PAIR00918:VARIANT,PAIR00918,GW231226_101520,VARIANT,45,50,Sampler settings,NAMED,nthreads,nthreads,nthreads,=,1,6b86b273ff34fce19d6b804eff5a3f5747ada4eaa22f1d49c01e52ddb7875b4b,false,,false,false,
PAIR00918:VARIANT,PAIR00918,GW231226_101520,VARIANT,46,51,Sampler settings,NAMED,verbose,verbose,verbose,=,1,d4735e3a265e16eee03f59718b9b5d03019c07d8b6c51f90da3a666eec13ab35,false,,false,false,
PAIR00918:VARIANT,PAIR00918,GW231226_101520,VARIANT,47,52,Sampler settings,NAMED,seed,seed,seed,=,4,7b346904f63cc07f1d8cc2d88d7dae08a3f088a0e4159d5214c27a6571a51eb4,false,,false,false,
PAIR00918:VARIANT,PAIR00918,GW231226_101520,VARIANT,48,56,Priors,NAMED,gr-time-prior,gr-time-prior,grtimeprior,=,1,6b86b273ff34fce19d6b804eff5a3f5747ada4eaa22f1d49c01e52ddb7875b4b,false,,false,false,
PAIR00918:VARIANT,PAIR00918,GW231226_101520,VARIANT,49,57,Priors,NAMED,mf-time-prior,mf-time-prior,mftimeprior,=,17,bc101a1821a096c0cbb06a0d21bd6e74f2e869fb88ac7a2c26526d7980334191,false,,false,false,
PAIR00918:VARIANT,PAIR00918,GW231226_101520,VARIANT,50,58,Priors,NAMED,t-min,t-min,tmin,=,2,4a44dc15364204a80fe80e9039455cc1608281820fe2b24f1e5233ade6af1dd5,false,,false,false,
PAIR00918:VARIANT,PAIR00918,GW231226_101520,VARIANT,51,59,Priors,NAMED,t-max,t-max,tmax,=,2,39fa9ec190eee7b6f4dff1100d6343e10918d044c75eac8f9e9a2596173f80c9,false,,false,false,
PAIR00918:VARIANT,PAIR00918,GW231226_101520,VARIANT,52,60,Priors,NAMED,fix-t,fix-t,fixt,=,8,560b2a5128e2ab8f3477868df818f47f7f8a71a29f2251c061bfd362584f4bbe,false,,false,false,
PAIR00918:VARIANT,PAIR00918,GW231226_101520,VARIANT,53,61,Priors,NAMED,fix-ra,fix-ra,fixra,=,18,e0d0c0bdad1ce0205e40f52ab746b2510c3eb5aab02d4c42bfcebef0b2db31d8,false,,false,false,
PAIR00918:VARIANT,PAIR00918,GW231226_101520,VARIANT,54,62,Priors,NAMED,fix-dec,fix-dec,fixdec,=,18,d806d4de80ae78c942cc562f2a0cade7eed189c48c3a3fa16bf8e58fa8089caf,false,,false,false,
PAIR00918:VARIANT,PAIR00918,GW231226_101520,VARIANT,55,63,Priors,NAMED,fix-phi,fix-phi,fixphi,=,3,8aed642bf5118b9d3c859bd4be35ecac75b6e873cce34e7b6f554b06f75550d7,false,,false,false,
